ward_number,tender_id,tender_number,title,dept_code,location,work_category,status,ecv_estimated_value,winner_name,winning_bid_value,published_date
1,215781,BBMP/2025-26/OW/WORK_INDENT8752,Improvements of roads and drains at Down Bazaar from Rama Bhajana Mandhira road to Kogilu Circle in ward No 01 of Yelahanka Sub Division.,BBMP,BBMP Yelahanka Division,Other Works,Awarded,,PRASANNA M,258322.00,15-08-2025 20:03:40
1,215777,BBMP/2025-26/OW/WORK_INDENT8751,Improvements of roads and drains at BB road from Kempegowda statue to Kogilu Circle in ward No 01 of Yelahanka Sub Division,BBMP,BBMP Yelahanka Division,Other Works,Awarded,,VASUDEVA SINGH N,745062.18,15-08-2025 18:45:43
1,211669,BBMP/2025-26/OW/WORK_INDENT7659/CALL-2,Resurfacing of 1st main 24th cross and MB bakery road Maruthinagara in kempegowda ward no 01 of yelahanka Sub division,BBMP,BBMP Yelahanka Division,Other Works,Awarded,,,,31-07-2025 15:52:16
1,199332,BBMP/2025-26/OW/WORK_INDENT7684,"Improvements to roads and drains at Main and cross roads of Papanna Layout, Munithimmaiayya layout, Kurlappa Layout and Bhadrappa Layout in Kempegowda Ward No 01",BBMP,BBMP Yelahanka Division,Other Works,Awarded,,GOUDAPPAGOUDA MALIPATIL( AMARAVATHI INFRASTRUCTURE ),3372725.60,20-06-2025 15:26:42
1,199009,BBMP/2025-26/OW/WORK_INDENT7662,Improvements roads and drains at Harohalli in kempegowda ward no 01 of yelahanka Sub division.,BBMP,BBMP Yelahanka Division,Other Works,Awarded,,Nithin C,543508.50,20-06-2025 12:06:03
1,199062,BBMP/2025-26/OW/WORK_INDENT7660,Resurfacing of Gandhinagara 1st main and cross roads and Nehru nagara in kempegowda ward no 01 of yelahanka Sub division,BBMP,BBMP Yelahanka Division,Other Works,Awarded,,Satish Basavaraj Morabad,1645462.02,20-06-2025 11:48:27
1,198962,BBMP/2025-26/OW/WORK_INDENT7664,Improvements roads and drains at Papanna layout and 4th main 1st cross road of maruthinagara in kempegowda ward no 01 of yelahanka Sub division.,BBMP,BBMP Yelahanka Division,Other Works,Awarded,,HARSHAKUMAR B M,599999.82,20-06-2025 11:23:34
1,169771,BBMP/2024-25/OW/WORK_INDENT6872,Resurfacing of roads at Surabhi layout 2nd cross roads in Kempegowda ward no -01,BBMP,BBMP Yelahanka Division,Other Works,Awarded,,G BHASKAR REDDY( GBR INFRASTRUCTURE ),14818511.41,14-03-2025 17:24:17
1,169767,BBMP/2024-25/OW/WORK_INDENT6871,"Resurfacing of roads at Maruthingara 2nd main, 10th , 11th and 12th cross roads and Alpha school road in Kempegowda ward no -01",BBMP,BBMP Yelahanka Division,Other Works,Awarded,,,,14-03-2025 17:23:23
1,169763,BBMP/2024-25/OW/WORK_INDENT6870,"Resurfacing of roads at Munithimmaiah layout, Kondappa gardens main and cross roads in Kempegowda ward no -01",BBMP,BBMP Yelahanka Division,Other Works,Awarded,,SANTHOSH S (1),290000.00,14-03-2025 17:22:41
1,169760,BBMP/2024-25/OW/WORK_INDENT6869,Resurfacing of roads at Dharmaraya temple road and Nagareshwara temple road in Kempegowda ward no -01,BBMP,BBMP Yelahanka Division,Other Works,Awarded,,KONA VENKATA PRASAD REDDY,19109059.94,14-03-2025 17:21:54
1,169742,BBMP/2024-25/OW/WORK_INDENT6868,"Resurfacing of roads at Maruthinagara 3rd main 6th, 7th and 8th cross roads in Kempegowda ward no -01",BBMP,BBMP Yelahanka Division,Other Works,Awarded,,,,14-03-2025 17:21:06
1,129441,BBMP/2024-25/OW/WORK_INDENT4545,Improvements to roads and drains at AD colony and AK colony SC/ST areas in ward no 01 & 02.,BBMP,BBMP Yelahanka Division,Other Works,Awarded,,,,23-10-2024 12:17:01
1,129439,BBMP/2024-25/OW/WORK_INDENT4543,Development to roads and drains in Venkatala SC/ST colony in Kempegowda Ward no 01,BBMP,BBMP Yelahanka Division,Other Works,Awarded,,SHIVARAJ MANTUR (1)( CLASSIC ELECTRICALS ),12589037.63,23-10-2024 12:14:55
1,129436,BBMP/2024-25/OW/WORK_INDENT4541,Improvements to roads and drains at Harohalli SC/ST colony in Kempegowda Ward No 01,BBMP,BBMP Yelahanka Division,Other Works,Awarded,,G ANANTHARAMAIAH,693364.41,23-10-2024 12:12:47
1,129433,BBMP/2024-25/OW/WORK_INDENT4540,Improvements to roads and drains at Kenchenahalli SC/ST colony in Kempegowda Ward No 01,BBMP,BBMP Yelahanka Division,Other Works,Awarded,,WAHEED B R,2147233.94,23-10-2024 12:11:47
1,129428,BBMP/2024-25/OW/WORK_INDENT4539,Improvements to roads and drains at Nagenahalli SC/ST colony in Kempegowda Ward No 01,BBMP,BBMP Yelahanka Division,Other Works,Awarded,,KOLA VENKATA KRISHNA REDDY( RAMKRISHY INFRASTRUCTURE PRIVATE LIMITED ),50475987.16,23-10-2024 12:10:40
1,126065,BBMP/2024-25/OW/WORK_INDENT4164,Resurfacing of Hosabedhi Roads at Yelahanka old town in Kempegowda Ward No-01,BBMP,BBMP Yelahanka Division,Other Works,Awarded,,RAKESH AJJAPPA ONIKERI,790236.70,08-10-2024 16:41:39
1,126040,BBMP/2024-25/OW/WORK_INDENT4162,Resurfacing of balance roads at Maruthinagara main and cross roads in Kempegowda Ward No-01,BBMP,BBMP Yelahanka Division,Other Works,Awarded,,,,08-10-2024 16:38:09
2,211676,BBMP/2025-26/OW/WORK_INDENT7669/CALL-2,Improvements roads and drains at Kamakshamma and kondappa layout in ward no-02 of yelahanka Sub division,BBMP,BBMP Yelahanka Division,Other Works,Awarded,,AMARAVARAM CHANNA REDDY( ACR PROJECTS ),707503154.85,31-07-2025 15:57:40
2,211671,BBMP/2025-26/OW/WORK_INDENT7666/CALL-2,Resurfacing of roads at Shirkky apartment and yelahanka new town 5th phase in Chowdeshwari ward no-02 of yelahanka Sub division,BBMP,BBMP Yelahanka Division,Other Works,Awarded,,ARAVIND K P( SAIGIRI CONSTRCTIONS ),3854761.47,31-07-2025 15:54:30
2,200057,BBMP/2025-26/OW/WORK_INDENT7689,Improvements to roads and drains at Puttenahalli SC/ST Colony and Improvement to SC/ST Burial Grounds in Chowdeshwari Ward No 02,BBMP,BBMP Yelahanka Division,Other Works,Awarded,,G G RAJAPPA( G G RAJAPPA ),6276003.96,23-06-2025 14:08:57
2,199689,BBMP/2025-26/OW/WORK_INDENT7685,"Improvements to roads and drains at Main Kondappa layout from Vijaya Jyothi School to 27th to 30th main and cross roads, 1st to 12th main road of Kamakshamma Layout and Chowdeshwari Ward No 02",BBMP,BBMP Yelahanka Division,Other Works,Awarded,,,,21-06-2025 15:52:58
2,199070,BBMP/2025-26/OW/WORK_INDENT7665,Resurfacing of roads at SFS 208 & 407 in Yelahanka new town 4th phase in Chowdeshwari ward no 02 of yelahanka Sub division,BBMP,BBMP Yelahanka Division,Other Works,Awarded,,,,20-06-2025 11:50:37
2,198973,BBMP/2025-26/OW/WORK_INDENT7670,Improvements roads and drains at Neha prakash hospital surrounding areas in chowdeshwari ward no-02 of yelahanka Sub division,BBMP,BBMP Yelahanka Division,Other Works,Awarded,,ABDUL AZEEZ,118738.10,20-06-2025 11:27:39
2,169779,BBMP/2024-25/OW/WORK_INDENT6873,Resurfacing of roads at Manavarthi thota main and cross roads in chowdeshwari ward no -02,BBMP,BBMP Yelahanka Division,Other Works,Awarded,,,,14-03-2025 17:25:03
2,143058,BBMP/2024-25/OW/WORK_INDENT5911,Resurfacing of main and cross roads at 4th phase shirke apartment in ward no 02 of Yelahanka sub division,BBMP,BBMP Yelahanka Division,Other Works,Awarded,,N RANGASWAMY,1076925.39,16-12-2024 15:45:14
3,199390,BBMP/2025-26/OW/WORK_INDENT7686,"Improvements to roads and drains at Attur Layout and Escort Engineering Layout and Escort Layout, BHEL layout Hariraja Layout, Ayyappa Layout in Attur Ward No 03",BBMP,BBMP Yelahanka Division,Other Works,Awarded,,,,20-06-2025 17:14:31
3,199150,BBMP/2025-26/OW/WORK_INDENT7672,Resurfacing of roads at Adithya Nagara Phase-I in Attur Ward No -03 of Yelahanka New Town Sub Division,BBMP,BBMP Yelahanka Division,Other Works,Awarded,,,,20-06-2025 12:08:53
3,199136,BBMP/2025-26/OW/WORK_INDENT7673,Resurfacing of roads at Sainagara phase -1 and phase-II in Attur Ward No -03 of Yelahanka New Town Sub Division,BBMP,BBMP Yelahanka Division,Other Works,Awarded,,GAIBUSAB NOORKHAN MULTANI,3311507.58,20-06-2025 11:57:22
3,199131,BBMP/2025-26/OW/WORK_INDENT7671,Resurfacing of roads at Balaji layout and Andra layout Attur Ward No -03 of Yelahanka New Town Sub Division,BBMP,BBMP Yelahanka Division,Other Works,Awarded,,SRIDHARA N (1)( SRIRA CONSTRUCTION COMPANY ),1023331.20,20-06-2025 11:56:13
3,198990,BBMP/2025-26/OW/WORK_INDENT7675,Improvements to roads at Bharath nagara near MS palya in Attur ward no-03,BBMP,BBMP Yelahanka Division,Other Works,Awarded,,,,20-06-2025 11:30:28
3,169793,BBMP/2024-25/OW/WORK_INDENT6875,Resurfacing of roads at Lakshman reddy layout in Attur ward no -03.,BBMP,BBMP Yelahanka Division,Other Works,Awarded,,,,14-03-2025 17:26:30
3,169786,BBMP/2024-25/OW/WORK_INDENT6874,Constructions to drains at Hariraja layout and Kaveri layout in Attur ward no -03.,BBMP,BBMP Yelahanka Division,Other Works,Awarded,,RAVICHANDRA P,4363443.05,14-03-2025 17:25:43
3,143077,BBMP/2024-25/OW/WORK_INDENT5912,"Resurfacing of roads and improvements to drains at Attur, Attur layout and Doddabettahalli surrounding areas in ward no-03 of Yelahanka new town sub divison",BBMP,BBMP Yelahanka Division,Other Works,Awarded,,SHAIK BABAJAN,296566.93,16-12-2024 15:46:43
3,129440,BBMP/2024-25/OW/WORK_INDENT4544,Improvements to roads and drains at Ananthapura SC/ST colony in Ward no 03,BBMP,BBMP Yelahanka Division,Other Works,Awarded,,,,23-10-2024 12:15:52
3,126132,BBMP/2024-25/OW/WORK_INDENT4170,Improvements to Roads And Drains in Sambram College And Surrounding Areas in Attur Ward No-03,BBMP,BBMP Yelahanka Division,Other Works,Awarded,,NAVEEN BIJAPUR( GEETA ELECTRICALS ),252970.00,08-10-2024 16:53:23
3,126119,BBMP/2024-25/OW/WORK_INDENT4169,Improvements to Roads and Drains in Ananthapura village and Surrounding Areas in Attur Ward No-03,BBMP,BBMP Yelahanka Division,Other Works,Awarded,,ANILKUMAR( MATHASHREE RAITH SHAKTI GUMPU ),1651927.26,08-10-2024 16:49:15
4,215692,BBMP/2025-26/OW/WORK_INDENT8754,Improvements of roads and drains at Basaveshwara Park Surrounding area main and cross roads A Sector in ward No 04 Yelahanka New Town Sub Division.,BBMP,BBMP Yelahanka Division,Other Works,Awarded,,,,15-08-2025 13:31:39
4,215470,BBMP/2025-26/OW/WORK_INDENT8753,Improvements of roads and drains at Vishweshwaraiah Park Surrounding area main and cross roads in B Sector ward No 04 Yelahanka New Town Sub Division.,BBMP,BBMP Yelahanka Division,Other Works,Awarded,,MADHAVA C H,272608.35,15-08-2025 13:30:45
4,200239,BBMP/2025-26/OW/WORK_INDENT7690,"Improvements to roads and drains at Ambedkar Nagara, Kanakanagara, LBS nagara and Allalasandra SC/ST areas in Yelahanka New Town Ward No 04",BBMP,BBMP Yelahanka Division,Other Works,Awarded,,,,23-06-2025 14:09:45
4,199808,BBMP/2025-26/OW/WORK_INDENT7687,Improvements to roads and drains at Chikkabommasandra sanitory core main and cross roads in Yelahanka New Town Ward No 04,BBMP,BBMP Yelahanka Division,Other Works,Awarded,,K J RAJU,257334.29,21-06-2025 15:53:55
4,199151,BBMP/2025-26/OW/WORK_INDENT7678,Construction of connecting drain from Mathru Layout to Sharada Nagara Arch in ward no 04 of Yelahanka New Town Sub Division,BBMP,BBMP Yelahanka Division,Other Works,Awarded,,MOHAMMED JABIR,312675.00,20-06-2025 12:07:45
4,199146,BBMP/2025-26/OW/WORK_INDENT7677,Resurfacing of roads Chikkabommasandra in Ward No 04 of Yelahanka New Town Sub Division,BBMP,BBMP Yelahanka Division,Other Works,Awarded,,Abdulazeez Mehaboobsab Mali,267168.00,20-06-2025 11:59:07
4,199143,BBMP/2025-26/OW/WORK_INDENT7676,Resurfacing of roads Someshwara Nagara in Ward no 04 of Yelahanka New Town Sub Division,BBMP,BBMP Yelahanka Division,Other Works,Awarded,,,,20-06-2025 11:58:10
4,169798,BBMP/2024-25/OW/WORK_INDENT6876,Improvement to roads and drains at Nanjundappa badavane in Yelahanka upanagara ward no -04.,BBMP,BBMP Yelahanka Division,Other Works,Awarded,,GANESH KULAL,16329170.84,14-03-2025 17:27:13
4,143093,BBMP/2024-25/OW/WORK_INDENT5913,Resurfacing of roads in A sector B Sector and Judicial layout and surrounding areas in ward no 04 of Yelahanka new town sub division,BBMP,BBMP Yelahanka Division,Other Works,Awarded,,PRAKASH BASAVANT HULYAGOL,4361038.49,16-12-2024 15:53:23
5,199124,BBMP/2025-26/OW/WORK_INDENT7702,Improvements to Roads and Drains at Kogilu Layout Surrounding area in ward No. 5 Kogilu,BBMP,BBMP Byatarayanapura Yelahanka,Other Works,Awarded,8330688.95,AKSHAYKUMAR R KORAVI,256376.63,20-06-2025 11:46:42
5,199119,BBMP/2025-26/OW/WORK_INDENT7701,"Improvements to Roads and Drains at Chokkanahalli, Thirumenahalli Surrounding area in ward No. 5 Kogilu",BBMP,BBMP Byatarayanapura Yelahanka,Other Works,Awarded,6247009.95,KRISHNA KUMARA,91000.00,20-06-2025 11:45:12
5,199105,BBMP/2025-26/OW/WORK_INDENT7699,Improvements to Roads and Drains at Kattigenahalli Surrounding area in ward No. 5 Kogilu,BBMP,BBMP Byatarayanapura Yelahanka,Other Works,Awarded,6248463.76,RAHUL DEEPAK KHUDE,1530678.63,20-06-2025 11:43:10
5,191288,BBMP/2025-26/OW/WORK_INDENT7289,"Improvements to Roads and Drain at Kattigenahalli, Palanahalli, Dwarakangara, Surrounding in Ward No. 05, Jakkur and GKVK Layout Surrounding in Ward No. 06, Royal Enclave and Chamumdeshwari Layout Surrounding in Ward No. 07 in Byatarayanapura Sub Division",BBMP,BBMP Byatarayanapura Yelahanka,Other Works,Awarded,,,,20-05-2025 11:58:53
5,191278,BBMP/2025-26/OW/WORK_INDENT7288,"Improvements to Roads and Drain at Bellahalli and Kogilu Layout Surrounding in Ward No. 05, Saraipalya, Vidyasagara Layout and Surrounding in Ward No. 07, Mariyannapalya Chinnappa Layout and Surrounding in Ward No. 09, and Construction of Samudhaya Bhavana Building at Narasipura Layout and Other Development Works in Ward no 13 in Byatarayanapura Assembly constituency.",BBMP,BBMP Byatarayanapura Yelahanka,Other Works,Awarded,,,,20-05-2025 11:58:07
5,191272,BBMP/2025-26/OW/WORK_INDENT7285,Construction of Compund wall and other improvement works at Kogilu SC/ST Burial Ground in ward No. 05 Construction of Balance Compund wall and other improvement works at Rachenahalli SC/ST Burial Ground and Improvements to Roads and Drain at Thanisandra Colony Saraipalya Colony and Rachenahalli Colony Mestripalya Surrounding in ward No. 07 & Additional Works to Samudaya Bhavanva at Jakkur LayoutinwardNo08&ImprovementstoRoads&DrainatMaruthinagaraMaruthiLayoutNTILayoutandsurroundingareasinWardNo11,BBMP,BBMP Byatarayanapura Yelahanka,Other Works,Awarded,,PANEMANGALORE SORNADU ABDULLATHEEF,352915.60,20-05-2025 11:56:45
5,191269,BBMP/2025-26/OW/WORK_INDENT7283,"Improvements to Roads and Drain at Kogilu, Kogilu Layout, Agrahara, Kattigenahalli, Palanahalli, Chokkanahalli, Surrounding in Ward No. 05, Kogilu and Basavalingappanagara, Jakkur Colony, Sampigehalli Colony, Agrahara Colony Surrounding and Construction of Dr. B R Ambedkar Samudaya Bhavana in Jakkuru in ward No. 06 Jakkuru Byatarayanapura Sub Division",BBMP,BBMP Byatarayanapura Yelahanka,Other Works,Awarded,,G.SWAMY,2914822.08,20-05-2025 11:55:52
5,163562,BBMP/2024-25/OW/WORK_INDENT6633,"Drilling of Borewells, Providing pump & motor and laying pipeline and other necessary works in ward no. 05 (Kogilu) and 06 (Jakkur) surrounding area in Byatarayanapura Sub Division.",BBMP,BBMP Byatarayanapura Yelahanka,Other Works,Awarded,,,,28-02-2025 15:14:42
5,148820,BBMP/2024-25/EL/WORK_INDENT6141,Providing AB Cable to the main roads and Improvement of electrical installtions in Ward No 05 Parks and Lakes.,BBMP,BBMP Electrical Yelahanka,Electrical,Awarded,,CHANNAMALLAPPA TURAMARI,2683561.47,08-01-2025 11:08:33
5,146109,BBMP/2024-25/OW/WORK_INDENT6077,Removal of silt & Other maintenance of roads and drains in new ward no. 05 Kogilu,BBMP,BBMP Byatarayanapura Yelahanka,Other Works,Awarded,,MANJUNATH ARUN HANNIKERI,9366427.61,26-12-2024 12:40:42
5,139409,BBMP/2024-25/OW/WORK_INDENT5761,"Improvements to Roads and Drain at Thirumenahalli and Chokkanahalli Surrounding in Ward No. 05, Kogilu Byatarayanapura Sub Division",BBMP,BBMP Byatarayanapura Yelahanka,Other Works,Awarded,,,,30-11-2024 16:01:33
5,139041,BBMP/2024-25/OW/WORK_INDENT5675,Repair and maintenance of footpath in new ward no. 05 Kogilu,BBMP,BBMP Byatarayanapura Yelahanka,Other Works,Awarded,2064357.48,Shaik Fareed,1036092.00,30-11-2024 15:13:14
5,134176,BBMP/2024-25/OW/WORK_INDENT5257,"IMPROVEMENTS TO ROADS AND DRAINS AT KOGILU, PALANAHALLI, KATTIGENAHALLI, CHOKKANAHALLI COLONY IN WARD NO. 05(KOGILU)",BBMP,BBMP Byatarayanapura Yelahanka,Other Works,Awarded,,,,12-11-2024 17:04:39
5,78367,BBMP/2023-24/OW/WORK_INDENT2947,"Improvements to Roads and drains at Ramanjaneya Layout, Kattigenahalli, WINN FIELD GARDEN, Suryodaya Layout, RK Hegadenagara, Amarajyothi Layout, MS Ramaiah North City and Surrounding area in ward No. 05, 06 and 07",BBMP,BBMP Byatarayanapura Yelahanka,Other Works,Awarded,,SHIVARAJ SANNAKKI,520692.90,05-03-2024 13:42:14
6,199141,BBMP/2025-26/OW/WORK_INDENT7706,Improvements to Roads and dains at RK Hegadenagara and Surrounding area in ward No. 06 Jakkur,BBMP,BBMP Byatarayanapura Yelahanka,Other Works,Awarded,8330827.0,DEVU JANU PATIL,275745.05,20-06-2025 11:50:25
6,199135,BBMP/2025-26/OW/WORK_INDENT7705,Improvements to Roads and dains at Noornagara and Basavalingappanagara and Surrounding area in ward No. 06 Jakkur,BBMP,BBMP Byatarayanapura Yelahanka,Other Works,Awarded,6246974.33,SAMYUKTHA V( VINYASA CONSTRUCTIONS ),2031843.06,20-06-2025 11:49:19
6,199132,BBMP/2025-26/OW/WORK_INDENT7704,Improvements to Roads and Drains at Jakkur Surrounding area in ward No. 6 Jakkur,BBMP,BBMP Byatarayanapura Yelahanka,Other Works,Awarded,6249171.33,M VENKATESH,1717196.82,20-06-2025 11:48:09
6,191750,BBMP/2025-26/OW/WORK_INDENT7304,Improvements of roads and drains from Jakkur ROB to GKVK layout connecting railway parallel road in Jakkur in ward no. 06 Byatarayanapura sub division,BBMP,BBMP Byatarayanapura Yelahanka,Other Works,Awarded,,,,20-05-2025 16:08:05
6,191288,BBMP/2025-26/OW/WORK_INDENT7289,"Improvements to Roads and Drain at Kattigenahalli, Palanahalli, Dwarakangara, Surrounding in Ward No. 05, Jakkur and GKVK Layout Surrounding in Ward No. 06, Royal Enclave and Chamumdeshwari Layout Surrounding in Ward No. 07 in Byatarayanapura Sub Division",BBMP,BBMP Byatarayanapura Yelahanka,Other Works,Awarded,,,,20-05-2025 11:58:53
6,191269,BBMP/2025-26/OW/WORK_INDENT7283,"Improvements to Roads and Drain at Kogilu, Kogilu Layout, Agrahara, Kattigenahalli, Palanahalli, Chokkanahalli, Surrounding in Ward No. 05, Kogilu and Basavalingappanagara, Jakkur Colony, Sampigehalli Colony, Agrahara Colony Surrounding and Construction of Dr. B R Ambedkar Samudaya Bhavana in Jakkuru in ward No. 06 Jakkuru Byatarayanapura Sub Division",BBMP,BBMP Byatarayanapura Yelahanka,Other Works,Awarded,,G.SWAMY,2914822.08,20-05-2025 11:55:52
6,146122,BBMP/2024-25/OW/WORK_INDENT6079,Removal of silt & Other maintenance of roads and drains in new ward no. 06 Jakkuru,BBMP,BBMP Byatarayanapura Yelahanka,Other Works,Awarded,,,,26-12-2024 12:39:27
6,139487,BBMP/2024-25/OW/WORK_INDENT5765,"Improvements to Roads and Drain at Hegadenagara and Shabarinagara Surrounding area in Ward No. 06,Jakkur Byatarayanapura Sub Division",BBMP,BBMP Byatarayanapura Yelahanka,Other Works,Awarded,5368960.83,NABISAB H TALEWAD,12117095.00,30-11-2024 16:07:34
6,139429,BBMP/2024-25/OW/WORK_INDENT5763,"Improvements to Roads and Drain at Jakkur Surrounding area in Ward No. 06,Jakkur Byatarayanapura Sub Division",BBMP,BBMP Byatarayanapura Yelahanka,Other Works,Awarded,,CHANDREGOWDA V T,1244428.88,30-11-2024 16:04:29
6,139150,BBMP/2024-25/OW/WORK_INDENT5729,Repair and maintenance of footpath in new ward no. 06 Jakkuru,BBMP,BBMP Byatarayanapura Yelahanka,Other Works,Awarded,2064357.48,"PRASAD N( SRI GANESH AGENCIES , SHRI GANESH ENTERPRISES )",375412.96,30-11-2024 15:18:50
7,199147,BBMP/2025-26/OW/WORK_INDENT7707,Improvements to Roads and Drains at Ayyappa Layout in ward No. 07 Thanisandra,BBMP,BBMP Byatarayanapura Yelahanka,Other Works,Awarded,6248250.6,PUTTARAJU A,8303680.54,20-06-2025 12:22:00
7,199158,BBMP/2025-26/OW/WORK_INDENT7708,Improvements to Roads and Drains at Bharathnagra and Surrounding area in ward No. 07 Thanisandra,BBMP,BBMP Byatarayanapura Yelahanka,Other Works,Awarded,6246178.65,HOSAKOTE NAGARAJ MADHURAJ,5632224.88,20-06-2025 12:20:39
7,199159,BBMP/2025-26/OW/WORK_INDENT7709,"Improvements to Drains at Anjanadri Layout and Amarajyothi Layout Roads in ward No. 07, Thanisandra",BBMP,BBMP Byatarayanapura Yelahanka,Other Works,Awarded,8332548.99,VENKATE GOWDA G,6304422.35,20-06-2025 12:18:58
7,191288,BBMP/2025-26/OW/WORK_INDENT7289,"Improvements to Roads and Drain at Kattigenahalli, Palanahalli, Dwarakangara, Surrounding in Ward No. 05, Jakkur and GKVK Layout Surrounding in Ward No. 06, Royal Enclave and Chamumdeshwari Layout Surrounding in Ward No. 07 in Byatarayanapura Sub Division",BBMP,BBMP Byatarayanapura Yelahanka,Other Works,Awarded,,,,20-05-2025 11:58:53
7,191278,BBMP/2025-26/OW/WORK_INDENT7288,"Improvements to Roads and Drain at Bellahalli and Kogilu Layout Surrounding in Ward No. 05, Saraipalya, Vidyasagara Layout and Surrounding in Ward No. 07, Mariyannapalya Chinnappa Layout and Surrounding in Ward No. 09, and Construction of Samudhaya Bhavana Building at Narasipura Layout and Other Development Works in Ward no 13 in Byatarayanapura Assembly constituency.",BBMP,BBMP Byatarayanapura Yelahanka,Other Works,Awarded,,,,20-05-2025 11:58:07
7,191272,BBMP/2025-26/OW/WORK_INDENT7285,Construction of Compund wall and other improvement works at Kogilu SC/ST Burial Ground in ward No. 05 Construction of Balance Compund wall and other improvement works at Rachenahalli SC/ST Burial Ground and Improvements to Roads and Drain at Thanisandra Colony Saraipalya Colony and Rachenahalli Colony Mestripalya Surrounding in ward No. 07 & Additional Works to Samudaya Bhavanva at Jakkur LayoutinwardNo08&ImprovementstoRoads&DrainatMaruthinagaraMaruthiLayoutNTILayoutandsurroundingareasinWardNo11,BBMP,BBMP Byatarayanapura Yelahanka,Other Works,Awarded,,PANEMANGALORE SORNADU ABDULLATHEEF,352915.60,20-05-2025 11:56:45
7,139495,BBMP/2024-25/OW/WORK_INDENT5768,"Improvements to Roads and Drain at Bharathnagra, Amarajyothi Layout and Surrounding area in Ward No. 07, Byatarayanapura Sub Division",BBMP,BBMP Byatarayanapura Yelahanka,Other Works,Awarded,,Shantappa Ningappa Mestak,438373.93,30-11-2024 16:11:02
7,139489,BBMP/2024-25/OW/WORK_INDENT5766,"Improvements to Roads and Drain at Thanisandra Surrounding area in Ward No. 07, Byatarayanapura Sub Division",BBMP,BBMP Byatarayanapura Yelahanka,Other Works,Awarded,,DEEKSHITH K M,722627.00,30-11-2024 16:08:57
7,139258,BBMP/2024-25/OW/WORK_INDENT5732,Repair and maintenance of footpath in new ward no. 07 Thanisandra,BBMP,BBMP Byatarayanapura Yelahanka,Other Works,Awarded,2064357.48,ARUN SEN( PADMA ELECTRICALS ),500976.38,30-11-2024 15:22:35
7,134183,BBMP/2024-25/OW/WORK_INDENT5261,"IMPROVEMENTS TO ROADS AND DRAINS AT SARAIPALYA COLONY, THANISANDRA COLONY AND RACHENAHALLI COLONY IN WARD NO. 07, THANISANDRA",BBMP,BBMP Byatarayanapura Yelahanka,Other Works,Awarded,,,,12-11-2024 17:08:53
8,199162,BBMP/2025-26/OW/WORK_INDENT7710,"Improvements to roads and dains at Maruti layout 1st B, 2nd B and 3rd B cross roads in ward no 08 Amruthahalli, Kodigehalli sub division",BBMP,BBMP Byatarayanapura Yelahanka,Other Works,Awarded,4163104.62,,,20-06-2025 12:17:49
8,199164,BBMP/2025-26/OW/WORK_INDENT7713,Improvements to Roads and Drains at Maruthi Layout 13th Cross and Other roads in ward No. 08 Amruthahalli,BBMP,BBMP Byatarayanapura Yelahanka,Other Works,Awarded,8328231.73,MAHESH C( K R CONSTRUCTIONS.. ),6994032.88,20-06-2025 12:17:11
8,199168,BBMP/2025-26/OW/WORK_INDENT7715,Improvements to Roads and Drains at Chikka muniyappa Layout and L&T Layout in ward No. 08 Amruthahalli,BBMP,BBMP Byatarayanapura Yelahanka,Other Works,Awarded,8332636.67,DEEPAK KUMAR,279183.70,20-06-2025 12:16:24
8,198957,BBMP/2025-26/OW/WORK_INDENT7692,"Maintenance of Yelahanka zonal office Building at Amruthahalli Main Road in ward No. 08, Amruthahalli",BBMP,BBMP Byatarayanapura Yelahanka,Other Works,Awarded,1610014.4,,,19-06-2025 14:47:30
8,191272,BBMP/2025-26/OW/WORK_INDENT7285,Construction of Compund wall and other improvement works at Kogilu SC/ST Burial Ground in ward No. 05 Construction of Balance Compund wall and other improvement works at Rachenahalli SC/ST Burial Ground and Improvements to Roads and Drain at Thanisandra Colony Saraipalya Colony and Rachenahalli Colony Mestripalya Surrounding in ward No. 07 & Additional Works to Samudaya Bhavanva at Jakkur LayoutinwardNo08&ImprovementstoRoads&DrainatMaruthinagaraMaruthiLayoutNTILayoutandsurroundingareasinWardNo11,BBMP,BBMP Byatarayanapura Yelahanka,Other Works,Awarded,,PANEMANGALORE SORNADU ABDULLATHEEF,352915.60,20-05-2025 11:56:45
8,146136,BBMP/2024-25/OW/WORK_INDENT6082,Removal of silt & Other maintenance of roads and drains in new ward no. 08 Amruthahalli,BBMP,BBMP Byatarayanapura Yelahanka,Other Works,Awarded,,A Y PATIL( ANAD ELECTRICALS. ),1856910.00,26-12-2024 12:36:54
8,139275,BBMP/2024-25/OW/WORK_INDENT5735,Repair and maintenance of footpath in new ward no. 08 Amruthahalli,BBMP,BBMP Byatarayanapura Yelahanka,Other Works,Awarded,2064357.48,,,30-11-2024 15:26:49
8,134187,BBMP/2024-25/OW/WORK_INDENT5263,"IMPROVEMENTS TO ROADA AND DRAINS AT JAKKUR LAYOUT AND OTHER AREA IN WARD NO. 08, AMRUTHAHALLI",BBMP,BBMP Byatarayanapura Yelahanka,Other Works,Awarded,,,,12-11-2024 17:12:17
9,199166,BBMP/2025-26/OW/WORK_INDENT7717,Improvements to Roads and Drains at Dynasty layout and Surrounding area in ward No. 09 (Hebbala Kempapura),BBMP,BBMP Byatarayanapura Yelahanka,Other Works,Awarded,6065256.15,RAMESH Y B,4829115.20,20-06-2025 12:15:46
9,199174,BBMP/2025-26/OW/WORK_INDENT7760,Improvements to Roads and Drains at Mariyannapalya Defence Layout and Surrounding area in ward No. 09 (Hebbala Kempapura),BBMP,BBMP Byatarayanapura Yelahanka,Other Works,Awarded,6026767.26,Lakshman P,6417892.73,20-06-2025 12:13:56
9,199177,BBMP/2025-26/OW/WORK_INDENT7761,Improvements to Roads and Drains at Sahakaranagara Defence Layout and Surrounding area in ward No. 09 (Hebbala Kempapura),BBMP,BBMP Byatarayanapura Yelahanka,Other Works,Awarded,8062243.28,MANJUNATHA B( SRI MARUTHI CONSTRUCTION AND CO ),3908573.66,20-06-2025 12:12:55
9,191278,BBMP/2025-26/OW/WORK_INDENT7288,"Improvements to Roads and Drain at Bellahalli and Kogilu Layout Surrounding in Ward No. 05, Saraipalya, Vidyasagara Layout and Surrounding in Ward No. 07, Mariyannapalya Chinnappa Layout and Surrounding in Ward No. 09, and Construction of Samudhaya Bhavana Building at Narasipura Layout and Other Development Works in Ward no 13 in Byatarayanapura Assembly constituency.",BBMP,BBMP Byatarayanapura Yelahanka,Other Works,Awarded,,,,20-05-2025 11:58:07
9,170902,BBMP/2024-25/OW/WORK_INDENT6862,"IMPROVEMENTS OF ROADS AND DRAINS AT VAYUNANDHANA LAYOUT AND CHOURAPPA LAYOUT SURROUNDING AREA IN WARD NO 09, HEBBAL KEMPAPURA, KODIGEHALLI SUB DIVISION",BBMP,BBMP Byatarayanapura Yelahanka,Other Works,Awarded,,,,18-03-2025 15:21:59
9,139376,BBMP/2024-25/OW/WORK_INDENT5756,"Improvements to Roads and Drains at Venkataswamappa Layout and Surrounding areas in Ward No. 09, New Ward no 13 (Vidyaranyapura).",BBMP,BBMP Byatarayanapura Yelahanka,Other Works,Awarded,3300940.54,"PRASAD N( SRI GANESH AGENCIES , SHRI GANESH ENTERPRISES )",373617.92,30-11-2024 15:56:12
9,134233,BBMP/2024-25/OW/WORK_INDENT5292,"IMPROVEMENTS OF ROADS, DRAINS AND OTHER ALLIED WORKS AT JANATHA COLONY, YELUMANDAMMA TEMPLE ROAD AND SURROUNDING AREA IN WARD NO. 09 HEBBALA KEMPAPURA",BBMP,BBMP Byatarayanapura Yelahanka,Other Works,Awarded,,MURALIDHAR B C,4150583.43,12-11-2024 17:14:13
9,78415,BBMP/2023-24/OW/WORK_INDENT2948,"Improvements of roads, drains and other allied works at Siddalingeshwara layout, Jai Hanuman layout, Indian Express layout, Sir. M V layout, Canara bank layout, Hebbal Kempapura and surrounding areas in ward no. 09 and 10.",BBMP,BBMP Byatarayanapura Yelahanka,Other Works,Awarded,,,,05-03-2024 13:43:06
10,199181,BBMP/2025-26/OW/WORK_INDENT7777,"Improvement of road drain and other allied works at G D Layout, Telecom Layout, and other sorrounding areas in new ward No.10 Byatarayanapura",BBMP,BBMP Byatarayanapura Yelahanka,Other Works,Awarded,4128633.16,MUNIHUCHAPPA PRAKASH,6240695.49,20-06-2025 12:12:01
10,199186,BBMP/2025-26/OW/WORK_INDENT7778,Improvement of road drain and other allied works at G D Layout Sahakarnagara and other sorrounding areas in new ward No.10 Byatarayanapura,BBMP,BBMP Byatarayanapura Yelahanka,Other Works,Awarded,8196014.95,,,20-06-2025 12:11:22
10,199185,BBMP/2025-26/OW/WORK_INDENT7779,"Improvement of road drain and other allied works at Budda Jyothi nagara, sir m v layout and other sorrounding areas in new ward No.10 Byatarayanapura",BBMP,BBMP Byatarayanapura Yelahanka,Other Works,Awarded,8196314.71,Nagoor Lokanadha Reddy,3358074.22,20-06-2025 12:10:33
10,170975,BBMP/2024-25/OW/WORK_INDENT6948,Improvements of roads and drains and other allied works in Yashoda Nagara and surrounding areas in New ward no.10 Byatarayanapura Kodigehalli sub division.,BBMP,BBMP Byatarayanapura Yelahanka,Other Works,Awarded,,,,18-03-2025 15:28:24
10,170965,BBMP/2024-25/OW/WORK_INDENT6947,Improvements to road and Drains and other allied works in Yashodanagara Sahakaranagara and surroundings area in ward no.10 Byatarayanapura Kodigehalli sub division.,BBMP,BBMP Byatarayanapura Yelahanka,Other Works,Awarded,,KAMMANNANAVARA THIKKARAJU PARASHURAMA,7395406.99,18-03-2025 15:27:46
10,146155,BBMP/2024-25/OW/WORK_INDENT6085,Removal of silt & Other maintenance of roads and drains in new ward no. 10 Byatarayanapura,BBMP,BBMP Byatarayanapura Yelahanka,Other Works,Awarded,,,,26-12-2024 12:34:15
10,139361,BBMP/2024-25/OW/WORK_INDENT5753,Improvements to roads and Drains at Muniramaiah Colony and Surrounding areas in Ward No.10 New Ward no 12 (Doddabommasandra).,BBMP,BBMP Byatarayanapura Yelahanka,Other Works,Awarded,1647117.09,MALIYAPPA KANAGI( VINAYAKA  ELECTRICAL S ),4230010.20,30-11-2024 15:53:23
10,139306,BBMP/2024-25/OW/WORK_INDENT5744,"Improvements Of Roads,Drains And Other Allied Works At Sahakar Nagara, Cqal Layout And Surrounding Areas In Ward No.10 Byatarayanapura",BBMP,BBMP Byatarayanapura Yelahanka,Other Works,Awarded,2064241.48,,,30-11-2024 15:38:34
10,139297,BBMP/2024-25/OW/WORK_INDENT5741,"Improvements Of Roads,Drains, Culverts And Other Allied Works At Canarabank Layout And Surrounding Areas In Ward No.10 Byatarayanapura",BBMP,BBMP Byatarayanapura Yelahanka,Other Works,Awarded,1653114.7,SUSHANTH SAGAR,2110411.93,30-11-2024 15:33:52
10,139294,BBMP/2024-25/OW/WORK_INDENT5740,"Improvements Of Roads,Drains And Other Allied Works At G, E, F- Block Sahakaranagara And Surrounding Areas In Ward No.10 Byatarayanapura",BBMP,BBMP Byatarayanapura Yelahanka,Other Works,Awarded,1650433.73,,,30-11-2024 15:32:47
10,139291,BBMP/2024-25/OW/WORK_INDENT5739,"Improvements Of Roads,Drains And Other Allied Works At Thindlu And Surrounding Areas In Ward No.10 Byatarayanapura",BBMP,BBMP Byatarayanapura Yelahanka,Other Works,Awarded,1653114.7,G G RAJAPPA( G G RAJAPPA ),2879223.00,30-11-2024 15:31:27
10,139287,BBMP/2024-25/OW/WORK_INDENT5738,"Improvements Of Roads,Drains And Other Allied Works At Ananda Layout And Surrounding Areas In Ward No.10 Byatarayanapura",BBMP,BBMP Byatarayanapura Yelahanka,Other Works,Awarded,1653114.7,,,30-11-2024 15:30:22
10,79548,BBMP/2023-24/OW/WORK_INDENT3033,"Improvements to roads and drains and other allied works at APC Layout, Lake Shore Garden, Canara Bank Layout and surrounding areas in ward No. 10, Byatarayanapura.",BBMP,BBMP Byatarayanapura Yelahanka,Other Works,Awarded,,,,07-03-2024 14:27:56
11,199184,BBMP/2025-26/OW/WORK_INDENT7781,"Improvements to Roads and Drains at Tata nagar, Balaji Layout and Surrounding area in ward No.11, Kodigehalli",BBMP,BBMP Byatarayanapura Yelahanka,Other Works,Awarded,4092828.08,SURYA PRAKASH,124419.10,20-06-2025 12:09:25
11,199183,BBMP/2025-26/OW/WORK_INDENT7783,"Improvements to Roads and Drains at Kodigehalli Village and Surrounding area in ward No.11, Kodigehalli",BBMP,BBMP Byatarayanapura Yelahanka,Other Works,Awarded,8194442.82,,,20-06-2025 12:08:44
11,199182,BBMP/2025-26/OW/WORK_INDENT7784,"Improvements to Roads and Drains at Bhadrappa layout, Maruthinagara and Surrounding area in ward No.11, Kodigehalli",BBMP,BBMP Byatarayanapura Yelahanka,Other Works,Awarded,8194442.82,MAHESH C( K R CONSTRUCTIONS.. ),8578826.75,20-06-2025 12:07:31
11,191275,BBMP/2025-26/OW/WORK_INDENT7287,"Construction of Additional Floor to Newly proposed Samudhaya Bhavana at Raghuram Layout and Other Development Works in ward no. 12 and Construction of New Primary Health Centre in ward no. 14 and Improvements to Roads and Drains at Kuvempunagara, Hosabalunagara, Ashraya Layout, Singapura, Naidu Layout, Maariyamma Block and Surrounding areas in Ward No. 11 New Ward no 14",BBMP,BBMP Byatarayanapura Yelahanka,Other Works,Awarded,,K V JACOB( POPULAR ENGINEERING SERVICES ),18454217.50,20-05-2025 11:57:28
11,191272,BBMP/2025-26/OW/WORK_INDENT7285,Construction of Compund wall and other improvement works at Kogilu SC/ST Burial Ground in ward No. 05 Construction of Balance Compund wall and other improvement works at Rachenahalli SC/ST Burial Ground and Improvements to Roads and Drain at Thanisandra Colony Saraipalya Colony and Rachenahalli Colony Mestripalya Surrounding in ward No. 07 & Additional Works to Samudaya Bhavanva at Jakkur LayoutinwardNo08&ImprovementstoRoads&DrainatMaruthinagaraMaruthiLayoutNTILayoutandsurroundingareasinWardNo11,BBMP,BBMP Byatarayanapura Yelahanka,Other Works,Awarded,,PANEMANGALORE SORNADU ABDULLATHEEF,352915.60,20-05-2025 11:56:45
11,170958,BBMP/2024-25/OW/WORK_INDENT6946,"Improvements of roads and drains C.P layout and Davinagar and surroundings area in ward no.11, Kodigehalli, Kodigehalli sub division.",BBMP,BBMP Byatarayanapura Yelahanka,Other Works,Awarded,,,,18-03-2025 15:27:05
11,170919,BBMP/2024-25/OW/WORK_INDENT6864,Improvements of Roads and drains at Bhadrappa layout and Narayana school road and surrounding area in ward no.11 Kodigehalli sub division,BBMP,BBMP Byatarayanapura Yelahanka,Other Works,Awarded,,KISHORE KUMAR,3840334.38,18-03-2025 15:22:43
11,139393,BBMP/2024-25/OW/WORK_INDENT5758,Improvements to Roads and Drains at Singapura areas in Ward No. 11 New Ward no 14 (Kuvempunagara).,BBMP,BBMP Byatarayanapura Yelahanka,Other Works,Awarded,824763.6,Nagoor Lokanadha Reddy,1695620.32,30-11-2024 15:58:19
11,139382,BBMP/2024-25/OW/WORK_INDENT5757,"Improvements to Roads and Drains at M.S Palya, Ganesh Layout, Teachers Layout and Surrounding areas in Ward No. 11 New Ward no 14 (Kuvempunagara).",BBMP,BBMP Byatarayanapura Yelahanka,Other Works,Awarded,825249.87,VISHWANATH P,1832222.98,30-11-2024 15:57:29
11,139359,BBMP/2024-25/OW/WORK_INDENT5752,Improvements to roads and drains and Devinagar and surrounding areas in ward no. 11 Kodigehalli,BBMP,BBMP Byatarayanapura Yelahanka,Other Works,Awarded,2062221.19,,,30-11-2024 15:52:21
11,139324,BBMP/2024-25/OW/WORK_INDENT5750,"Improvements to roads and drains in Tatanagar, ISRO Layout and surrounding areas in ward no. 11 Kodigehalli.",BBMP,BBMP Byatarayanapura Yelahanka,Other Works,Awarded,1648932.05,RAHUL GOWDA N A( ANURAH ENTERPRISES ),1699049.93,30-11-2024 15:50:37
11,139313,BBMP/2024-25/OW/WORK_INDENT5748,"Improvements to roads and drains in C Block, CQAL Layout and surrounding areas in ward no. 11 Kodigehalli.",BBMP,BBMP Byatarayanapura Yelahanka,Other Works,Awarded,1646885.12,NINGAPPA B KURI,334440.00,30-11-2024 15:49:34
11,134264,BBMP/2024-25/OW/WORK_INDENT5298,"IMPROVEMENTS TO ROADS AND DRAINS AT KUVEMPUNAGARA 1ST STAGE, 2ND STAGE, HOSABALUNAGARA, ASHRAYA LAYOUT , SINGAPURA, NAIDU LAYOUT, MAARIYAMMA BLOCK AND SURROUNDING AREAS IN WARD NO. 11 NEW WARD NO 14 (KUVEMPUNAGARA).",BBMP,BBMP Byatarayanapura Yelahanka,Other Works,Awarded,,NAVEEN KUMAR,819457.50,12-11-2024 17:20:29
11,134366,BBMP/2024-25/OW/WORK_INDENT5310,"IMPROVEMENTS OF ROADS, DRAINS AND OTHER ALLIED WORKS AT A K COLONY, MARUTHI NAGARA AND SURROUNDING AREA IN WARD NO. 11 KODIGEHALLI.",BBMP,BBMP Byatarayanapura Yelahanka,Other Works,Awarded,,,,12-11-2024 17:17:22
11,125352,BBMP/2024-25/OW/WORK_INDENT4075,"Improvements to Roads and Drains at HVV Valley, Vaishnavi Layout, Kalattur Layout, Kuvempunagara, M.S Palya, Srinikethan Layout, Simhadri Layout, Singapura Paradise, Raghavendra Colony and Surrounding areas in Ward No. 11 New Ward no 14 (Kuvempunagara).",BBMP,BBMP Byatarayanapura Yelahanka,Other Works,Awarded,,Naveen( SN VISION ),1316367.51,05-10-2024 18:36:56
11,79554,BBMP/2023-24/OW/WORK_INDENT3034,"Improvements to roads and drains and other allied works at Balaji Layout and surrounding areas in ward No. 11, Kodigehalli.",BBMP,BBMP Byatarayanapura Yelahanka,Other Works,Awarded,,RAFIQ KHAN( R K ELECTRICALS ),2393197.50,07-03-2024 16:04:52
11,79388,BBMP/2023-24/OW/WORK_INDENT2253/CALL-2,"Improvements roads, drains and Culverts in Maruthinagar, Bhadrappa layout & surrounding areas in ward no. 11 Kodigehalli",BBMP,BBMP Byatarayanapura Yelahanka,Other Works,Awarded,,,,07-03-2024 14:29:13
12,198963,BBMP/2025-26/OW/WORK_INDENT7693,"Providing and Installation of Name Board for Main Roads and Cross Roads in ward no. 12, Doddabommasandra",BBMP,BBMP Byatarayanapura Yelahanka,Other Works,Awarded,842886.37,Gulappa Savalagi( ARYAVARTA GROUPS ),794144.80,19-06-2025 15:23:06
12,191275,BBMP/2025-26/OW/WORK_INDENT7287,"Construction of Additional Floor to Newly proposed Samudhaya Bhavana at Raghuram Layout and Other Development Works in ward no. 12 and Construction of New Primary Health Centre in ward no. 14 and Improvements to Roads and Drains at Kuvempunagara, Hosabalunagara, Ashraya Layout, Singapura, Naidu Layout, Maariyamma Block and Surrounding areas in Ward No. 11 New Ward no 14",BBMP,BBMP Byatarayanapura Yelahanka,Other Works,Awarded,,K V JACOB( POPULAR ENGINEERING SERVICES ),18454217.50,20-05-2025 11:57:28
12,165302,BBMP/2024-25/OW/WORK_INDENT6669,"Improvements of roads drains and other allied works at Doddabommsandra, Ramachandrapura, Deshabandunagara and surrounding areas in ward no. 12 Doddabommasandra, HMT Layout, BEL Layout, Narasipura and surrounding areas in ward no. 13 Vidyaranyapura, Vaishnavi Layout, Kuvempunagara, Singapura, Ganesha Layout, M S Palya and surrounding areas in ward no. 14 Kuvempunagara.",BBMP,BBMP Byatarayanapura Yelahanka,Other Works,Awarded,,,,03-03-2025 14:44:08
12,148811,BBMP/2024-25/EL/WORK_INDENT6139,Providing AB Cable and accessories in GKVK road and Improvement of electrical installations in Ward No 12 & 13 parks.,BBMP,BBMP Electrical Yelahanka,Electrical,Awarded,,BALAKRISHNA,101607.82,08-01-2025 11:06:20
12,146171,BBMP/2024-25/OW/WORK_INDENT6089,Removal of silt & other maintenance of roads and drains in New Ward No. 12 Doddabommasandra.,BBMP,BBMP Byatarayanapura Yelahanka,Other Works,Awarded,,CHETHAN P,2966875.92,26-12-2024 12:31:46
12,139361,BBMP/2024-25/OW/WORK_INDENT5753,Improvements to roads and Drains at Muniramaiah Colony and Surrounding areas in Ward No.10 New Ward no 12 (Doddabommasandra).,BBMP,BBMP Byatarayanapura Yelahanka,Other Works,Awarded,1647117.09,MALIYAPPA KANAGI( VINAYAKA  ELECTRICAL S ),4230010.20,30-11-2024 15:53:23
13,199041,BBMP/2025-26/OW/WORK_INDENT7696,"Improvements to Roads and Drains in Vidyaranyapura Surrounding areas in ward no. 13, Vidyaranyapura",BBMP,BBMP Byatarayanapura Yelahanka,Other Works,Awarded,2499142.61,S G Puttamadaiah( SRI SIDDAPPAJI ELECTRICALS ),8889830.52,20-06-2025 12:24:54
13,199178,BBMP/2025-26/OW/WORK_INDENT7793,Upgradation of Drains and Footpaths in New Ward No.13 Vidyaranyapura,BBMP,BBMP Byatarayanapura Yelahanka,Other Works,Awarded,4165981.05,Sagar K,750527.75,20-06-2025 12:04:27
13,199176,BBMP/2025-26/OW/WORK_INDENT7795,"Construction of culverts and other flood relief works in ward no. 13, Vidyaranyapura",BBMP,BBMP Byatarayanapura Yelahanka,Other Works,Awarded,4165047.66,LAXMIKANTH,314684.11,20-06-2025 12:03:45
13,199175,BBMP/2025-26/OW/WORK_INDENT7796,"Improvements to Roads and Drains at HMT Layout and BEL Layout surrounding areas in ward no. 13, Vidyaranyapura",BBMP,BBMP Byatarayanapura Yelahanka,Other Works,Awarded,4165799.6,,,20-06-2025 12:02:54
13,199173,BBMP/2025-26/OW/WORK_INDENT7797,"Improvements to Roads and Drains at Nanjappa Layout and Chamundeshwari Layout surrounding areas in ward no. 13, Vidyaranyapura",BBMP,BBMP Byatarayanapura Yelahanka,Other Works,Awarded,4999416.73,NARASIMHA MURTHY P V (1)( SLNS ENTERPRISES ),2366584.75,20-06-2025 12:01:31
13,198996,BBMP/2025-26/OW/WORK_INDENT7695,"Providing and Installation of Name Boards for Main Roads and Cross Roads in ward no. 13, Vidyaranyapura",BBMP,BBMP Byatarayanapura Yelahanka,Other Works,Awarded,842886.37,Kiran Gowda D( SRI CHANNAKESHAWA ENTERPRISES ),1726234.82,19-06-2025 16:21:05
13,191278,BBMP/2025-26/OW/WORK_INDENT7288,"Improvements to Roads and Drain at Bellahalli and Kogilu Layout Surrounding in Ward No. 05, Saraipalya, Vidyasagara Layout and Surrounding in Ward No. 07, Mariyannapalya Chinnappa Layout and Surrounding in Ward No. 09, and Construction of Samudhaya Bhavana Building at Narasipura Layout and Other Development Works in Ward no 13 in Byatarayanapura Assembly constituency.",BBMP,BBMP Byatarayanapura Yelahanka,Other Works,Awarded,,,,20-05-2025 11:58:07
13,165302,BBMP/2024-25/OW/WORK_INDENT6669,"Improvements of roads drains and other allied works at Doddabommsandra, Ramachandrapura, Deshabandunagara and surrounding areas in ward no. 12 Doddabommasandra, HMT Layout, BEL Layout, Narasipura and surrounding areas in ward no. 13 Vidyaranyapura, Vaishnavi Layout, Kuvempunagara, Singapura, Ganesha Layout, M S Palya and surrounding areas in ward no. 14 Kuvempunagara.",BBMP,BBMP Byatarayanapura Yelahanka,Other Works,Awarded,,,,03-03-2025 14:44:08
13,139376,BBMP/2024-25/OW/WORK_INDENT5756,"Improvements to Roads and Drains at Venkataswamappa Layout and Surrounding areas in Ward No. 09, New Ward no 13 (Vidyaranyapura).",BBMP,BBMP Byatarayanapura Yelahanka,Other Works,Awarded,3300940.54,"PRASAD N( SRI GANESH AGENCIES , SHRI GANESH ENTERPRISES )",373617.92,30-11-2024 15:56:12
13,79555,BBMP/2023-24/OW/WORK_INDENT3035,"Improvements to roads and drains and other allied works at Basavasamiti, Janyaneshwari Layout, Gurudarshan Layout, Saptagiri Layout, Venkataswamappa Layout, Somanna Garden, BEL Layout, HMT Layout, Bloom filled Garden and surrounding areas in ward No. 13, Vidyaranyapura.",BBMP,BBMP Byatarayanapura Yelahanka,Other Works,Awarded,,S GURUVA REDDY( SGR CONSTRUCTION ),1987298.95,07-03-2024 14:30:24
14,199287,BBMP/2025-26/OW/WORK_INDENT7864,"Improvements to Roads and Drains at M.S Palya and surrounding areas in ward no. 14, Kuvempunagara",BBMP,BBMP Byatarayanapura Yelahanka,Other Works,Awarded,3331528.87,,,20-06-2025 15:29:04
14,198944,BBMP/2025-26/OW/WORK_INDENT7826,Upgradation of Drains and Footpaths in New Ward No.14 Kuvempunagara,BBMP,BBMP Byatarayanapura Yelahanka,Other Works,Awarded,4154020.73,,,20-06-2025 12:00:43
14,199169,BBMP/2025-26/OW/WORK_INDENT7798,"Improvements to Roads and Drains at Kuvempunagara surrounding areas in ward no. 14, Kuvempunagara",BBMP,BBMP Byatarayanapura Yelahanka,Other Works,Awarded,4164373.37,M N RAMAIAH (3),5982124.67,20-06-2025 11:59:32
14,199045,BBMP/2025-26/OW/WORK_INDENT7697,"Providing and Installation of Name Boards for Main Roads and Cross Roads in ward no. 14, Kuvempunagara",BBMP,BBMP Byatarayanapura Yelahanka,Other Works,Awarded,842886.37,CHETAN SIDDAPPA KULIGOD,453115.00,19-06-2025 16:42:02
14,191275,BBMP/2025-26/OW/WORK_INDENT7287,"Construction of Additional Floor to Newly proposed Samudhaya Bhavana at Raghuram Layout and Other Development Works in ward no. 12 and Construction of New Primary Health Centre in ward no. 14 and Improvements to Roads and Drains at Kuvempunagara, Hosabalunagara, Ashraya Layout, Singapura, Naidu Layout, Maariyamma Block and Surrounding areas in Ward No. 11 New Ward no 14",BBMP,BBMP Byatarayanapura Yelahanka,Other Works,Awarded,,K V JACOB( POPULAR ENGINEERING SERVICES ),18454217.50,20-05-2025 11:57:28
14,165302,BBMP/2024-25/OW/WORK_INDENT6669,"Improvements of roads drains and other allied works at Doddabommsandra, Ramachandrapura, Deshabandunagara and surrounding areas in ward no. 12 Doddabommasandra, HMT Layout, BEL Layout, Narasipura and surrounding areas in ward no. 13 Vidyaranyapura, Vaishnavi Layout, Kuvempunagara, Singapura, Ganesha Layout, M S Palya and surrounding areas in ward no. 14 Kuvempunagara.",BBMP,BBMP Byatarayanapura Yelahanka,Other Works,Awarded,,,,03-03-2025 14:44:08
14,139393,BBMP/2024-25/OW/WORK_INDENT5758,Improvements to Roads and Drains at Singapura areas in Ward No. 11 New Ward no 14 (Kuvempunagara).,BBMP,BBMP Byatarayanapura Yelahanka,Other Works,Awarded,824763.6,Nagoor Lokanadha Reddy,1695620.32,30-11-2024 15:58:19
14,139382,BBMP/2024-25/OW/WORK_INDENT5757,"Improvements to Roads and Drains at M.S Palya, Ganesh Layout, Teachers Layout and Surrounding areas in Ward No. 11 New Ward no 14 (Kuvempunagara).",BBMP,BBMP Byatarayanapura Yelahanka,Other Works,Awarded,825249.87,VISHWANATH P,1832222.98,30-11-2024 15:57:29
14,134264,BBMP/2024-25/OW/WORK_INDENT5298,"IMPROVEMENTS TO ROADS AND DRAINS AT KUVEMPUNAGARA 1ST STAGE, 2ND STAGE, HOSABALUNAGARA, ASHRAYA LAYOUT , SINGAPURA, NAIDU LAYOUT, MAARIYAMMA BLOCK AND SURROUNDING AREAS IN WARD NO. 11 NEW WARD NO 14 (KUVEMPUNAGARA).",BBMP,BBMP Byatarayanapura Yelahanka,Other Works,Awarded,,NAVEEN KUMAR,819457.50,12-11-2024 17:20:29
14,125352,BBMP/2024-25/OW/WORK_INDENT4075,"Improvements to Roads and Drains at HVV Valley, Vaishnavi Layout, Kalattur Layout, Kuvempunagara, M.S Palya, Srinikethan Layout, Simhadri Layout, Singapura Paradise, Raghavendra Colony and Surrounding areas in Ward No. 11 New Ward no 14 (Kuvempunagara).",BBMP,BBMP Byatarayanapura Yelahanka,Other Works,Awarded,,Naveen( SN VISION ),1316367.51,05-10-2024 18:36:56
14,81582,BBMP/2023-24/RD/WORK_INDENT2763/CALL-2,"Comprehensive Development of Roads and Drains in Soundarya layout and Chimney Hills in Chikkasandra ward no. 17, Abbigere surroundings in ward No. 15, Sidedahalli surroundings in ward no. 14, Kaveri layout & RK Layout in Shettihalli ward no. 16, Babanna layoutin Mallasandra ward no. 16, HMT layout surroundings ward no. 20, GT layout surroundings in ward no. 24",BBMP,BBMP Dasarahalli Division,Roads,Awarded,84745482.82,RACHEGOWDA (1),33231814.97,14-03-2024 09:52:38
15,217632,BBMP/2025-26/RD/WORK_INDENT8927,"Improvements to roads, drains and Culverts in Kammagondanhalli Village and surrounding area in ward no 15-kammagondanahalli",BBMP,BBMP Dasarahalli Division,Roads,Awarded,4236913.09,ASIF NOORAHMED DARVESHI( LOBANA ELECTRIAL WORKS BAGALKOT ),125986.97,21-08-2025 18:41:47
15,147020,BBMP/2024-25/OW/WORK_INDENT5077/CALL-2,"Desilting & Maintenance of Drains by Silt and Tractor for the Year 2024-25 in Ward No.15, Kammagondannahalli, Shettyhalli sub division",BBMP,BBMP Dasarahalli Division,Other Works,Awarded,1694857.36,,,31-12-2024 13:52:42
15,139906,BBMP/2024-25/RD/WORK_INDENT5252/CALL-2,Improvements to Roads and Drains in Vijayalakshmi Layout 1st to 8th cross in Abbigere ward no.15 Shettyhalli Sub Division,BBMP,BBMP Dasarahalli Division,Roads,Awarded,3241013.7,,,02-12-2024 14:34:25
15,134162,BBMP/2024-25/RD/WORK_INDENT5253,"Improvements to Roads and Drains in Venkateshwara Layout 5th, 6th and 7th cross roads in Abbigere ward no.15 Shettyhalli Sub Division",BBMP,BBMP Dasarahalli Division,Roads,Awarded,3135360.43,,,12-11-2024 14:38:43
15,129173,BBMP/2024-25/OW/WORK_INDENT4521,"Footpath Maintenance by Removing & re-fixing of slabs, Providing slabs at Missing portions, kerb resetting, Repairs to culvert and other drain Maintenance work for the Year 2024-25 in Ward No.15, Kammagondanahalli",BBMP,BBMP Dasarahalli Division,Other Works,Awarded,2965484.26,C ISHWAR,1742767.43,22-10-2024 15:53:00
15,117364,BBMP/2024-25/RD/WORK_INDENT3826,"Filling of potholes in Ward No 15 Kammagondannahalli, Filling of potholes in Ward No 16 Mallasandra , Shettyhalli Sub Division and Filling of potholes in ward 17, Chikkasandra, Filling of potholes in ward 18, Bagalagunte, Filling of potholes in ward 19, T Dasarahalli. Dasarahalli Sub Division in Dasarahalli Zone.",BBMP,BBMP Dasarahalli Division,Roads,Awarded,6354443.24,ABDUL RASHEED D BHOLABHAI,3300919.91,05-09-2024 18:51:48
15,87661,BBMP/2023-24/OW/WORK_INDENT1536/CALL-3,"Maintenance of roads, drains and footpath works areas of Kamagondanahalli (SCP /TSP), Kammagondanahalli SC & ST Colony, Abbigere (SCP /TSP), Vinayaka layout, Medarahalli (SCP /TSP),Medarahalli sc,st colony, Pipeline sub cross Road Area, RR College surrounding area in ward no. 15, Kammagondanahalli,Laxmipura and sc,st colony in Shettyhalli sub division.",BBMP,BBMP Dasarahalli Division,Other Works,Awarded,4438930.52,DEEPU S( ARKA ENTERPRISES ),4192058.00,11-06-2024 16:45:34
15,81582,BBMP/2023-24/RD/WORK_INDENT2763/CALL-2,"Comprehensive Development of Roads and Drains in Soundarya layout and Chimney Hills in Chikkasandra ward no. 17, Abbigere surroundings in ward No. 15, Sidedahalli surroundings in ward no. 14, Kaveri layout & RK Layout in Shettihalli ward no. 16, Babanna layoutin Mallasandra ward no. 16, HMT layout surroundings ward no. 20, GT layout surroundings in ward no. 24",BBMP,BBMP Dasarahalli Division,Roads,Awarded,84745482.82,RACHEGOWDA (1),33231814.97,14-03-2024 09:52:38
15,71898,BBMP/2023-24/OW/WORK_INDENT2626,Construction of R C C Drains 6th and 7th cross in Kalalanagar in Ward No.15 (SCP/TSP Works Block No.76),BBMP,BBMP Dasarahalli Division,Other Works,Awarded,1021885.99,MURIGESAPPA CHANDRASHEKHAR YALAMALLI,250062.00,23-02-2024 12:37:18
15,71954,BBMP/2023-24/OW/WORK_INDENT2629,Construction of R C C Drains 5th cross and 5th sub cross in Kalalanagar in Ward No.15 (SCP/TSP Works Block No. 75),BBMP,BBMP Dasarahalli Division,Other Works,Awarded,1021885.99,SIDDHARTH MANOHAR GHASTE,5585812.31,23-02-2024 12:35:51
15,71931,BBMP/2023-24/OW/WORK_INDENT2628,Construction of R C C Drains 3rd and 4th cross in Kalalanagar in Ward No.15 (SCP/TSP Works Block No. 74/1),BBMP,BBMP Dasarahalli Division,Other Works,Awarded,1021885.99,VIJAY F KATAGI,1732167.70,23-02-2024 12:35:19
15,71911,BBMP/2023-24/OW/WORK_INDENT2627,Construction of R C C Drains 9th cross in Kalalanagar in Ward No.15 (SCP/TSP Works Block No.78),BBMP,BBMP Dasarahalli Division,Other Works,Awarded,1021885.99,SUBBA SINGH( SUBBASINGH ),814194.41,23-02-2024 12:34:48
15,70888,BBMP/2023-24/OW/WORK_INDENT2625,Construction of RCC Drains 8th cross in Kalalanagar in Ward No.15 (SCP/TSP Works Block No.77),BBMP,BBMP Dasarahalli Division,Other Works,Awarded,1021885.99,,,23-02-2024 12:34:06
16,147032,BBMP/2024-25/OW/WORK_INDENT5078/CALL-2,"Desilting & Maintenance of Drains by Silt and Tractor for the Year 2024-25 in Ward No.16, Mallasandra Shettyhalli sub division",BBMP,BBMP Dasarahalli Division,Other Works,Awarded,1694857.36,H R MAHESHA,987139.20,31-12-2024 13:44:53
16,134177,BBMP/2024-25/RD/WORK_INDENT5258,Improvements to Roads and Drains in Reddy layout in Mallasandra from Golden bell International school to 4th cross Ch 0.00 to Ch 300.00 ward no.16 Shettyhalli Sub Division,BBMP,BBMP Dasarahalli Division,Roads,Awarded,4067106.32,A SHANKAR( SRI VENKATA ENTERPRISES ),8151123.50,12-11-2024 14:41:40
16,133070,BBMP/2024-25/OW/WORK_INDENT5086,"Desilting & Maintenance of Drains by Silt and Tractor for the Year 2024-25 in Ward No.16, Mallasandra.(4 months day time)",BBMP,BBMP Dasarahalli Division,Other Works,Awarded,422251.52,RAGHURAMA REDDY,240727.00,11-11-2024 15:40:40
16,129148,BBMP/2024-25/OW/WORK_INDENT4520,"Footpath Maintenance by Removing & re-fixing of slabs, Providing slabs at Missing portions, kerb resetting, Repairs to culvert and other drain Maintenance work for the Year 2024-25 in Ward No.16, Mallasandra.",BBMP,BBMP Dasarahalli Division,Other Works,Awarded,2965629.85,,,22-10-2024 15:53:40
16,117364,BBMP/2024-25/RD/WORK_INDENT3826,"Filling of potholes in Ward No 15 Kammagondannahalli, Filling of potholes in Ward No 16 Mallasandra , Shettyhalli Sub Division and Filling of potholes in ward 17, Chikkasandra, Filling of potholes in ward 18, Bagalagunte, Filling of potholes in ward 19, T Dasarahalli. Dasarahalli Sub Division in Dasarahalli Zone.",BBMP,BBMP Dasarahalli Division,Roads,Awarded,6354443.24,ABDUL RASHEED D BHOLABHAI,3300919.91,05-09-2024 18:51:48
16,87689,BBMP/2023-24/OW/WORK_INDENT1537/CALL-3,"Maintenance of roads, drains and footpath works areas of Mallasandra,Mallasandra sc st colony, Prashanth Nagara (SCP /TSP), Kalyana Nagara, Santhosh Nagara,Santhosh Nagara sc ,st BHEL Mini Colony,BHEL mini colony sc,st, Reddy Layout and Shettyhalli Surrounding area (SCP /TSP) and sc,st Janatha colony (SCP /TSP) (Maruthi Nagara), in ward no. 16, Mallasandra, Shettyhalli sub division.",BBMP,BBMP Dasarahalli Division,Other Works,Awarded,4439004.26,SHASHIKUMAR G M,286423.72,11-06-2024 16:44:34
16,81582,BBMP/2023-24/RD/WORK_INDENT2763/CALL-2,"Comprehensive Development of Roads and Drains in Soundarya layout and Chimney Hills in Chikkasandra ward no. 17, Abbigere surroundings in ward No. 15, Sidedahalli surroundings in ward no. 14, Kaveri layout & RK Layout in Shettihalli ward no. 16, Babanna layoutin Mallasandra ward no. 16, HMT layout surroundings ward no. 20, GT layout surroundings in ward no. 24",BBMP,BBMP Dasarahalli Division,Roads,Awarded,84745482.82,RACHEGOWDA (1),33231814.97,14-03-2024 09:52:38
17,139918,BBMP/2024-25/RD/WORK_INDENT5260/CALL-2,"Improvements to Roads, Drains and culverts at Chikkasandra village And Surrounding area in Ward 17, Chikkasandra",BBMP,BBMP Dasarahalli Division,Roads,Awarded,2965486.36,,,02-12-2024 14:36:30
17,131071,BBMP/2023-24/OW/WORK_INDENT1538/CALL-6,"Maintenance of roads, drains and footpath works areas of Chikkasandra (SCP /TSP), Chikkasandra sc,st colony, Soundarya Layout, AGB Layout, Babanna Layout, Anjanadri Layout, Sidedahalli , NMH Layout in ward no. 17, Chikkasandra, Shettyhalli sub division.",BBMP,BBMP Dasarahalli Division,Other Works,Awarded,4438930.52,NAGARAJ G,7446486.97,30-10-2024 13:54:48
17,117364,BBMP/2024-25/RD/WORK_INDENT3826,"Filling of potholes in Ward No 15 Kammagondannahalli, Filling of potholes in Ward No 16 Mallasandra , Shettyhalli Sub Division and Filling of potholes in ward 17, Chikkasandra, Filling of potholes in ward 18, Bagalagunte, Filling of potholes in ward 19, T Dasarahalli. Dasarahalli Sub Division in Dasarahalli Zone.",BBMP,BBMP Dasarahalli Division,Roads,Awarded,6354443.24,ABDUL RASHEED D BHOLABHAI,3300919.91,05-09-2024 18:51:48
17,81582,BBMP/2023-24/RD/WORK_INDENT2763/CALL-2,"Comprehensive Development of Roads and Drains in Soundarya layout and Chimney Hills in Chikkasandra ward no. 17, Abbigere surroundings in ward No. 15, Sidedahalli surroundings in ward no. 14, Kaveri layout & RK Layout in Shettihalli ward no. 16, Babanna layoutin Mallasandra ward no. 16, HMT layout surroundings ward no. 20, GT layout surroundings in ward no. 24",BBMP,BBMP Dasarahalli Division,Roads,Awarded,84745482.82,RACHEGOWDA (1),33231814.97,14-03-2024 09:52:38
18,150931,BBMP/2024-25/RD/WORK_INDENT5291/CALL-3,"Improvements to Roads,drains and Culverts at Bagalagunte Area and Sorrounding Area In Ward No.18 Bagalagunte",BBMP,BBMP Dasarahalli Division,Roads,Awarded,3032404.27,,,17-01-2025 14:43:25
18,139931,BBMP/2024-25/RD/WORK_INDENT5290/CALL-2,"Improvements to Roads ,drains and Culverts at Defence Colony and sorrounding Area in Bagalagunte, ward no.18, Bagalagunte",BBMP,BBMP Dasarahalli Division,Roads,Awarded,3325982.35,CHANABASAPPA GANGAPPA PADAGANUR( RAKESH ELECTRICALS ),1040000.00,02-12-2024 14:39:46
18,133524,BBMP/2024-25/OW/WORK_INDENT5155,"Footpath Maintenance by Removing & re-fixing of slabs, Providing slabs at Missing portions, Repairs to culvert and other drain Maintenance work for the Year 2024-25 in Ward No.18, Bagalagunte",BBMP,BBMP Dasarahalli Division,Other Works,Awarded,2965521.79,,,11-11-2024 15:37:40
18,131025,BBMP/2023-24/OW/WORK_INDENT1539/CALL-6,"Maintenance of roads, drains and footpath works at Defene Colony & Havnoor Layout, M.S.Ramaiah Layout, Muneshwara Nagara, Munikondappa Layout, Ashoka Nagara, Manjunatha Nagara, Bagalagunte Village, MEI Layout, Vishveshwaraiah Layout, Byraveshwara Nagara, Sheshadri Layout, Karekallu (SCP /TSP) & Surrounding area in ward no. 18, Bagalagunte, T.Dasarahalli sub division.",BBMP,BBMP Dasarahalli Division,Other Works,Awarded,4437887.38,,,30-10-2024 13:55:30
18,117364,BBMP/2024-25/RD/WORK_INDENT3826,"Filling of potholes in Ward No 15 Kammagondannahalli, Filling of potholes in Ward No 16 Mallasandra , Shettyhalli Sub Division and Filling of potholes in ward 17, Chikkasandra, Filling of potholes in ward 18, Bagalagunte, Filling of potholes in ward 19, T Dasarahalli. Dasarahalli Sub Division in Dasarahalli Zone.",BBMP,BBMP Dasarahalli Division,Roads,Awarded,6354443.24,ABDUL RASHEED D BHOLABHAI,3300919.91,05-09-2024 18:51:48
18,85631,BBMP/2023-24/OW/WORK_INDENT1819/CALL-2,Construction of RCC Drains 4th cross in geddalahalli in Ward No 18 (SCSP/TSP Works),BBMP,BBMP Hebbala East,Other Works,Awarded,,ARUN KUMAR N( ARUN KUMAR ENTERPRISES ),7472252.96,28-05-2024 17:19:01
18,85633,BBMP/2023-24/OW/WORK_INDENT1820/CALL-2,Construction of RCC Drains 2nd and 3rd Cross in Geddalahalli in Ward No 18 (SCSP/TSP Works),BBMP,BBMP Hebbala East,Other Works,Awarded,,,,28-05-2024 17:18:08
18,85649,BBMP/2023-24/OW/WORK_INDENT1821/CALL-2,Construction of RCC Drains 6th Cross in Geddalahalli in Ward No 18 SCSP/TSP),BBMP,BBMP Hebbala East,Other Works,Awarded,,,,28-05-2024 17:13:23
19,139941,BBMP/2024-25/RD/WORK_INDENT5296/CALL-2,Improvements to Roads at Dasarahalli main road and Ramaiah Layout and surrounding area in Ward No19 Dasarahalli Dasarahalli sub division,BBMP,BBMP Dasarahalli Division,Roads,Awarded,3248269.31,MUNIRAJA NAIK,2935052.01,02-12-2024 14:40:54
19,134289,BBMP/2024-25/RD/WORK_INDENT5304,"Improvements to Roads and Drains at Dasarahalli gramatana, Ramesh road and surrounding area in Ward No.19 Dasarahalli, Dasarahalli sub division",BBMP,BBMP Dasarahalli Division,Roads,Awarded,2575418.18,,,13-11-2024 11:27:01
19,117364,BBMP/2024-25/RD/WORK_INDENT3826,"Filling of potholes in Ward No 15 Kammagondannahalli, Filling of potholes in Ward No 16 Mallasandra , Shettyhalli Sub Division and Filling of potholes in ward 17, Chikkasandra, Filling of potholes in ward 18, Bagalagunte, Filling of potholes in ward 19, T Dasarahalli. Dasarahalli Sub Division in Dasarahalli Zone.",BBMP,BBMP Dasarahalli Division,Roads,Awarded,6354443.24,ABDUL RASHEED D BHOLABHAI,3300919.91,05-09-2024 18:51:48
19,103321,BBMP/2023-24/OW/WORK_INDENT2634/CALL-3,"Improvements to Roads, Drains and Culverts in Kalasti Nagara (Block No 106.2) in Ward No.19 T.Dasarahalli",BBMP,BBMP Dasarahalli Division,Other Works,Awarded,1022211.55,ABHIJEET YALLAPPA CHOUGULE( SAIRAM CONSTRUCTIONS ),1300149.32,01-08-2024 10:34:42
19,87644,BBMP/2023-24/OW/WORK_INDENT1540/CALL-3,"Maintenance of roads, drains and footpath works at Kempegowda Nagara, Model Colony, T.Dasarahalli, KK Road, MTS Colony, Bhuvaneshwari Nagara, Coconut Garden, Kalasti Nagara (SCP/TSP) & Surrounding area in ward no. 19, T.Dasarahalli, T.Dasarahalli sub division.",BBMP,BBMP Dasarahalli Division,Other Works,Awarded,4437170.78,Mamatha N,2311055.00,11-06-2024 16:46:27
20,217613,BBMP/2025-26/RD/WORK_INDENT8947,"Improvements to roads, drains and Culverts in HMT layout, Gundappa layout and surrounding area in ward no 20-Nelegadaranahalli.",BBMP,BBMP Dasarahalli Division,Roads,Awarded,4235887.64,,,21-08-2025 18:45:34
20,196091,BBMP/2025-26/RD/WORK_INDENT7559,"Improvements to Roads, Drains and Culverts in Nelagadaranahalli in Ward No.20 in Peenya Industrial Area Sub Division",BBMP,BBMP Dasarahalli Division,Roads,Awarded,8473229.75,ASHWINKUMAR( ASHWINKUMAR CONTRACTOR  ),1679474.23,06-06-2025 22:30:50
20,147047,BBMP/2024-25/RD/WORK_INDENT4363/CALL-3,"Improvements to Roads and Drains at Gruhalakshmi Layout & surrounding area in Ward No.20, Nelagadaranahalli.",BBMP,BBMP Dasarahalli Division,Roads,Awarded,3811666.67,,,31-12-2024 13:47:23
20,140167,BBMP/2024-25/OW/WORK_INDENT4178/CALL-2,Desilting & Maintenance of Drains by Silt and Tractor for the Year 2024-25 in Ward No.20 Nelagadrenahalli,BBMP,BBMP Dasarahalli Division,Other Works,Awarded,2116386.72,,,02-12-2024 17:26:24
20,140119,BBMP/2024-25/RD/WORK_INDENT4095/CALL-2,"Improvements to Roads and Drains at Cross roads of Gundappa Layout, DWC Centre road & surrounding area in Ward No.20, Nelagadaranahalli.",BBMP,BBMP Dasarahalli Division,Roads,Awarded,3133858.04,,,02-12-2024 17:17:36
20,126692,BBMP/2024-25/OW/WORK_INDENT4373,"Footpath Maintenance by Removing & re-fixing of slabs, Providing slabs at Missing portions, kerb resetting, Repairs to culvert and other drain Maintenance work for the Year 2024-25 in Ward No.20 Nelagadrenahalli",BBMP,BBMP Dasarahalli Division,Other Works,Awarded,2541444.06,SUBRAMANYA ANANT SHETTY( SUBRAMANYA ANANT SHETTY ),1771540.08,10-10-2024 14:00:14
20,117304,BBMP/2024-25/RD/WORK_INDENT3823,"Filling of Potholes in Ward No.20 Nelagadrenahalli, Filling of Potholes in Ward No.21 Chokkasandra, Filling of Potholes in Ward No.22 Peenya Industrial Area, PIA Sub Division and Filling of Potholes in Ward No.23 Rajagopala Nagara, Filling of Potholes in Ward No.24 Hegganahalli, Filling of Potholes in Ward No.25, Sunkadakatte in Hegganhalli Sub Division, Dasarahalli Zone.",BBMP,BBMP Dasarahalli Division,Roads,Awarded,7617213.22,USHA TIWARI( USHA ELECTRICALS ),5780094.24,05-09-2024 18:53:07
20,87704,BBMP/2023-24/OW/WORK_INDENT1541/CALL-3,"Maintenance of roads, drains and footpath works ares of Vikas Nagar (P), Nagasandra Colony (SCP /TSP), Vidyanagar T Dasarahalli Slum, Rukmini Nagar, Nagasandra, HMT Housing Colony, Nelegedaranahalli, Amaravathi Layout,Narayanapura (P) (SCP /TSP) in ward no. 20, Nelagadaranahalli (SCP /TSP), Peenya Industrial Area sub division.",BBMP,BBMP Dasarahalli Division,Other Works,Awarded,4438443.93,,,11-06-2024 16:43:44
20,81582,BBMP/2023-24/RD/WORK_INDENT2763/CALL-2,"Comprehensive Development of Roads and Drains in Soundarya layout and Chimney Hills in Chikkasandra ward no. 17, Abbigere surroundings in ward No. 15, Sidedahalli surroundings in ward no. 14, Kaveri layout & RK Layout in Shettihalli ward no. 16, Babanna layoutin Mallasandra ward no. 16, HMT layout surroundings ward no. 20, GT layout surroundings in ward no. 24",BBMP,BBMP Dasarahalli Division,Roads,Awarded,84745482.82,RACHEGOWDA (1),33231814.97,14-03-2024 09:52:38
21,129134,BBMP/2024-25/OW/WORK_INDENT4518,"Footpath Maintenance by Removing & re-fixing of slabs, Providing slabs at Missing portions, kerb resetting, Repairs to culvert and other drain Maintenance work for the Year 2024-25 in Ward No.21 Chokkasandra",BBMP,BBMP Dasarahalli Division,Other Works,Awarded,2541444.06,,,22-10-2024 15:54:55
21,126614,BBMP/2024-25/RD/WORK_INDENT4353,"Improvements to Roads and drains at Cross roads of MEI Colony, Iyyanger badavane & surrounding area in Ward No.21, Chokkasandra",BBMP,BBMP Dasarahalli Division,Roads,Awarded,4659821.7,KAMALAKANNAN ARUMUGAM( JAICAB ELECTRICALS ),1784296.05,10-10-2024 13:58:06
21,125661,BBMP/2024-25/RD/WORK_INDENT4126,"Improvements to Roads and drains Ganapathi Nagara, Chamundipura & surrounding area in Ward No.21, Chokkasandra.",BBMP,BBMP Dasarahalli Division,Roads,Awarded,2964189.12,KIRAN T GOWDA,1134022.26,08-10-2024 14:10:12
21,125446,BBMP/2024-25/OW/WORK_INDENT4104,Desilting & Maintenance of Drains by Silt and Tractor for the Year 2024-25 in Ward No.21 Chokkasandra,BBMP,BBMP Dasarahalli Division,Other Works,Awarded,2116386.72,ANAND K TAGADINAMANI,1928613.78,08-10-2024 14:06:45
21,117304,BBMP/2024-25/RD/WORK_INDENT3823,"Filling of Potholes in Ward No.20 Nelagadrenahalli, Filling of Potholes in Ward No.21 Chokkasandra, Filling of Potholes in Ward No.22 Peenya Industrial Area, PIA Sub Division and Filling of Potholes in Ward No.23 Rajagopala Nagara, Filling of Potholes in Ward No.24 Hegganahalli, Filling of Potholes in Ward No.25, Sunkadakatte in Hegganhalli Sub Division, Dasarahalli Zone.",BBMP,BBMP Dasarahalli Division,Roads,Awarded,7617213.22,USHA TIWARI( USHA ELECTRICALS ),5780094.24,05-09-2024 18:53:07
21,89825,BBMP/2023-24/OW/WORK_INDENT2637/CALL-2,Improvements to Roads and drains Other Balance works in Ward No 21 Chokkasandra (SCP/TSP Works Block No.21),BBMP,BBMP Dasarahalli Division,Other Works,Awarded,906580.2,MALLIKARJUN NANDAPUR,1138370.32,20-06-2024 15:01:12
21,87708,BBMP/2023-24/OW/WORK_INDENT1542/CALL-3,"Maintenance of roads, drains and footpath works areas of Netaji Nagar (SCP /TSP), Swamy vivekanada Nagar (SCP /TSP), Chokkasandra (SCP /TSP),Narayanapura (P) (SCP /TSP), Peenya Industrial Area (P),Duggalamma Colony, Sanjay Gandhi Nagar, BFW Layout,MEI Colony, Parvathi Nagar, Chamundeshwari Nagar, Rajeshwari Nagar (P) in ward no. 21, Chokkasandra, Peenya Industrial Area sub division.",BBMP,BBMP Dasarahalli Division,Other Works,Awarded,4435538.54,KEMPAIAH CHANNAPPA( MANOJ ENTERPRISES ),4855000.00,11-06-2024 16:41:51
22,217672,BBMP/2025-26/RD/WORK_INDENT8955,"Improvements to roads, drains and Culverts in Nelagedaranahalli village and surrounding area in ward no 22-Peenya Industrial Area.",BBMP,BBMP Dasarahalli Division,Roads,Awarded,4230829.71,SURGANAIK BOJA RAJU( S R K CONSTRUCTIONS ),326476.05,21-08-2025 18:37:49
22,126235,BBMP/2024-25/OW/WORK_INDENT4276,"Footpath Maintenance by Removing & re-fixing of slabs, Providing slabs at Missing portions, kerb resetting, Repairs to culvert and other drain Maintenance work for the Year 2024-25 in Ward No.22 Peenya Industrial Area",BBMP,BBMP Dasarahalli Division,Other Works,Awarded,2540564.01,SANGAPPA GUDAGERI( GUDAGERI ENTERPRISES ),743300.00,09-10-2024 11:27:49
22,126009,BBMP/2024-25/OW/WORK_INDENT4202,Desilting & Maintenance of Drains by Silt and Tractor for the Year 2024-25 in Ward No.22 Peenya Industrial Area,BBMP,BBMP Dasarahalli Division,Other Works,Awarded,2116386.72,K MURALIDHARAN (2)( PURPLE ENGINEERING ),15799420.00,08-10-2024 14:18:40
22,125468,BBMP/2024-25/RD/WORK_INDENT4111,"Improvments to Roads and drains at Shivapura & surrounding area in Ward No.22, Peenya Industrial Area",BBMP,BBMP Dasarahalli Division,Roads,Awarded,4914890.38,Soolappa,1947123.84,08-10-2024 14:08:31
22,125411,BBMP/2024-25/RD/WORK_INDENT4090,"Improvments to Roads and drains at Nelagadaranahalli Main road & surrounding area in Ward No.22, Peenya Industrial Area",BBMP,BBMP Dasarahalli Division,Roads,Awarded,3135105.34,CHICKJAJUR MALLIKARJUNA SAGAR,2081052.80,08-10-2024 14:04:05
22,117304,BBMP/2024-25/RD/WORK_INDENT3823,"Filling of Potholes in Ward No.20 Nelagadrenahalli, Filling of Potholes in Ward No.21 Chokkasandra, Filling of Potholes in Ward No.22 Peenya Industrial Area, PIA Sub Division and Filling of Potholes in Ward No.23 Rajagopala Nagara, Filling of Potholes in Ward No.24 Hegganahalli, Filling of Potholes in Ward No.25, Sunkadakatte in Hegganhalli Sub Division, Dasarahalli Zone.",BBMP,BBMP Dasarahalli Division,Roads,Awarded,7617213.22,USHA TIWARI( USHA ELECTRICALS ),5780094.24,05-09-2024 18:53:07
22,85707,BBMP/2023-24/OW/WORK_INDENT1829/CALL-2,"Improvements tio CC Roads and Drains, Removing and Resetting of Covering Slabs Desilting of Drain at AK Colony Block No 87 Wartd No 64 (Old Ward No 22) Vishwanath Nagenahalli",BBMP,BBMP Hebbala East,Other Works,Awarded,,U RAMESH,1071928.80,28-05-2024 17:08:04
23,133873,BBMP/2024-25/OW/WORK_INDENT5176,"Maintenance to Footpath by Removing & re-fixing of slabs, Desilting, Providing slabs at Missing portions for the Year 2024-25 in Ward No.23, Rajagopala Nagara.",BBMP,BBMP Dasarahalli Division,Other Works,Awarded,2114252.68,,,12-11-2024 14:33:34
23,117304,BBMP/2024-25/RD/WORK_INDENT3823,"Filling of Potholes in Ward No.20 Nelagadrenahalli, Filling of Potholes in Ward No.21 Chokkasandra, Filling of Potholes in Ward No.22 Peenya Industrial Area, PIA Sub Division and Filling of Potholes in Ward No.23 Rajagopala Nagara, Filling of Potholes in Ward No.24 Hegganahalli, Filling of Potholes in Ward No.25, Sunkadakatte in Hegganhalli Sub Division, Dasarahalli Zone.",BBMP,BBMP Dasarahalli Division,Roads,Awarded,7617213.22,USHA TIWARI( USHA ELECTRICALS ),5780094.24,05-09-2024 18:53:07
23,49150,BBMP/2023-24/OW/WORK_INDENT1168,"Improvements to Roads and Drains at Byrappa Layout, Rashad Nagara, Vyalikaval HBCS Layout, Raju Colony, ST Frazer School, 1st, 2nd Stage in Gandhina gara, Hidayath Nagar, Pillanna Garden, B M Layout in Ward No 23 and 30 (Package-4)",BBMP,BBMP Sarvagnanagar East,Other Works,Awarded,67119757.2,KUMARASWAMY ROHITH (1)( DEVANI DEVELOPERS PRIVATE LIMITED ),12739267.26,02-01-2024 15:35:35
24,139742,BBMP/2024-25/OW/WORK_INDENT5177/CALL-2,"Desilting & Maintenance of Drains by Silt & Tractor for the Year 2024-25 in Ward No.24, Hegganahalli.",BBMP,BBMP Dasarahalli Division,Other Works,Awarded,2539742.4,,,02-12-2024 14:29:42
24,133888,BBMP/2024-25/OW/WORK_INDENT5178,"Maintenance to Footpath by Removing & re-fixing of slabs, Desilting, Providing slabs, Re-Construction of culvert and drains at Damaged, Missing Portions for the Year 2024-25 in Ward No.24, Hegganahalli",BBMP,BBMP Dasarahalli Division,Other Works,Awarded,2113795.12,NAGARAJ RATNAKAR DURGEKAR,235000.00,12-11-2024 14:34:46
24,126028,BBMP/2024-25/RD/WORK_INDENT4204,"Improvements to Roads and Desilting of drains at Nisarga School road, LP Lab road & its surrounding area in Srigandha Nagara in Ward No.24, Hegganahalli.",BBMP,BBMP Dasarahalli Division,Roads,Awarded,3552999.41,VIRENDRA SADASHIV HIREMATH,419810.00,08-10-2024 14:23:30
24,117304,BBMP/2024-25/RD/WORK_INDENT3823,"Filling of Potholes in Ward No.20 Nelagadrenahalli, Filling of Potholes in Ward No.21 Chokkasandra, Filling of Potholes in Ward No.22 Peenya Industrial Area, PIA Sub Division and Filling of Potholes in Ward No.23 Rajagopala Nagara, Filling of Potholes in Ward No.24 Hegganahalli, Filling of Potholes in Ward No.25, Sunkadakatte in Hegganhalli Sub Division, Dasarahalli Zone.",BBMP,BBMP Dasarahalli Division,Roads,Awarded,7617213.22,USHA TIWARI( USHA ELECTRICALS ),5780094.24,05-09-2024 18:53:07
24,81582,BBMP/2023-24/RD/WORK_INDENT2763/CALL-2,"Comprehensive Development of Roads and Drains in Soundarya layout and Chimney Hills in Chikkasandra ward no. 17, Abbigere surroundings in ward No. 15, Sidedahalli surroundings in ward no. 14, Kaveri layout & RK Layout in Shettihalli ward no. 16, Babanna layoutin Mallasandra ward no. 16, HMT layout surroundings ward no. 20, GT layout surroundings in ward no. 24",BBMP,BBMP Dasarahalli Division,Roads,Awarded,84745482.82,RACHEGOWDA (1),33231814.97,14-03-2024 09:52:38
24,49072,BBMP/2023-24/OW/WORK_INDENT1167,"Improvements to Roads and Drains at 4th Block, 5th Block in HBR Layout, Hennur Village and Byranakunte, Hennur Garden, Poornanjaneya Layout, 2nd Block in HBR Layout, Ramachandrappa Layout, Kariyannanapalya and Kacharkanahalli in Ward No 24 (Package-3)",BBMP,BBMP Sarvagnanagar East,Other Works,Awarded,83968935.84,DEVARAJ BASAPPA AKKUR( DEVARAJ BASAPPA AKKUR ),1137892.61,02-01-2024 15:34:41
25,131077,BBMP/2023-24/OW/WORK_INDENT1545/CALL-6,"Maintenance of Roads, Drains and footpath works in Sanjeevini Nagar 1st, 2nd, 3rd stage, Vighneshwara Nagar, Lakshmanna Nagar, Gajannana Nagar, Srigandha Nagar, Munneshwara Nagar, Friends Colony, Maruthi Nagar, Pillappa Industrial Area and Nadkerappa Industrial Area, Shivananda Nagar (SCP /TSP) in Ward 25, Sunkadakatte, Hegganahalli Sub-Division.",BBMP,BBMP Dasarahalli Division,Other Works,Awarded,4431520.32,MALAGAL JAGADEESHWAR YOGESH,381048.91,30-10-2024 13:54:01
25,126016,BBMP/2024-25/RD/WORK_INDENT4203,"Improvements to Roads and Desilting of drains at 6th Cross, Banashankary Bakery Road, Appolo school road, 7th F cross, 4th D cross & its surrounding area in Sanjeevini Nagara 3rd stage in Ward No.25, Sunkadakatte.",BBMP,BBMP Dasarahalli Division,Roads,Awarded,4483604.59,,,08-10-2024 14:22:44
25,125801,BBMP/2024-25/RD/WORK_INDENT4160,"Improvements to Roads and Desilting of drains at 4th Cross & its surrounding area in Lakshman Nagara in Ward No.25, Sunkadakatte.",BBMP,BBMP Dasarahalli Division,Roads,Awarded,2287093.58,,,08-10-2024 14:16:56
25,117304,BBMP/2024-25/RD/WORK_INDENT3823,"Filling of Potholes in Ward No.20 Nelagadrenahalli, Filling of Potholes in Ward No.21 Chokkasandra, Filling of Potholes in Ward No.22 Peenya Industrial Area, PIA Sub Division and Filling of Potholes in Ward No.23 Rajagopala Nagara, Filling of Potholes in Ward No.24 Hegganahalli, Filling of Potholes in Ward No.25, Sunkadakatte in Hegganhalli Sub Division, Dasarahalli Zone.",BBMP,BBMP Dasarahalli Division,Roads,Awarded,7617213.22,USHA TIWARI( USHA ELECTRICALS ),5780094.24,05-09-2024 18:53:07
26,205094,BBMP/2025-26/OW/WORK_INDENT8001,Comprenshive Development of Road Drains Constructions of culverts at Goppalalppa Badavane and surrounding area in ward no-26 Doddabidrakallu,BBMP,BBMP Kengeri Rajarajeshwarinagar,Other Works,Awarded,,,,10-07-2025 15:42:15
26,205089,BBMP/2025-26/OW/WORK_INDENT7998,"Comprenshive Development of Road Drains Constructions of culverts at Thimmiaha Layout, Ammathmma School and surrounding area in ward no-26, Doddabidrakallu",BBMP,BBMP Kengeri Rajarajeshwarinagar,Other Works,Awarded,,G O RAJU,22164095.36,10-07-2025 15:40:00
26,205087,BBMP/2025-26/OW/WORK_INDENT7996,Comprenshive Development of Road Drains Constructions of culverts at Channanayakanapalaya Aravinda Electriclas and surrounding area in ward no-26 Doddabidrakallu,BBMP,BBMP Kengeri Rajarajeshwarinagar,Other Works,Awarded,,,,10-07-2025 15:38:38
26,199093,BBMP/2025-26/OW/WORK_INDENT7821,"Improvements of Roads and Drains in Andrahalli Colony, Thigalarapalya Colony and Doddabidarakallu Colony at Ward No-26",BBMP,BBMP Kengeri Rajarajeshwarinagar,Other Works,Awarded,,B R MOHAN,3893702.47,20-06-2025 12:16:39
26,198250,BBMP/2025-26/OW/WORK_INDENT7729,Pothole Filling at Main and Cross Roads of Doddabidrakallu ward Limits in Ward No-26 of Doddabidrakallu Sub-Division For the Year 2025-26,BBMP,BBMP Kengeri Rajarajeshwarinagar,Other Works,Awarded,,,,17-06-2025 12:14:17
26,198143,BBMP/2025-26/OW/WORK_INDENT7718,Desilting of Main and Cross Roads Drains and other Maintence Works at Doddabidrakallu Ward Limits in Ward No-26 of Doddabidrakallu Sub-Division For the Year 2025-26,BBMP,BBMP Kengeri Rajarajeshwarinagar,Other Works,Awarded,,NAVEEN WAGH,4221226.75,17-06-2025 11:53:52
26,161854,BBMP/2024-25/OW/WORK_INDENT6578,Improvements of Roads and Drains at Reddy Layout and Mathrushree Layout and Surrounding area in Ward No-26 Doddabidarakallu of Doddabidarakallu Sub Division,BBMP,BBMP Kengeri Rajarajeshwarinagar,Other Works,Awarded,,ISHWAR SHAMBHU HEGDE( HEGDE GROUP OF CONSTRUCTION ),87210883.00,24-02-2025 12:54:28
26,161838,BBMP/2024-25/OW/WORK_INDENT6577,Improvements of Roads and Drains at Karihobanahalli and Surrounding area in Ward No-26 Doddabidarakallu of Doddabidarakallu Sub Division,BBMP,BBMP Kengeri Rajarajeshwarinagar,Other Works,Awarded,,ABDUL KHADAR,945000.00,24-02-2025 12:50:17
26,161829,BBMP/2024-25/OW/WORK_INDENT6576,Improvements of Roads and Drains at Basaveshwara Badavane and Surrounding area in Ward No-26 Doddabidarakallu of Doddabidarakallu Sub Division,BBMP,BBMP Kengeri Rajarajeshwarinagar,Other Works,Awarded,,D ISMAIL ZABIULLAH,1251643.51,24-02-2025 12:47:30
26,161812,BBMP/2024-25/OW/WORK_INDENT6575,Improvements of Roads and Drains at Navilu Nagara and Surrounding area in Ward No-26 Doddabidarakallu of Doddabidarakallu Sub Division,BBMP,BBMP Kengeri Rajarajeshwarinagar,Other Works,Awarded,,Kiran Kumar Waddar,282704.93,24-02-2025 12:43:56
26,152286,BBMP/2024-25/OW/WORK_INDENT6294,Improvements of roads and drain and other basic infrastructure in Muneshwara Layout and surrounding area in Dodabidarkallu ward No 26,BBMP,BBMP Kengeri Rajarajeshwarinagar,Other Works,Awarded,,B J Vinay( TULASI ASSOCIATES ),241294.20,22-01-2025 13:54:15
26,152268,BBMP/2024-25/OW/WORK_INDENT6293,"Improvements of drains and roads and other basic infrastructure in Marranna Layout, Gopalapa layout and surrounding area in Dodabidarkallu ward No 26",BBMP,BBMP Kengeri Rajarajeshwarinagar,Other Works,Awarded,,MEER SHARIF,12398.11,22-01-2025 13:50:47
26,139731,BBMP/2024-25/OW/WORK_INDENT5786,"Improvements of Drain, Roads and Other Basic Infrastructure in Poornapragna Layout, Suprabhatha Layout and Pillanna Layout in Ward No-26 Doddabidarakallu",BBMP,BBMP Kengeri Rajarajeshwarinagar,Other Works,Awarded,,,,02-12-2024 15:31:23
26,138688,BBMP/2024-25/OW/WORK_INDENT5614,"Development of Roads and Drains at Thigalarapalaya,Channanayakanapalya Colony, SC/ST Populated Area In Ward No.26, Doddabidrakallu",BBMP,BBMP Kengeri Rajarajeshwarinagar,Other Works,Awarded,,,,28-11-2024 13:31:06
26,125968,BBMP/2024-25/RD/WORK_INDENT4112,Improvements of Roads and Drains at Thippenhalli & Channanayakanapalaya Surrounding Layouts Iimits in Ward No.26 Doddabidarakallu,BBMP,BBMP Kengeri Rajarajeshwarinagar,Roads,Awarded,,MAHESHKUMAR HALLIGUDI,422134.24,09-10-2024 12:29:50
26,125966,BBMP/2024-25/RD/WORK_INDENT4109,Improvements of Roads and Drains at Doddabidrakallu & Karihobanahalli Surrounding Layouts Iimits in Ward No.26 Doddabidarakallu,BBMP,BBMP Kengeri Rajarajeshwarinagar,Roads,Awarded,,THIMMARAYI GOWDA,47417942.73,09-10-2024 12:28:23
26,110784,BBMP/2024-25/OW/WORK_INDENT3617,Improvements and Maintenance of Footpath in Ward No-26 Doddabidarakallu for the year 2024-25,BBMP,BBMP Kengeri Rajarajeshwarinagar,Other Works,Awarded,,Manoj Naik B M,2081890.54,19-08-2024 15:23:28
26,110749,BBMP/2024-25/RD/WORK_INDENT3625,Providing Pothole Filling Works in Ward No. 26-Doddabidarakallu Ward Limits for the year 2024-25,BBMP,BBMP Kengeri Rajarajeshwarinagar,Roads,Awarded,,,,19-08-2024 11:25:38
26,110411,BBMP/2024-25/OW/WORK_INDENT3609,"Comprehensive Development of RCC Drain, Roads and other Development works in Ward No.26, Doddabidarakallu, Indiranagar and Surrounding Area.",BBMP,BBMP Kengeri Rajarajeshwarinagar,Other Works,Awarded,,TALAPANENI HARIKRISHNAMA NAIDU (2)( HARI S ENGINEERS ),6664268.55,16-08-2024 13:22:16
27,205103,BBMP/2025-26/OW/WORK_INDENT8006,"Comprenshive Development of Road Drains Constructions of culverts at Thunganagara Sai Baba Temple road and surrounding area in ward no-27, Lingadeeranahalli",BBMP,BBMP Kengeri Rajarajeshwarinagar,Other Works,Awarded,,,,10-07-2025 15:45:41
27,205101,BBMP/2025-26/OW/WORK_INDENT8005,"Comprenshive Development of Road Drains Constructions of culverts at Doddanna Layout Lakshmi Temple and surrounding area in ward no-27, Lingadeeranahalli",BBMP,BBMP Kengeri Rajarajeshwarinagar,Other Works,Awarded,,,,10-07-2025 15:45:00
27,205099,BBMP/2025-26/OW/WORK_INDENT8004,"Comprenshive Development of Road Drains Constructions of culverts at Vinayakanagara Beside Metro Wines and surrounding area in ward no-27, Lingadeeranahalli",BBMP,BBMP Kengeri Rajarajeshwarinagar,Other Works,Awarded,,SHIVAGONDAPPA GADIGEPPAGOUDAR,756604.76,10-07-2025 15:43:40
27,205097,BBMP/2025-26/OW/WORK_INDENT8003,"Comprenshive Development of Road Drains Constructions of culverts at Gollarahatti Sridevinagara Bluebell School and surrounding area in ward no-27, Lingadeeranahalli",BBMP,BBMP Kengeri Rajarajeshwarinagar,Other Works,Awarded,,Anitha S T( A K ENTERPRISES ),2351787.50,10-07-2025 15:42:55
27,199114,BBMP/2025-26/OW/WORK_INDENT7825,Improvement of roads and drains at Kadamba Nagara and D Group layout 4th Block and Surrounding Area in Ward No 27 Lingadeeranahalli of Doddabidarakallu Sub division.,BBMP,BBMP Kengeri Rajarajeshwarinagar,Other Works,Awarded,,Datta Jagannath Pattan,243901.21,20-06-2025 12:22:21
27,199097,BBMP/2025-26/OW/WORK_INDENT7824,"Improvements of Roads and Drains at Nataka Chennappa Badavane, Mahaveera Apartment Visinity and D Group Layout 5th Block and Surrounding area in Ward No-27 Lingadheeranahalli of Doddabidarakallu Sub Division",BBMP,BBMP Kengeri Rajarajeshwarinagar,Other Works,Awarded,,VISHWANATH SABAYYA GUTTEDAR,4854499.16,20-06-2025 12:20:51
27,198251,BBMP/2025-26/OW/WORK_INDENT7730,Pothole Filling at Main and Cross Roads of Lingadeeranhalli Ward Limits in Ward No-27 of Doddabidrakallu Sub-Division For the Year 2025-26,BBMP,BBMP Kengeri Rajarajeshwarinagar,Other Works,Awarded,,H SHANKAR KUMAR( S. K. CONSTRUCTION ),172442364.00,17-06-2025 12:16:04
27,198153,BBMP/2025-26/OW/WORK_INDENT7719,Desilting of Main and Cross Roads Drains and other Maintence Works at Lingadeeranhalli Ward Limits in Ward No-27 of Doddabidrakallu Sub-Division For the Year 2025-26,BBMP,BBMP Kengeri Rajarajeshwarinagar,Other Works,Awarded,,SANTOSH RAJARAM JADHAV,520206.13,17-06-2025 12:07:00
27,161893,BBMP/2024-25/OW/WORK_INDENT6580,Improvements of Roads and Drains at Doddanna Layout and Surrounding Area in Ward No-27 Lingadheeranahalli of Doddabidarakallu Sub Division,BBMP,BBMP Kengeri Rajarajeshwarinagar,Other Works,Awarded,,,,24-02-2025 13:17:35
27,161890,BBMP/2024-25/OW/WORK_INDENT6579,Improvements of Roads and Drains at Chethan Circle and Surrounding area in Ward No-27 Lingadheeranahalli of Doddabidarakallu Sub Division,BBMP,BBMP Kengeri Rajarajeshwarinagar,Other Works,Awarded,,GAURAV R (1)( R P CONSTRUCTIONS AND ENGINEERS ),2928856.98,24-02-2025 13:16:16
27,146928,BBMP/2024-25/OW/WORK_INDENT5615/CALL-2,"Development of Roads and Drains at Hosahalli Colony, SC/ST Populated Area In Ward No.27, Lingadheeranahalli.",BBMP,BBMP Kengeri Rajarajeshwarinagar,Other Works,Awarded,,K M MAHADEVA SWAMY,3469583.66,31-12-2024 14:54:11
27,142765,BBMP/2024-25/RD/WORK_INDENT4114/CALL-2,Improvements of Roads and Drains at Hoshalli & Thunganagara Surrounding Layouts Limits In Ward No.27 Lingadheeranahalli.,BBMP,BBMP Kengeri Rajarajeshwarinagar,Roads,Awarded,,,,13-12-2024 15:11:10
27,139741,BBMP/2024-25/OW/WORK_INDENT5787,"Improvements of Drain, Roads and Other Basic Infrastructure in Andrahalli, Balaji Layout and Vidyamanya Nagara Layout in Ward No-27 Lingadheeranahlli",BBMP,BBMP Kengeri Rajarajeshwarinagar,Other Works,Awarded,,PRITHVI RAJ,4974188.36,02-12-2024 15:33:04
27,138714,BBMP/2024-25/OW/WORK_INDENT5651,"Development of Roads and Drains at Thigalarapalaya, Andrahalli Colony SC/ST Populated Area In Ward No.27 Lingadheeranahalli.",BBMP,BBMP Kengeri Rajarajeshwarinagar,Other Works,Awarded,,NINGARAJU R (1),707286.03,28-11-2024 13:42:17
27,125969,BBMP/2024-25/RD/WORK_INDENT4113,"Improvements of Roads and Drains at Andrahalli, Thigalarpalaya Surrounding Layouts Limits In Ward No.27 Lingadheeranahalli.",BBMP,BBMP Kengeri Rajarajeshwarinagar,Roads,Awarded,,VISHWANATHGOUDA SHANKARAGOUDA HIREGOUDAR( UJJWALA ENTERPRISES ),662045.64,09-10-2024 12:34:55
27,110785,BBMP/2024-25/OW/WORK_INDENT3618,Improvements and Maintenance of Footpath in Ward No-27 Lingadheeranahalli for the year 2024-25,BBMP,BBMP Kengeri Rajarajeshwarinagar,Other Works,Awarded,,PRAKASH NAIK H,2124038.00,19-08-2024 15:28:08
27,110770,BBMP/2024-25/RD/WORK_INDENT3626,Providing Pothole Filling Works in Ward No. 27-Lingadheeranahalli Ward Limits for the year 2024-25,BBMP,BBMP Kengeri Rajarajeshwarinagar,Roads,Awarded,,,,19-08-2024 11:35:47
27,56435,BBMP/2023-24/OW/WORK_INDENT1380,Improvements and Maintenance of Footpath in Ward No-27 Lingadheeranahalli for the year 2023-24,BBMP,BBMP Kengeri Rajarajeshwarinagar,Other Works,Awarded,,,,24-01-2024 18:01:35
27,48828,BBMP/2023-24/OW/WORK_INDENT1165,"Comprehensive Development of Roads, Drains and Footpath Beautification in 3rd Cross HRBR 1st Block, Nehru Road HRBR Layout, 5th Main Road, 2nd Block HRBR Layout ,Comprehensive Development of Road and Drains at OMBR Layout, HRBR Layout 1st Block in Ward No 27 and 29 (Package-1)",BBMP,BBMP Sarvagnanagar East,Other Works,Awarded,84000673.3,,,02-01-2024 15:32:05
28,205152,BBMP/2025-26/OW/WORK_INDENT8009,"Comprenshive Development of Road Drains Constructions of culverts at Mahadeshwara nagara, Muneshwara nagara and surrounding area in ward no-28 Herohalli.",BBMP,BBMP Kengeri Rajarajeshwarinagar,Other Works,Awarded,,,,10-07-2025 15:48:20
28,205111,BBMP/2025-26/OW/WORK_INDENT8008,"Comprenshive Development of Road Drains Constructions of culverts at Herohalli colony Back side anjaneya temple, and surrounding area in ward no-28 Herohalli.",BBMP,BBMP Kengeri Rajarajeshwarinagar,Other Works,Awarded,,NAVEEN S,5674730.95,10-07-2025 15:47:32
28,205104,BBMP/2025-26/OW/WORK_INDENT8007,"Comprenshive Development of Road Drains Constructions of culverts at Vinayaka nagara, and surrounding area in ward no-28 Herohalli.",BBMP,BBMP Kengeri Rajarajeshwarinagar,Other Works,Awarded,,,,10-07-2025 15:46:21
28,198252,BBMP/2025-26/OW/WORK_INDENT7731,Pothole Filling at Main and Cross Roads of Herohalli Ward Limits in Ward No-28 of Herohalli Sub-Division For the Year 2025-26,BBMP,BBMP Kengeri Rajarajeshwarinagar,Other Works,Awarded,,Chandrareddy Sahebgouda Malipatil,237792.07,17-06-2025 12:17:31
28,198160,BBMP/2025-26/OW/WORK_INDENT7720,Desilting of Main and Cross Roads Drains and other Maintence Works at Herohalli Ward Limits in Ward No-28 of Herohalli Sub-Division For the Year 2025-26,BBMP,BBMP Kengeri Rajarajeshwarinagar,Other Works,Awarded,,,,17-06-2025 11:54:54
28,161897,BBMP/2024-25/OW/WORK_INDENT6586,Improvements of Roads and Drains at Veerabhadreshwara Nagara and Surrounding area in Ward No-28 Herohalli of Herohalli Sub Division,BBMP,BBMP Kengeri Rajarajeshwarinagar,Other Works,Awarded,,,,24-02-2025 13:24:01
28,161916,BBMP/2024-25/OW/WORK_INDENT6589,Improvements of Roads and Drains at Prasanna Layout and Vigneshwara and Surrounding areas in Ward No-28 Herohalli of Herohalli Sub Division,BBMP,BBMP Kengeri Rajarajeshwarinagar,Other Works,Awarded,,AVINASHMASTI Y H,41848870.61,24-02-2025 13:22:16
28,161908,BBMP/2024-25/OW/WORK_INDENT6588,"Improvements of Roads and Drains at Muddiyanapalya, Raghavendra Badavane, Ganesha Farm, Muneshwara Badavane and Surrounding areas in Ward No-28 Herohalli of Herohalli Sub Division",BBMP,BBMP Kengeri Rajarajeshwarinagar,Other Works,Awarded,,,,24-02-2025 13:20:59
28,161903,BBMP/2024-25/OW/WORK_INDENT6587,"Improvements of Roads and Drains at Benagalurappa Badavane, Srinidhi Layout and Surrounding areas in Ward No-28 Herohalli of Herohalli Sub Division",BBMP,BBMP Kengeri Rajarajeshwarinagar,Other Works,Awarded,,S Krishna,62072448.28,24-02-2025 13:19:21
28,154146,BBMP/2024-25/OW/WORK_INDENT6371,"Providing and Installation of Temporary CCTV Camera, Barricadding Facility , E- Toilet & Asphalting roads With Other Maintenance Works at Herohalli Anjaneya Swamy Temple Surrounding Area in Ward No-28 Herohalli",BBMP,BBMP Kengeri Rajarajeshwarinagar,Other Works,Awarded,,VENKATESH,1647336.37,29-01-2025 15:36:55
28,138697,BBMP/2024-25/OW/WORK_INDENT5616,"Improvements of Roads Drains and Construction of Culverts at Herohalli Colony in ward No.28, Herohalli",BBMP,BBMP Kengeri Rajarajeshwarinagar,Other Works,Awarded,,Somling Hanmanthappa Bomnalli,911067.00,28-11-2024 13:36:58
28,133503,BBMP/2024-25/RD/WORK_INDENT4122/CALL-2,Improvements of Roads Drains and Construction of Culverts at Right Side of Thunganagar and Surrounding areas in ward No.28 Herohalli,BBMP,BBMP Kengeri Rajarajeshwarinagar,Roads,Awarded,,,,12-11-2024 13:54:05
28,125971,BBMP/2024-25/RD/WORK_INDENT4115,Improvements of Roads Drains and Construction of Culverts at Herohalli Ward Limits in ward No28 Herohalli,BBMP,BBMP Kengeri Rajarajeshwarinagar,Roads,Awarded,,TALAVARA HONNURAPPA( DEVARAKOLLADA SRI ANNAPOORNESHWARI CONSTRUCTION ),1218231.42,09-10-2024 12:37:52
28,110787,BBMP/2024-25/OW/WORK_INDENT3619,Improvements and Maintenance of Footpath in Ward No-28 Herohalli for the year 2024-25,BBMP,BBMP Kengeri Rajarajeshwarinagar,Other Works,Awarded,,Shankar Naik,1067523.14,19-08-2024 15:29:54
28,110754,BBMP/2024-25/RD/WORK_INDENT3627,Providing Pothole Filling Works in Ward No. 28-Herohalli Ward Limits for the year 2024-25,BBMP,BBMP Kengeri Rajarajeshwarinagar,Roads,Awarded,,ASHOK (1),420104.03,19-08-2024 11:41:36
28,87103,BBMP/2024-25/OW/WORK_INDENT3222,Comprehensive Development of Road and Drain at Rajkumar Park and Surrounding Area in Ward No. 28/81 Kammanahalli,BBMP,BBMP Sarvagnanagar East,Other Works,Awarded,,,,04-06-2024 12:13:18
28,87112,BBMP/2024-25/OW/WORK_INDENT3139,Comprehensive Development of Road and drain at 2nd Block HRBR Layout and Surrounding area in Ward No-28/81 Kammanahalli,BBMP,BBMP Sarvagnanagar East,Other Works,Awarded,,,,04-06-2024 12:11:04
28,48870,BBMP/2023-24/OW/WORK_INDENT1166,"Comprehensive Development of Roads And Drains at Kariyanna Palya, Jeevanahalli, Nagaiahna Palya, ITC Colony, Improvements of Roads, Drains and Footpath at Beerappa Road 1st, 2nd and 3rd Cross, at Aralimara Road, Subbaiahna Palya, Sadashiva Temple Main Road and Cross Roads of Kanakadasa Layout and Beautification at Sathyanagara in ward No 28, 49 and 59 (Package-2)",BBMP,BBMP Sarvagnanagar East,Other Works,Awarded,83962614.46,VENKATESH,1860048.10,02-01-2024 15:33:31
29,205178,BBMP/2025-26/OW/WORK_INDENT8013,Construction of culverts in ullal upnagara and Upkar layout in ward no 29 Ullal,BBMP,BBMP Kengeri Rajarajeshwarinagar,Other Works,Awarded,,,,10-07-2025 15:51:23
29,205170,BBMP/2025-26/OW/WORK_INDENT8012,Construction of roads and drains in Kodagu Samaja surrounding area in Ward No-29 Ullal,BBMP,BBMP Kengeri Rajarajeshwarinagar,Other Works,Awarded,,,,10-07-2025 15:50:33
29,205138,BBMP/2025-26/OW/WORK_INDENT8010,"Comprenshive Development of Road Drains Constructions of culverts at Neelakanteshwara badavane, Muneshwara nagara and surrounding area in ward no-29 Ullal",BBMP,BBMP Kengeri Rajarajeshwarinagar,Other Works,Awarded,,Deexith,196314.25,10-07-2025 15:49:02
29,198254,BBMP/2025-26/OW/WORK_INDENT7733,Pothole Filling at Main and Cross Roads of Ullal Ward Limits in Ward No-29 of Herohalli Sub-Division For the Year 2025-26,BBMP,BBMP Kengeri Rajarajeshwarinagar,Other Works,Awarded,,ZAKRIA FAZIQ,235909793.00,17-06-2025 12:18:50
29,198165,BBMP/2025-26/OW/WORK_INDENT7721,Desilting of Main and Cross Roads Drains and other Maintence Works at Ullal Ward Limits in Ward No-29 of Herohalli Sub-Division For the Year 2025-26,BBMP,BBMP Kengeri Rajarajeshwarinagar,Other Works,Awarded,,DARSHAN ASHOK KOLI,4220446.92,17-06-2025 12:08:56
29,161933,BBMP/2024-25/OW/WORK_INDENT6582,"Improvements of Roads and Drains at Basappa Layout, AGS Layout, Basaveshwarabadavane, Neelakanteshwara Badavane and Surrounding Areas in Ward No-29 Ullal of Herohalli Sub Division",BBMP,BBMP Kengeri Rajarajeshwarinagar,Other Works,Awarded,,,,24-02-2025 13:28:05
29,161923,BBMP/2024-25/OW/WORK_INDENT6581,"Improvements of Roads and Drains at Nisarga Layout, HMT Layout, Upkar Layout and Surrounding Areas in Ward No-29 Ullal of Herohalli Sub Division",BBMP,BBMP Kengeri Rajarajeshwarinagar,Other Works,Awarded,,,,24-02-2025 13:27:02
29,138703,BBMP/2024-25/OW/WORK_INDENT5617,"Improvements of Roads, Drains and Construction of Culverts at Ullal Upanagara and Ambedkar Nagar Surrounding Araes in ward No.29, Ullal",BBMP,BBMP Kengeri Rajarajeshwarinagar,Other Works,Awarded,,VIJAYA H,334689.55,28-11-2024 13:38:45
29,125961,BBMP/2024-25/RD/WORK_INDENT4123,Improvements of Roads Drains and Construction of Culverts at Chaitanya school To SWD and Surrounding Areas in ward No29 Ullal,BBMP,BBMP Kengeri Rajarajeshwarinagar,Roads,Awarded,,,,09-10-2024 12:57:57
29,125972,BBMP/2024-25/RD/WORK_INDENT4116,Improvements of Roads Drains and Construction of Culverts at Ullal Upanagara and Surrounding Areas in ward No.29 Ullal,BBMP,BBMP Kengeri Rajarajeshwarinagar,Roads,Awarded,,,,09-10-2024 12:39:35
29,110788,BBMP/2024-25/OW/WORK_INDENT3620,Improvements and Maintenance of Footpath in Ward No-29 Ullalu for the year 2024-25,BBMP,BBMP Kengeri Rajarajeshwarinagar,Other Works,Awarded,,Gnanendra Murthy M D,1994442.46,19-08-2024 15:32:33
29,110755,BBMP/2024-25/RD/WORK_INDENT3628,Providing Pothole Filling Works in Ward No. 29-Ullalu Ward Limits for the year 2024-25,BBMP,BBMP Kengeri Rajarajeshwarinagar,Roads,Awarded,,BHAGYAMMA K N,796800.00,19-08-2024 11:49:54
30,205211,BBMP/2025-26/OW/WORK_INDENT8061,"Improvements of road, drains and culverts in RR layout and Upadhyaya layout surrounding area in ward no - 30 Nagadevanhalli",BBMP,BBMP Kengeri Rajarajeshwarinagar,Other Works,Awarded,,,,10-07-2025 15:55:13
30,205205,BBMP/2025-26/OW/WORK_INDENT8060,"Improvements of road,drains and culverts in Jnanabharati 2nd stage surrounding area in ward no - 30 Nagadevanhalli",BBMP,BBMP Kengeri Rajarajeshwarinagar,Other Works,Awarded,,,,10-07-2025 15:54:30
30,205203,BBMP/2025-26/OW/WORK_INDENT8055,"Improvements of road, drains and culverts in Janatha colony and Mariyappan palya surrounding area in ward no - 30 Nagadevanhalli",BBMP,BBMP Kengeri Rajarajeshwarinagar,Other Works,Awarded,,,,10-07-2025 15:53:44
30,205196,BBMP/2025-26/OW/WORK_INDENT8049,"Improvements of road,drains and footpath maintenance in Raju layout and surrounding area in ward no - 30 Nagadevanhalli",BBMP,BBMP Kengeri Rajarajeshwarinagar,Other Works,Awarded,,Deexith,194132.50,10-07-2025 15:52:17
30,198255,BBMP/2025-26/OW/WORK_INDENT7735,Pothole Filling at Main and Cross Roads of Nagadevanahalli Ward Limits in Ward No-30 of Herohalli Sub-Division For the Year 2025-26,BBMP,BBMP Kengeri Rajarajeshwarinagar,Other Works,Awarded,,,,17-06-2025 12:02:21
30,198167,BBMP/2025-26/OW/WORK_INDENT7722,Desilting of Main and Cross Roads Drains and other Maintence Works at Nagadevanahalli Ward Limits in Ward No-30 of Herohalli Sub-Division For the Year 2025-26,BBMP,BBMP Kengeri Rajarajeshwarinagar,Other Works,Awarded,,SURESH KRISHNA MESTA,18290.55,17-06-2025 11:56:58
30,125975,BBMP/2024-25/RD/WORK_INDENT4118,"Improvements of Roads Drains and Construction of Culverts at Mariyappanapalya, Shivu Layout & Surrounding area in ward No.30, Nagadevanahalli",BBMP,BBMP Kengeri Rajarajeshwarinagar,Roads,Awarded,,VISHAL KODAND (1),581272.00,09-10-2024 12:41:10
30,125974,BBMP/2024-25/RD/WORK_INDENT4117,Improvements of Roads Drains and Construction of Culverts at Nagadevanahalli Village Limits Bhuvaneshwari Nagar & Surrounding area in ward No.30 Nagadevanahalli,BBMP,BBMP Kengeri Rajarajeshwarinagar,Roads,Awarded,,SAGAR A T( S S ENTERPRISES  ),709800.00,09-10-2024 12:40:26
30,110789,BBMP/2024-25/OW/WORK_INDENT3621,Improvements and Maintenance of Footpath in Ward No-30 Nagadevanahalli for the year 2024-25,BBMP,BBMP Kengeri Rajarajeshwarinagar,Other Works,Awarded,,,,19-08-2024 15:34:24
30,110756,BBMP/2024-25/RD/WORK_INDENT3629,Providing Pothole Filling Works in Ward No. 30-Nagadevanahalli Ward Limits for the year 2024-25,BBMP,BBMP Kengeri Rajarajeshwarinagar,Roads,Awarded,,BARKATHALI,2303437.54,19-08-2024 11:55:16
31,205271,BBMP/2025-26/OW/WORK_INDENT8077,"Comprehensive development of roads drains and culverts in Gandinagars Subhash nagara and surrounding areas in ward 31, Bandemutt",BBMP,BBMP Kengeri Rajarajeshwarinagar,Other Works,Awarded,,,,10-07-2025 16:29:22
31,205234,BBMP/2025-26/OW/WORK_INDENT8074,"Comprehensive development of roads, drains and culverts in Kengeri kote and surrounding areas in ward 31, Bandemutt",BBMP,BBMP Kengeri Rajarajeshwarinagar,Other Works,Awarded,,,,10-07-2025 15:58:17
31,205228,BBMP/2025-26/OW/WORK_INDENT8071,"Comprehensive development of roads, drains and culvert in Brundhavan layout, Balaji layout in ward 31, Bandemutt",BBMP,BBMP Kengeri Rajarajeshwarinagar,Other Works,Awarded,,PRAKASH POLICEGOUDAR,2915810.56,10-07-2025 15:57:35
31,205225,BBMP/2025-26/OW/WORK_INDENT8067,"Comprehensive development of roads and drain in Bandemutta, Arunachala layout in ward 31, Bandemutt",BBMP,BBMP Kengeri Rajarajeshwarinagar,Other Works,Awarded,,,,10-07-2025 15:56:50
31,205220,BBMP/2025-26/OW/WORK_INDENT8063,"Comprehensive development of roads and drains in KHB layout, Arundathi nagara in ward 31 Bandemutt",BBMP,BBMP Kengeri Rajarajeshwarinagar,Other Works,Awarded,,MUTHIGE APPANNAGOWDA KRISHNA KUMAR,3298500.59,10-07-2025 15:56:06
31,199077,BBMP/2025-26/OW/WORK_INDENT7818,Comprehensive Development of Roads and Drains at Gandhinagara Mini Gandhinagara Bapuji Colony Kengeri Kote and Arundhathi Nagara in ward No-31 Bandemutt,BBMP,BBMP Kengeri Rajarajeshwarinagar,Other Works,Awarded,,,,20-06-2025 12:09:57
31,198256,BBMP/2025-26/OW/WORK_INDENT7740,Pothole Filling Works In Ward No.31-Bandemutt For The Year 2025-26,BBMP,BBMP Kengeri Rajarajeshwarinagar,Other Works,Awarded,,ZAKRIA FAZIQ,227679641.44,17-06-2025 12:20:52
31,138718,BBMP/2024-25/OW/WORK_INDENT5662,"Improvements of Roads, Drains and Construction of Culverts at Kengeri Kote area in ward No.31, Bandemutt.",BBMP,BBMP Kengeri Rajarajeshwarinagar,Other Works,Awarded,,KHAJA HUSSAIN( ILAHI ENTERPRISES ),3796163.00,28-11-2024 13:43:15
31,125977,BBMP/2024-25/RD/WORK_INDENT4120,"Improvements of Roads, Drains and Construction of Culverts at Brundavan Layout, Swathinagara and Drilling of Borewell at Babusahebara Palya in ward No.31, Bandemutt.",BBMP,BBMP Kengeri Rajarajeshwarinagar,Roads,Awarded,,SAGAR A T( S S ENTERPRISES  ),1066723.30,09-10-2024 12:43:09
31,125976,BBMP/2024-25/RD/WORK_INDENT4119,"Improvements of Roads, Drains and Construction of Culverts at Mini Gandhinagara, Kengeri Upanagara and Surrounding areas in ward No.31, Bandemutt",BBMP,BBMP Kengeri Rajarajeshwarinagar,Roads,Awarded,,SAGAR A T( S S ENTERPRISES  ),1066723.30,09-10-2024 12:41:54
31,110790,BBMP/2024-25/OW/WORK_INDENT3622,Improvements and Maintenance of Footpath in Ward No-31 Bandematta for the year 2024-25,BBMP,BBMP Kengeri Rajarajeshwarinagar,Other Works,Awarded,,MAHESH P,399963.31,19-08-2024 15:36:51
31,110758,BBMP/2024-25/RD/WORK_INDENT3630,Providing Pothole Filling Works in Ward No. 31-Bundematt Ward Limits for the year 2024-25,BBMP,BBMP Kengeri Rajarajeshwarinagar,Roads,Awarded,,,,19-08-2024 11:59:27
32,205280,BBMP/2025-26/OW/WORK_INDENT8081,"Comprehensive development of roads, drains and culverts in Shirke layout, Gnanabharathi 1st block in ward 32, Kengeri",BBMP,BBMP Kengeri Rajarajeshwarinagar,Other Works,Awarded,,RIYAZ AHMED( MBRC AND INFRASTRUCTURE PRIVATE LIMITED ),35389587.44,10-07-2025 16:33:57
32,205278,BBMP/2025-26/OW/WORK_INDENT8080,"Comprehensive development of roads,drains and culvert in Kenchenahalli, Pattangere village in ward 32, Kengeri",BBMP,BBMP Kengeri Rajarajeshwarinagar,Other Works,Awarded,,CHETAN SHIDAGOUDA MUDALGI,320516.65,10-07-2025 16:32:19
32,205275,BBMP/2025-26/OW/WORK_INDENT8079,"Comprehensive development of roads and drain in Dubasipalya, Shivanapalya, Bhairavanagara in ward 32, Kengeri",BBMP,BBMP Kengeri Rajarajeshwarinagar,Other Works,Awarded,,ISHWAR DASHARATH SANADI,320516.60,10-07-2025 16:31:19
32,205272,BBMP/2025-26/OW/WORK_INDENT8078,"Comprehensive development of roads and drains in Mylasandra village, Anchekeri, Harsha layout in ward 32 Kengeri",BBMP,BBMP Kengeri Rajarajeshwarinagar,Other Works,Awarded,,,,10-07-2025 16:30:28
32,199085,BBMP/2025-26/OW/WORK_INDENT7819,"Comprehensive Development of Roads and Drains at Pattanagere Colony, Mylasandra, Shivanapalya, Railway Station area (Harsha Layout) in Ward No-32 Kengeri",BBMP,BBMP Kengeri Rajarajeshwarinagar,Other Works,Awarded,,Manoj Naik B M,3897399.73,20-06-2025 12:11:45
32,198257,BBMP/2025-26/OW/WORK_INDENT7742,Pothole Filling Works In Ward No.32-Kengeri For The Year 2025-26,BBMP,BBMP Kengeri Rajarajeshwarinagar,Other Works,Awarded,,,,17-06-2025 12:23:07
32,138711,BBMP/2024-25/OW/WORK_INDENT5637,"Improvements of Roads, Drains and Construction of Culverts at Karumariyamma badavane (Shivanapalya) Pattanagere and Kengeri Railway Station area (Harsha Layout) in Ward No-32 Kengeri.",BBMP,BBMP Kengeri Rajarajeshwarinagar,Other Works,Awarded,,SHIVALILA( SPOORTHI ENTERPRISES ),3841006.90,28-11-2024 13:41:20
32,133510,BBMP/2024-25/RD/WORK_INDENT4124/CALL-2,"Improvements of Roads, Drains and Construction of Culverts at Dubasipalya, Shirke and M.T.S. Layout Surrounding area in ward No.32, Kengeri.",BBMP,BBMP Kengeri Rajarajeshwarinagar,Roads,Awarded,,ANIL KUMAR LUCKSHETTY( ANILKUMAR LUCKSHETTY ),2328870.00,12-11-2024 13:55:26
32,125978,BBMP/2024-25/RD/WORK_INDENT4121,"Improvements of Roads, Drains and Construction of Culverts at Mylasandra Village, Pattanagere and Vijayashree Layout in ward No.32, Kengeri.",BBMP,BBMP Kengeri Rajarajeshwarinagar,Roads,Awarded,,RAHUL JITURI( BALAJI ELECTRICALS ),140500.00,09-10-2024 12:44:02
32,110791,BBMP/2024-25/OW/WORK_INDENT3623,Improvements and Maintenance of Footpath in Ward No-32 Kengeri for the year 2024-25,BBMP,BBMP Kengeri Rajarajeshwarinagar,Other Works,Awarded,,,,19-08-2024 15:39:30
32,110761,BBMP/2024-25/RD/WORK_INDENT3631,Providing Pothole Filling Works in Ward No. 32-Kengeri Ward Limits for the year 2024-25,BBMP,BBMP Kengeri Rajarajeshwarinagar,Roads,Awarded,,GUDIYAPPA SHIVA PRAKASH,421118.80,19-08-2024 12:04:07
33,205302,BBMP/2025-26/OW/WORK_INDENT8085,"Comprehensive development of roads, drains and culverts in Vajarahalli village, Thalaghattapura village in ward 33 Hemmigepura",BBMP,BBMP Kengeri Rajarajeshwarinagar,Other Works,Awarded,,M Chandrakanth,3904087.35,10-07-2025 16:38:00
33,205293,BBMP/2025-26/OW/WORK_INDENT8084,"Comprehensive development of roads,drains and culvert in chikkegowdanapalya, Lingadheeranahalli village in ward 33, Hemmigepura",BBMP,BBMP Kengeri Rajarajeshwarinagar,Other Works,Awarded,,,,10-07-2025 16:36:55
33,205290,BBMP/2025-26/OW/WORK_INDENT8083,"Comprehensive development of roads and drain in Chaitanya nagara, Sridharagudda road in ward 33, Hemmigepura",BBMP,BBMP Kengeri Rajarajeshwarinagar,Other Works,Awarded,,Anand Basti,843319.11,10-07-2025 16:35:43
33,205283,BBMP/2025-26/OW/WORK_INDENT8082,Comprehensive development of roads and drains in Kodipalya village in ward 33 Hemmigepura,BBMP,BBMP Kengeri Rajarajeshwarinagar,Other Works,Awarded,,MANJU M( M M CIVIL CONSULTANTS ),2824669.89,10-07-2025 16:34:45
33,198267,BBMP/2025-26/OW/WORK_INDENT7738,Pothole Filling Works In Ward No.33-Hemmigepura For The Year 2025-26,BBMP,BBMP Kengeri Rajarajeshwarinagar,Other Works,Awarded,,,,17-06-2025 12:04:25
33,138729,BBMP/2024-25/OW/WORK_INDENT5676,"Improvements of Roads, Drains and Construction of Culverts at Bhovi Colony and Srinivasapura in ward No.33, Hemmigepura.",BBMP,BBMP Kengeri Rajarajeshwarinagar,Other Works,Awarded,,ALLABAKSHA MAKABULASAB DABADI,4372468.27,28-11-2024 13:45:13
33,138726,BBMP/2024-25/OW/WORK_INDENT5672,"Reconstruction of Culverts, Drains and Concrete road at Bhovi Colony in Ward No-33 Hemmigepura",BBMP,BBMP Kengeri Rajarajeshwarinagar,Other Works,Awarded,,M R Girish Gowda,5203790.25,28-11-2024 13:44:04
33,133515,BBMP/2024-25/RD/WORK_INDENT4125/CALL-2,"Improvements of Roads, Drains and Construction of Culverts at Shankarappa Layout and BCMC Layout in ward No.33, Hemmigepura.",BBMP,BBMP Kengeri Rajarajeshwarinagar,Roads,Awarded,,,,12-11-2024 13:56:01
33,125965,BBMP/2024-25/RD/WORK_INDENT4129,"Improvements of Roads, Drains and Construction of Culverts at Thalaghattapura (Vajramuneshwara Road) and Ganigara Palya in ward No.33, Hemmigepura.",BBMP,BBMP Kengeri Rajarajeshwarinagar,Roads,Awarded,,D NITHIN,305759.00,09-10-2024 13:02:21
33,125964,BBMP/2024-25/RD/WORK_INDENT4128,"Improvements of Roads, Drains and Construction of Culverts at Kodipalya (Nimishamba Layout) and Krishna Garden in ward No.33, Hemmigepura.",BBMP,BBMP Kengeri Rajarajeshwarinagar,Roads,Awarded,,SUNIL B S,1936126.56,09-10-2024 13:01:21
33,110792,BBMP/2024-25/OW/WORK_INDENT3624,Improvements and Maintenance of Footpath in Ward No-33 Hemmigepura for the year 2024-25,BBMP,BBMP Kengeri Rajarajeshwarinagar,Other Works,Awarded,,Gnanendra Murthy M D,2095109.26,19-08-2024 15:43:22
33,110764,BBMP/2024-25/RD/WORK_INDENT3632,Providing Pothole Filling Works in Ward No. 33-Hemmigepura Ward Limits for the year 2024-25,BBMP,BBMP Kengeri Rajarajeshwarinagar,Roads,Awarded,,,,19-08-2024 12:09:21
35,135591,BBMP/2024-25/OW/WORK_INDENT5411,Desilting of Drains and cleaning road side debris in Ward No 56 (Old Ward No 35) -Aramanenagar,BBMP,BBMP Malleshwaram West,Other Works,Awarded,,CHANDRASHEKAR MANJUNATH,962566.14,19-11-2024 12:15:31
35,135860,BBMP/2024-25/OW/WORK_INDENT5414,Maintenance of Footpath work in Ward No 56 (Old Ward No 35) -Aramanenagar,BBMP,BBMP Malleshwaram West,Other Works,Awarded,,,,19-11-2024 12:14:51
35,114845,BBMP/2024-25/RD/WORK_INDENT3714,Pothole Filling Works in Ward No.35-Yeshwanthpura for the year 2024-25 in Rajarajeshwarinagara Division.,BBMP,BBMP Rajarajeshwarinagar Division,Roads,Awarded,,VITHAL BASAPPA ALAGUNDI,458406.20,28-08-2024 14:04:37
36,135890,BBMP/2024-25/OW/WORK_INDENT5415,Desilting of Drains and cleaning road side debris in Ward No 54 (Old ward No-36) Mathikere,BBMP,BBMP Malleshwaram West,Other Works,Awarded,,NAYAN,787366.62,19-11-2024 12:14:14
36,135906,BBMP/2024-25/OW/WORK_INDENT5417,Maintenance of Footpath work in Ward No 54 (Old ward No-36) Mathikere,BBMP,BBMP Malleshwaram West,Other Works,Awarded,,,,19-11-2024 12:13:22
39,178499,BBMP/2025-26/OW/WORK_INDENT6215,Development of roads and drain at Arasamma Temple surrounding area in Preethi Nagara in ward no 69 Laggere(New ward no 39),BBMP,BBMP Rajarajeshwarinagar Division,Other Works,Awarded,,,,08-04-2025 12:31:41
45,135948,BBMP/2024-25/OW/WORK_INDENT5421,Maintenance of Footpath work in Ward No 55 (Old ward No-45) - Malleshwaram,BBMP,BBMP Malleshwaram West,Other Works,Awarded,,,,19-11-2024 12:18:22
45,135916,BBMP/2024-25/OW/WORK_INDENT5420,Desilting of Drains and cleaning road side debris in Ward No 55 (Old ward No-45) - Malleshwaram,BBMP,BBMP Malleshwaram West,Other Works,Awarded,,,,19-11-2024 12:12:45
46,212014,BBMP/2025-26/RD/WORK_INDENT8459,"Repairs & maintenance, desilting of drains in ward no.46 Rajeevnagara",BBMP,BBMP Mahalakshmipuram West,Roads,Awarded,2466376.86,,,02-08-2025 12:17:59
46,205675,BBMP/2025-26/RD/WORK_INDENT8087,Construction of Retaining wall at KHB Colony and Improvements to roads and drains in Krishnanandanagara and Vijayanandanagara in Rajeevnagara ward no.46,BBMP,BBMP Mahalakshmipuram West,Roads,Awarded,21697021.62,,,11-07-2025 18:09:06
46,190035,BBMP/2025-26/RD/WORK_INDENT7276,Improvements to roads drains and other Improvements works at Ganesha block Saraswathipura & J.C.Nagara in ward No.48 Mahalakshmipuram and krishnandanagara ward No.46 Rajeevnagara,BBMP,BBMP Mahalakshmipuram West,Roads,Awarded,20160706.48,,,16-05-2025 11:35:00
46,166022,BBMP/2024-25/RD/WORK_INDENT6727,Improvements of roads and drains in ward no.46 Rajeevnagara,BBMP,BBMP Mahalakshmipuram West,Roads,Awarded,12094346.45,,,06-03-2025 17:29:47
46,141533,BBMP/2024-25/RD/WORK_INDENT5862,"Improvements of roads and drains and other allied works in ward no-46 Rajeevnagara (Block Nos-4, 5-2, 28-2,3,2)",BBMP,BBMP Mahalakshmipuram West,Roads,Awarded,11230481.98,,,16-12-2024 14:04:10
46,143382,BBMP/2024-25/RD/WORK_INDENT5863,"Improvements to roads, drains Gajanana slum Part-I in ward no-46 Rajeevnagara (Block no-4, 5-2,28-2, 3,2)",BBMP,BBMP Mahalakshmipuram West,Roads,Awarded,1531691.52,GOVINDAPPA V,1492955.00,16-12-2024 14:01:46
46,138232,BBMP/2024-25/RD/WORK_INDENT5660,Pothole Filling work in Ward No 46 Rajeev Nagara,BBMP,BBMP Mahalakshmipuram West,Roads,Awarded,1218944.63,,,26-11-2024 15:05:59
46,138067,BBMP/2024-25/RD/WORK_INDENT5649,"Comprehancive work of Maintenance of footpath, roads, desilting of drains and pot holes filling in ward No.46,47,48 & 49 Nagapura sub division",BBMP,BBMP Mahalakshmipuram West,Roads,Awarded,15318764.02,,,26-11-2024 14:56:39
46,138156,BBMP/2024-25/RD/WORK_INDENT5652,"Improvements of roads and drains at Shankaranagar, Srikanteshwaranagar, Rajeevgandhi nagar, Vijayananda Nagar and surrounding area in Ward 46 Rajeevnagara",BBMP,BBMP Mahalakshmipuram West,Roads,Awarded,10051322.61,,,26-11-2024 14:55:28
46,77875,BBMP/2023-24/RD/WORK_INDENT2931,"Detailed Estimate for Bad reaches of Asphalt roads and allied works in ward No.46,47 & 48",BBMP,BBMP Mahalakshmipuram West,Roads,Awarded,35314336.46,,,04-03-2024 16:58:46
47,212155,BBMP/2025-26/RD/WORK_INDENT8476,"Repairs & maintenance, desilting of drains in ward no.47 Dr.Puneeth Rajkumar",BBMP,BBMP Mahalakshmipuram West,Roads,Awarded,2467695.0,,,02-08-2025 12:26:09
47,205680,BBMP/2025-26/RD/WORK_INDENT8088,"Improvements of roads and drains at 4th, 4th A main Ramakrishnanagara and 7th main to 14th main from 3rd cross to service road 4th block and Surrounding area in Nandini Layout Dr.Puneeth Rajkumar ward no.47",BBMP,BBMP Mahalakshmipuram West,Roads,Awarded,20891901.89,,,11-07-2025 18:10:18
47,166063,BBMP/2024-25/RD/WORK_INDENT6728,"Improvements to roads and drains Jaimaruthinagara, Srinivasanagara, Nandini Layout, 4th Block, Kanteeravanagara 1st and 2nd Block Parimalanagara in Dr.Puneethrajkumar ward no.47",BBMP,BBMP Mahalakshmipuram West,Roads,Awarded,40306687.85,K ANJANAPPA,3021938.47,06-03-2025 17:26:40
47,156924,BBMP/2024-25/RD/WORK_INDENT6474,Improvements of roads and drains in ward No.48 mahalakshmipuram and ward No.49 Nagapura & Additional works to Exisiting ward office in Dr.Puneethrajkumar ward No.47,BBMP,BBMP Mahalakshmipuram West,Roads,Awarded,17257397.68,SREENIVAS MOTURI,1669208.54,07-02-2025 15:54:19
47,138288,BBMP/2024-25/RD/WORK_INDENT5668,Desilting of Drains in Ward No 47 Dr Puneeth Rajkumar,BBMP,BBMP Mahalakshmipuram West,Roads,Awarded,2438647.07,MADARAJE URS,2431368.24,26-11-2024 15:01:02
47,138165,BBMP/2024-25/RD/WORK_INDENT5653,"Improvements of roads and drains, culverts and desilting at Jaimaruthinagar , PWD Quarters roads ,Circular Roads, 4th block & Srinivasanagar surrounding area Ward No. 47- Dr Puneeth Rajkumar",BBMP,BBMP Mahalakshmipuram West,Roads,Awarded,10078103.79,AVINASHA BANGERE NINGAPPA,170821.35,26-11-2024 14:54:50
48,212148,BBMP/2025-26/RD/WORK_INDENT8475,"Repairs & maintenance, desilting of drains in ward no.48 Mahalakshmi Layout",BBMP,BBMP Mahalakshmipuram West,Roads,Awarded,2463034.52,,,02-08-2025 12:25:29
48,205690,BBMP/2025-26/RD/WORK_INDENT8089,"Improvements of roads and drains at Mico Layout, JC Nagara and surrounding area in Mahalakshmi Layout ward no.48",BBMP,BBMP Mahalakshmipuram West,Roads,Awarded,20370746.34,FAKKIRAGOUDA BASANAGOUDA PATIL,33910046.47,11-07-2025 18:09:34
48,190035,BBMP/2025-26/RD/WORK_INDENT7276,Improvements to roads drains and other Improvements works at Ganesha block Saraswathipura & J.C.Nagara in ward No.48 Mahalakshmipuram and krishnandanagara ward No.46 Rajeevnagara,BBMP,BBMP Mahalakshmipuram West,Roads,Awarded,20160706.48,,,16-05-2025 11:35:00
48,166044,BBMP/2024-25/RD/WORK_INDENT6726,Improvements of roads and drains in ward no.48 Mahalakshmipuram,BBMP,BBMP Mahalakshmipuram West,Roads,Awarded,12094139.57,,,06-03-2025 17:28:03
48,156924,BBMP/2024-25/RD/WORK_INDENT6474,Improvements of roads and drains in ward No.48 mahalakshmipuram and ward No.49 Nagapura & Additional works to Exisiting ward office in Dr.Puneethrajkumar ward No.47,BBMP,BBMP Mahalakshmipuram West,Roads,Awarded,17257397.68,SREENIVAS MOTURI,1669208.54,07-02-2025 15:54:19
48,138243,BBMP/2024-25/RD/WORK_INDENT5663,Pothole Filling work in Ward No 48 Mahalakshmilayout,BBMP,BBMP Mahalakshmipuram West,Roads,Awarded,1218503.6,SHAIK MAHABOOB HUSSAIN,696166.74,26-11-2024 15:05:02
48,138295,BBMP/2024-25/RD/WORK_INDENT5669,Desilting of Drains in Ward No-48 Mahalakshmilayout,BBMP,BBMP Mahalakshmipuram West,Roads,Awarded,2438541.86,,,26-11-2024 15:00:03
48,138169,BBMP/2024-25/RD/WORK_INDENT5654,"Improvements of roads and drains at 4th cross, 2nd cross Mahalakshmi Layout and surrounding area in Ward No. 48 Mahalakshmipuram",BBMP,BBMP Mahalakshmipuram West,Roads,Awarded,9671805.8,SHANMUGAM P,253491.54,26-11-2024 14:53:44
49,212057,BBMP/2025-26/RD/WORK_INDENT8463,"Repairs & maintenance, desilting of drains in ward no.49 Nagapura",BBMP,BBMP Mahalakshmipuram West,Roads,Awarded,2467782.36,Harijendra Singh,331067.50,02-08-2025 12:19:12
49,211011,BBMP/2025-26/RD/WORK_INDENT8456,Development and Improvement to roads and drains in surrounding area of Kalakesari udaykumar park in Nagapura Ward No.49,BBMP,BBMP Mahalakshmipuram West,Roads,Awarded,24020065.2,RAMAPPA G HATTI,1270494.51,29-07-2025 14:08:55
49,205661,BBMP/2025-26/RD/WORK_INDENT8118,"Improvements to roads and drains at Mahalakshmipuram, Bhovipalya and Kethamaranahalli in Nagapura ward No.49",BBMP,BBMP Mahalakshmipuram West,Roads,Awarded,20006522.77,,,11-07-2025 18:08:36
49,184250,BBMP/2025-26/RD/WORK_INDENT7207,"Improvements to roads and drains at Industrial suburb roads surrounding area, 7th main to 11th main roads of Nagapura and 1st K block Rajajinagara surrounding area in ward No.49 Nagapura",BBMP,BBMP Mahalakshmipuram West,Roads,Awarded,20014461.05,K H ESHWAR (1),5994217.43,25-04-2025 16:24:19
49,184258,BBMP/2025-26/RD/WORK_INDENT7206,"Improvements to roads and drains at 3rd main road 2nd main road and Surrounding area of West of Chord road, 2nd stage in ward No.49 Nagapura",BBMP,BBMP Mahalakshmipuram West,Roads,Awarded,20015015.6,CHETAN BANAJ,40985.52,25-04-2025 16:23:50
49,156924,BBMP/2024-25/RD/WORK_INDENT6474,Improvements of roads and drains in ward No.48 mahalakshmipuram and ward No.49 Nagapura & Additional works to Exisiting ward office in Dr.Puneethrajkumar ward No.47,BBMP,BBMP Mahalakshmipuram West,Roads,Awarded,17257397.68,SREENIVAS MOTURI,1669208.54,07-02-2025 15:54:19
49,141155,BBMP/2023-24/RD/WORK_INDENT2123/CALL-3,Reasphalting to 18th cross and 19th cross roads in 1st block Rajajinagara in ward No.49 (old ward No.67) Nagapura,BBMP,BBMP Mahalakshmipuram West,Roads,Awarded,1239935.81,Nasir K A( K S BOREWELLS ),2102830.00,16-12-2024 13:58:47
49,138178,BBMP/2024-25/RD/WORK_INDENT5655,"Providing RCC drain work and Reasphalting to 14th cross, 14th A & 14th B Cross Bhovipalya Surrounding Area in Ward No. 49 Nagapura",BBMP,BBMP Mahalakshmipuram West,Roads,Awarded,10076296.23,SHAIK MAHABOOB HUSSAIN,1526055.80,26-11-2024 14:52:41
49,87114,BBMP/2024-25/OW/WORK_INDENT3141,"Comprehensive Development of Road and drains at KSFC Layout and Surrounding area in Ward No-49/84, Lingarajapuram",BBMP,BBMP Sarvagnanagar East,Other Works,Awarded,,,,04-06-2024 12:09:55
49,87113,BBMP/2024-25/OW/WORK_INDENT3140,Comprehensive Development of Road and drain at Karamachand Layout and Surrounding area in Nagawara Ward No-49/84 Lingarajapuram,BBMP,BBMP Sarvagnanagar East,Other Works,Awarded,,LAXMAN,1286953.59,03-06-2024 19:08:15
49,77986,BBMP/2023-24/RD/WORK_INDENT2935,Detailed Estimate for Bad reaches of Asphalt roads and allied works in ward No.49 nagapura,BBMP,BBMP Mahalakshmipuram West,Roads,Awarded,32303054.28,,,05-03-2024 10:33:04
50,212068,BBMP/2025-26/RD/WORK_INDENT8466,"Repairs & maintenance, desilting of drains in ward no-50 Nalvadi Krishnaraja Wodeyar",BBMP,BBMP Mahalakshmipuram West,Roads,Awarded,2467695.0,Viresh Subhas Jevaragi,421105.01,02-08-2025 12:20:05
50,205671,BBMP/2025-26/RD/WORK_INDENT8119,"Improvements roads & drains in J C nagar, Sakamma badavane and surrounding areas in Nalvadi Krishnaraja Wodeyar ward No.50",BBMP,BBMP Mahalakshmipuram West,Roads,Awarded,20016226.36,,,11-07-2025 18:07:58
50,138281,BBMP/2024-25/RD/WORK_INDENT5666,Desilting of Drains in Ward No-50 Nalavadi Krishnaraja Wadeyar,BBMP,BBMP Mahalakshmipuram West,Roads,Awarded,2468140.56,SREEKANTA C (1)( SREE SREEKANTESHWARA ELECTRICALS ),3340035.00,26-11-2024 15:08:55
50,138078,BBMP/2024-25/RD/WORK_INDENT5650,"Comprehancive work of Maintenance of footpath, roads, desilting of drains and pot holes filling in ward No.50,51,52 & 53 Shankarmutt sub division",BBMP,BBMP Mahalakshmipuram West,Roads,Awarded,15997974.36,MANJUNATHA BASAVANTAPPA BHAJANTRI,418626.64,26-11-2024 14:56:01
50,138191,BBMP/2024-25/RD/WORK_INDENT5656,"Improvements to roads and drains and Construction of New RCC Culverts at 15th Mainroad , 10th Mainroad J C Nagara and surrounding area in Ward No 50- Nalvadi Krishnaraja Wodeyar Ward",BBMP,BBMP Mahalakshmipuram West,Roads,Awarded,10003589.57,MANOJ V( V R M CONSTRUCTIONS ),352920.95,26-11-2024 14:51:29
50,77890,BBMP/2023-24/RD/WORK_INDENT2932,"Detailed Estimate for Bad reaches of Asphalt roads and allied works in Shankarmutt Sub division (Ward No.50, 51,52 & 53)",BBMP,BBMP Mahalakshmipuram West,Roads,Awarded,30211953.51,PRASHANTH,10433834.50,04-03-2024 17:01:57
51,212141,BBMP/2025-26/RD/WORK_INDENT8471,Repairs & maintenance desilting of drains in ward No.51 Shankarmutt,BBMP,BBMP Mahalakshmipuram West,Roads,Awarded,2467695.0,,,02-08-2025 12:22:47
51,205695,BBMP/2025-26/RD/WORK_INDENT8120,"Improvements roads, drains and other allied works in Karnataka layout and surrounding areas in Shankarmutt Ward No 51",BBMP,BBMP Mahalakshmipuram West,Roads,Awarded,20015418.03,N Venkata Reddy,21001036.79,11-07-2025 18:06:35
51,143403,BBMP/2024-25/RD/WORK_INDENT5864,"Improvements to roads and drains in SC/ST Area in ward no-52 Shakthiganapathinagara and ward no-51 Shankarmutt, Block no-54, 55 & 56",BBMP,BBMP Mahalakshmipuram West,Roads,Awarded,1651656.74,Narasimha Murthy C.( S S INFRA PROJECTS ),3510936.92,16-12-2024 13:54:21
51,138285,BBMP/2024-25/RD/WORK_INDENT5667,Maintenance of Footpath work in Ward No 51 Shankarmutt,BBMP,BBMP Mahalakshmipuram West,Roads,Awarded,2056363.56,MANJUNATH S BAMMIGATTI,156771.79,26-11-2024 15:01:47
51,138202,BBMP/2024-25/RD/WORK_INDENT5657,"Improvments to roads and Desilting of drain in Kasturi badavane, Teacher Colony Construction of new RCC Culverts works and surrounding area in Ward No-51 Shankarmutt Ward",BBMP,BBMP Mahalakshmipuram West,Roads,Awarded,9977469.23,,,26-11-2024 14:49:45
51,64112,BBMP/2023-24/RD/WORK_INDENT2114,"Maintenance of drain and footpaths at 2nd main, 3rd main 4th main and 5th main roads of Kamalanagara in ward No.51 Shankarmutt under SC-SP/TSP Grant 2023-24",BBMP,BBMP Mahalakshmipuram West,Roads,Awarded,1899512.23,,,12-02-2024 15:11:59
52,212087,BBMP/2025-26/RD/WORK_INDENT8469,"Repairs & maintenance, desilting of drains in ward no -52 Shakathi ganapathinagar",BBMP,BBMP Mahalakshmipuram West,Roads,Awarded,2479267.26,,,02-08-2025 12:20:55
52,205702,BBMP/2025-26/RD/WORK_INDENT8121,"Improvements roads & drains in Shankarnag bus stop,Kereangala,Kamalanagar and surrounding areas Shakthi Ganapathinagar in Ward No 52",BBMP,BBMP Mahalakshmipuram West,Roads,Awarded,20148612.08,ISHWAR S MATAGAR( I S MATAGAR CONSTRUCTIONS ),88824218.05,11-07-2025 18:05:33
52,143403,BBMP/2024-25/RD/WORK_INDENT5864,"Improvements to roads and drains in SC/ST Area in ward no-52 Shakthiganapathinagara and ward no-51 Shankarmutt, Block no-54, 55 & 56",BBMP,BBMP Mahalakshmipuram West,Roads,Awarded,1651656.74,Narasimha Murthy C.( S S INFRA PROJECTS ),3510936.92,16-12-2024 13:54:21
53,212134,BBMP/2025-26/RD/WORK_INDENT8470,"Repairs & maintenance, desilting of drains in ward no-53 Vrushabhavathi nagar",BBMP,BBMP Mahalakshmipuram West,Roads,Awarded,2478435.04,CHANNAPPA MALLAPPA GUDAGANAVAR,1739727.79,02-08-2025 12:21:45
53,211019,BBMP/2025-26/RD/WORK_INDENT8122/CALL-2,"Improvements roads and drains in Vinayaknagar, Marutinagar, Sannakibayalu and surrounding areas Vrushabhavathinagar in Ward No 53",BBMP,BBMP Mahalakshmipuram West,Roads,Awarded,21007918.03,RAKESH C GOWDA,1430437.20,29-07-2025 14:08:10
53,190018,BBMP/2025-26/RD/WORK_INDENT7275,Improvement roads and drains in Nanjappa layout and Other Development Works in Ward No 53 Vrushabahavathi nagara,BBMP,BBMP Mahalakshmipuram West,Roads,Awarded,20158968.49,,,16-05-2025 11:35:28
53,138336,BBMP/2024-25/RD/WORK_INDENT5725,Maintenance of Footpath work in Ward No53 -Vrushabhavathinagara,BBMP,BBMP Mahalakshmipuram West,Roads,Awarded,2064823.9,MAHESH P,2088409.44,26-11-2024 15:45:32
53,138222,BBMP/2024-25/RD/WORK_INDENT5659,"Improvements to Roads and Drains at Aralimara Road, Maruthinagar and Vinayakanagara main and cross roads in Ward No. 53 Vrushbhavathi Nagar",BBMP,BBMP Mahalakshmipuram West,Roads,Awarded,10080354.47,,,26-11-2024 14:46:53
54,145386,BBMP/2024-25/OW/WORK_INDENT6028,"Pothole Fillings in Ward No 54 Mathikere, 55 Malleshwaram, 56 Aramanenagar- Mathikere Sub Division",BBMP,BBMP Malleshwaram West,Other Works,Awarded,,,,23-12-2024 12:47:31
54,135890,BBMP/2024-25/OW/WORK_INDENT5415,Desilting of Drains and cleaning road side debris in Ward No 54 (Old ward No-36) Mathikere,BBMP,BBMP Malleshwaram West,Other Works,Awarded,,NAYAN,787366.62,19-11-2024 12:14:14
54,135906,BBMP/2024-25/OW/WORK_INDENT5417,Maintenance of Footpath work in Ward No 54 (Old ward No-36) Mathikere,BBMP,BBMP Malleshwaram West,Other Works,Awarded,,,,19-11-2024 12:13:22
54,134484,BBMP/2024-25/OW/WORK_INDENT5312,Desilting of Drain and culvert in Ward No.54 (Old 36) Mathikere,BBMP,BBMP Malleshwaram West,Other Works,Awarded,,YASHAWANTH K R,641841.12,16-11-2024 19:13:49
54,43389,BBMP/2023-24/OW/WORK_INDENT992,"Maintenance of Road, drains and footpath work in Ward No-54 (Old-36) Mathikere for the year 2023-24.",BBMP,BBMP Malleshwaram West,Other Works,Awarded,,DIVAKAR RAJATHDRIPURA,415333.60,15-12-2023 18:13:02
54,26390,BBMP/2023-24/OW/WORK_INDENT584,"Pothole Fillings in Ward No 54 Mathikere, 55 Malleshwaram, 56 Aramanenagar in Mathikere Sub Division",BBMP,BBMP Malleshwaram West,Other Works,Awarded,,DHANANJAYA (1),3548346.63,18-10-2023 16:52:14
55,135948,BBMP/2024-25/OW/WORK_INDENT5421,Maintenance of Footpath work in Ward No 55 (Old ward No-45) - Malleshwaram,BBMP,BBMP Malleshwaram West,Other Works,Awarded,,,,19-11-2024 12:18:22
55,135916,BBMP/2024-25/OW/WORK_INDENT5420,Desilting of Drains and cleaning road side debris in Ward No 55 (Old ward No-45) - Malleshwaram,BBMP,BBMP Malleshwaram West,Other Works,Awarded,,,,19-11-2024 12:12:45
55,43435,BBMP/2023-24/OW/WORK_INDENT993,"Maintenance of Road, drains and footpath work in Ward No- 55 (Old - 45) Malleshwaram for the year 2023-24.",BBMP,BBMP Malleshwaram West,Other Works,Awarded,,Shekhar Dore,9960176.35,15-12-2023 18:10:25
56,135591,BBMP/2024-25/OW/WORK_INDENT5411,Desilting of Drains and cleaning road side debris in Ward No 56 (Old Ward No 35) -Aramanenagar,BBMP,BBMP Malleshwaram West,Other Works,Awarded,,CHANDRASHEKAR MANJUNATH,962566.14,19-11-2024 12:15:31
56,135860,BBMP/2024-25/OW/WORK_INDENT5414,Maintenance of Footpath work in Ward No 56 (Old Ward No 35) -Aramanenagar,BBMP,BBMP Malleshwaram West,Other Works,Awarded,,,,19-11-2024 12:14:51
56,43464,BBMP/2023-24/OW/WORK_INDENT994,"Maintenance of Road, drains and footpath work in Ward No-56 (Old-35) Aramanenagar for the year 2023-24.",BBMP,BBMP Malleshwaram West,Other Works,Awarded,,LOKESH,311251.50,15-12-2023 18:12:11
57,145445,BBMP/2024-25/OW/WORK_INDENT6031,Pothole filling IN Ward No 57 Rajmahal Gutthalli 58 Kadumalleshwara 59- Subramanyanagar 60- Gayathrinagar - Malleshwaram Sub Division,BBMP,BBMP Malleshwaram West,Other Works,Awarded,,,,23-12-2024 12:48:49
57,135976,BBMP/2024-25/OW/WORK_INDENT5431,Maintenance of Footpath work in Ward No 57(Old ward No-64) Rajmahal Gutthalli,BBMP,BBMP Malleshwaram West,Other Works,Awarded,,,,19-11-2024 12:10:25
57,133421,BBMP/2024-25/OW/WORK_INDENT5137,Improvements to Culverts in ward no 57 (64) Rajmahal Guttahalli,BBMP,BBMP Malleshwaram West,Other Works,Awarded,,,,16-11-2024 18:56:15
57,43490,BBMP/2023-24/OW/WORK_INDENT995,"Maintenance of Road, drains and footpath work in Ward No-57 (Old-64) Rajmahalnagar for the year 2023-24.",BBMP,BBMP Malleshwaram West,Other Works,Awarded,,Ifteqar Afzal Nakshbandi,22607494.42,15-12-2023 18:15:44
57,26346,BBMP/2023-24/OW/WORK_INDENT580,"Pothole filling IN Ward No 57 Rajmahal Gutthalli, 58- Kadumalleshwara, 59- Subramanyanagar & 60- Gayathrinagar in Malleshwaram Sub Division",BBMP,BBMP Malleshwaram West,Other Works,Awarded,,DHANANJAYA (1),4839095.75,18-10-2023 16:36:01
58,136435,BBMP/2024-25/OW/WORK_INDENT5536,"Comprehensive Development to 11th main Malleshwaram Shankaracharya Park and west park road park in ward no.58(65), Kadu Malleshwaram",BBMP,BBMP Malleshwaram West,Other Works,Awarded,,D.Ravindra Nayaka,9516695.10,19-11-2024 19:56:48
58,135986,BBMP/2024-25/OW/WORK_INDENT5433,Desilting of Drains and cleaning road side debris in Ward No 58 (Old ward No-65) Kadumalleshwara,BBMP,BBMP Malleshwaram West,Other Works,Awarded,,,,19-11-2024 12:09:49
58,135995,BBMP/2024-25/OW/WORK_INDENT5440,Maintenance of Footpath work in Ward No 58 (Old ward No-65) Kadumalleshwara,BBMP,BBMP Malleshwaram West,Other Works,Awarded,,,,19-11-2024 12:09:10
58,133546,BBMP/2024-25/OW/WORK_INDENT5144,"Improvements & Resetting of Steps near MKK road railway bridge and 4th main gandhigrama near saibaba temple in ward no.58(65), Kadu Malleshwaram",BBMP,BBMP Malleshwaram West,Other Works,Awarded,,,,16-11-2024 19:00:37
58,43501,BBMP/2023-24/OW/WORK_INDENT996,"Maintenance of Road, drains and footpath work in Ward No-58 (Old-65) Kadumalleshwara for the year 2023-24.",BBMP,BBMP Malleshwaram West,Other Works,Awarded,,,,15-12-2023 18:15:12
59,136006,BBMP/2024-25/OW/WORK_INDENT5441,Desilting of Drains and cleaning road side debris in Ward No 59 (Old ward No-66) Subramanyanagar,BBMP,BBMP Malleshwaram West,Other Works,Awarded,,ARUN M( SRI RANGANATHA CONSTRUCTION ),1292937.23,19-11-2024 12:06:54
59,136017,BBMP/2024-25/OW/WORK_INDENT5442,Maintenance of Footpath work in Ward No 59 (Old ward No-66) Subramanyanagar,BBMP,BBMP Malleshwaram West,Other Works,Awarded,,MANJUKIRAN PATIL (1),2367379.07,19-11-2024 12:06:20
59,87115,BBMP/2024-25/OW/WORK_INDENT3142,"Comprehensive Development of Roads and drains at Jaibharathnagar and Surrounding area in Ward No-59/85, Maruthisevanagara",BBMP,BBMP Sarvagnanagar East,Other Works,Awarded,,,,04-06-2024 12:17:14
59,43516,BBMP/2023-24/OW/WORK_INDENT997,"Maintenance of Road, drains and footpath work in Ward No-59 (Old-66) Subramanyanagara for the year 2023-24.",BBMP,BBMP Malleshwaram West,Other Works,Awarded,,T M MOHAN RAJU,1644063.00,15-12-2023 18:14:24
60,136341,BBMP/2024-25/OW/WORK_INDENT5522,Improvements to Culverts in ward no.60 (76) Gayathrinagar,BBMP,BBMP Malleshwaram West,Other Works,Awarded,,,,19-11-2024 18:41:17
60,136027,BBMP/2024-25/OW/WORK_INDENT5443,Desilting of Drains and cleaning road side debris in Ward No60 (Old ward No-76) Gayathrinagar,BBMP,BBMP Malleshwaram West,Other Works,Awarded,,VENUGOPAL VENKATARAMU,3216240.28,19-11-2024 12:05:46
60,136036,BBMP/2024-25/OW/WORK_INDENT5444,Maintenance of Footpath work in Ward No 60 (Old ward No-76) Gayathrinagar,BBMP,BBMP Malleshwaram West,Other Works,Awarded,,,,19-11-2024 12:05:05
60,43523,BBMP/2023-24/OW/WORK_INDENT998,"Maintenance of Road, drains and footpath work in Ward No-60 (Old-76) Gayathrinagara for the year 2023-24.",BBMP,BBMP Malleshwaram West,Other Works,Awarded,,SHIVANNA,1981503.00,15-12-2023 18:11:22
62,52421,BBMP/2023-24/OW/WORK_INDENT1248,Repairs and Maintainance of Footpaths in Ward No 62-Sanjaynagar for the year-2023-24.,BBMP,BBMP Hebbala East,Other Works,Awarded,,RAFIK TARADE( TARADE BROTHERS CONSTRUCTION PVT LTD ),42128106.45,12-01-2024 20:34:29
62,46462,BBMP/2023-24/OW/WORK_INDENT1105,"Comprehensive Development of CC Road, drain and Footpath at Chinnappa Garden Link road,1st main road,Church road,MM road, Muddamma garden 3rd cross road, Chinnappa Garden 2nd main,13th cross and Surrounding area in Ward No 62 and Madi masidhi, Chikka Baazar, Payappa Garden. Old cementery road, Milk man street, Jayamahal park development works and Surrounding area in Ward No 63 Package No 01",BBMP,BBMP Shivajinagar East,Other Works,Awarded,,GANAPATI BABU SHAHAPURKAR,1460455.98,26-12-2023 13:53:28
63,158607,BBMP/2024-25/BD/WORK_INDENT6508,"Estimate for face lifting, Repairs, up-gradation and other necessary works to Narayana Pillai street Primary school at Thimmaiah road, Near Corporation Veterinary Hospital in ward no.63",BBMP,BBMP Project East,Buildings,Awarded,,,,12-02-2025 16:42:07
63,85696,BBMP/2023-24/OW/WORK_INDENT1826/CALL-2,Comprahensive Developments and Improvemenst to Roads and Drains in Kunthi Grama B Block in Ward No 63 Hebbala,BBMP,BBMP Hebbala East,Other Works,Awarded,,SHIVARAJ BIRADAR,2288614.17,28-05-2024 17:17:15
63,85729,BBMP/2023-24/OW/WORK_INDENT1828/CALL-2,Comprahensive Developments and Improvemenst to Roads and Drains in Shakthinagar in Ward No 63 Hebbala,BBMP,BBMP Hebbala East,Other Works,Awarded,,,,28-05-2024 17:14:47
63,46462,BBMP/2023-24/OW/WORK_INDENT1105,"Comprehensive Development of CC Road, drain and Footpath at Chinnappa Garden Link road,1st main road,Church road,MM road, Muddamma garden 3rd cross road, Chinnappa Garden 2nd main,13th cross and Surrounding area in Ward No 62 and Madi masidhi, Chikka Baazar, Payappa Garden. Old cementery road, Milk man street, Jayamahal park development works and Surrounding area in Ward No 63 Package No 01",BBMP,BBMP Shivajinagar East,Other Works,Awarded,,GANAPATI BABU SHAHAPURKAR,1460455.98,26-12-2023 13:53:28
64,135976,BBMP/2024-25/OW/WORK_INDENT5431,Maintenance of Footpath work in Ward No 57(Old ward No-64) Rajmahal Gutthalli,BBMP,BBMP Malleshwaram West,Other Works,Awarded,,,,19-11-2024 12:10:25
64,135709,BBMP/2024-25/OW/WORK_INDENT5453,Comprehensive Developments and Improvements to CC Roads and CC Drains at Aralappa Layout Church Backside and Surrounding areas in Ward No 64 Vishwanatha Nagenahalli,BBMP,BBMP Hebbala East,Other Works,Awarded,,Eranna P Madari,382542.95,16-11-2024 18:05:17
65,135986,BBMP/2024-25/OW/WORK_INDENT5433,Desilting of Drains and cleaning road side debris in Ward No 58 (Old ward No-65) Kadumalleshwara,BBMP,BBMP Malleshwaram West,Other Works,Awarded,,,,19-11-2024 12:09:49
65,135995,BBMP/2024-25/OW/WORK_INDENT5440,Maintenance of Footpath work in Ward No 58 (Old ward No-65) Kadumalleshwara,BBMP,BBMP Malleshwaram West,Other Works,Awarded,,,,19-11-2024 12:09:10
65,135743,BBMP/2024-25/OW/WORK_INDENT5455,Comprehensive Development and Improvements to Roads and Drains at 11st Cross Manorayanapalya and Surrounding areas in ward No 65 Manorayanapalya,BBMP,BBMP Hebbala East,Other Works,Awarded,,KANNAGHATTA PUTTASWAMY GOWDA PAVAN (1)( ASIAN FAB TEC LIMITED ),34684066.54,16-11-2024 17:27:00
66,136006,BBMP/2024-25/OW/WORK_INDENT5441,Desilting of Drains and cleaning road side debris in Ward No 59 (Old ward No-66) Subramanyanagar,BBMP,BBMP Malleshwaram West,Other Works,Awarded,,ARUN M( SRI RANGANATHA CONSTRUCTION ),1292937.23,19-11-2024 12:06:54
66,136017,BBMP/2024-25/OW/WORK_INDENT5442,Maintenance of Footpath work in Ward No 59 (Old ward No-66) Subramanyanagar,BBMP,BBMP Malleshwaram West,Other Works,Awarded,,MANJUKIRAN PATIL (1),2367379.07,19-11-2024 12:06:20
66,134599,BBMP/2024-25/OW/WORK_INDENT5277,Repairs and Maintenance of footpath in Ward No. 66 Chamundinagar for the Year 2024-25,BBMP,BBMP Hebbala East,Other Works,Awarded,,SUBRAHMANYARAJU G,1955022.80,13-11-2024 19:27:29
66,52523,BBMP/2023-24/OW/WORK_INDENT1252,Repairs and Maintainance of Footpathin Ward No 66-Chamundinagar for the year-2023-24.,BBMP,BBMP Hebbala East,Other Works,Awarded,,SHREDHAR MALLAPUR,739150.59,12-01-2024 20:32:14
66,52377,BBMP/2023-24/OW/WORK_INDENT1244,"Desilting of Drains, Removal of Silt and Debris in Ward No 66-Chamundinagar for the year-2023-24.",BBMP,BBMP Hebbala East,Other Works,Awarded,,,,12-01-2024 20:27:38
67,141155,BBMP/2023-24/RD/WORK_INDENT2123/CALL-3,Reasphalting to 18th cross and 19th cross roads in 1st block Rajajinagara in ward No.49 (old ward No.67) Nagapura,BBMP,BBMP Mahalakshmipuram West,Roads,Awarded,1239935.81,Nasir K A( K S BOREWELLS ),2102830.00,16-12-2024 13:58:47
67,90769,BBMP/2023-24/OW/WORK_INDENT1831/CALL-3,Comprahensive Developments of Roads and Drains in Block No 42 in Ward No 67 Ganganagar.,BBMP,BBMP Hebbala East,Other Works,Awarded,,IRANNA SHEKAPPA HUGGI,1037763.96,20-06-2024 17:21:04
68,135715,BBMP/2024-25/OW/WORK_INDENT5464,Providing Missing Covering Slabs and Desilting of Drains Repairs of Culverts RT Nagar 1st Block and Surrounding Areas in Ward No 68 J C Nagar,BBMP,BBMP Hebbala East,Other Works,Awarded,,Subbareddy K V,2566615.40,16-11-2024 18:04:03
68,135730,BBMP/2024-25/OW/WORK_INDENT5462,Comprehensive Developments and Improvements to Roads and Drains at Naralappa Layout and Surrounding Areas in Ward No 68 J C nagar,BBMP,BBMP Hebbala East,Other Works,Awarded,,,,16-11-2024 18:03:23
68,85720,BBMP/2023-24/OW/WORK_INDENT1832/CALL-2,Comprahensive Developments of Roads and Drains in Chunchappa Block (32) Ward No 68 J C Nagar,BBMP,BBMP Hebbala East,Other Works,Awarded,,,,28-05-2024 17:06:26
69,178499,BBMP/2025-26/OW/WORK_INDENT6215,Development of roads and drain at Arasamma Temple surrounding area in Preethi Nagara in ward no 69 Laggere(New ward no 39),BBMP,BBMP Rajarajeshwarinagar Division,Other Works,Awarded,,,,08-04-2025 12:31:41
76,209566,BBMP/2025-26/OW/WORK_INDENT8166,Providing Asphalting to roads in Telecom Layout and surrounding area in Ward No-76 Hennur,BBMP,BBMP Sarvagnanagar East,Other Works,Awarded,,,,01-08-2025 13:25:45
76,174496,BBMP/2024-25/OW/WORK_INDENT7070,Improvements to Roads and Drains at 4th Block Maruthi Layout and Surrounding area in ward no 76/24 Hennur,BBMP,BBMP Sarvagnanagar East,Other Works,Awarded,,,,26-03-2025 15:01:26
76,174503,BBMP/2024-25/OW/WORK_INDENT7071,"Improvements to Roads and Drains at 1st Stage , 5th Block, 3rd Main, 1st Cross Forest Road and Surrounding area in ward No 76/24 Hennur",BBMP,BBMP Sarvagnanagar East,Other Works,Awarded,,,,26-03-2025 15:00:51
76,174505,BBMP/2024-25/OW/WORK_INDENT7072,Improvements to Roads and Drains at 3rd Block of HBR Layout near Resident welfare association building and surrounding area in ward no 76/24 Hennur,BBMP,BBMP Sarvagnanagar East,Other Works,Awarded,,B RAGHURAJ( B RAVIRAJ INFRA CONSTRUCTIONS BRIC ),2095310.86,26-03-2025 14:50:52
76,174513,BBMP/2024-25/OW/WORK_INDENT7074,"Improvements to Roads and Drains at Nanjappa Colony, Umar Nagar and Mehaboob Nagar and Surrounding area in ward No 76/24 Hennur",BBMP,BBMP Sarvagnanagar East,Other Works,Awarded,,,,26-03-2025 14:49:52
76,169381,BBMP/2024-25/OW/WORK_INDENT6852,Improvements to roads and drains at Byraweshwara Layout and Surrounding area in Ward No-76 Hennur,BBMP,BBMP Sarvagnanagar East,Other Works,Awarded,,M R MOHAMMED ASHRAF( M R CONSTRUCTION ),2200413.93,14-03-2025 13:26:12
76,162551,BBMP/2024-25/OW/WORK_INDENT5507/CALL-2,Improvements to roads and drains Hennur bande surroundings in ward no 76 Hennur.,BBMP,BBMP Sarvagnanagar East,Other Works,Awarded,,VEERASWAMY REDDY RAMESH (1)( VEERASWAMY REDDY AND SONS ),16147328.70,03-03-2025 16:12:01
76,162559,BBMP/2024-25/OW/WORK_INDENT5593/CALL-2,"Improvements to roads and drains Gunduthop surroundings in ward no 76, Hennur",BBMP,BBMP Sarvagnanagar East,Other Works,Awarded,,C B LOKESH( C.B. LOKESH ),666246.00,03-03-2025 16:11:01
76,158431,BBMP/2024-25/OW/WORK_INDENT4655/CALL-2,Improvements to Roads and Drains at Hennur Garden Surrounding Area in Ward No.76 Hennur,BBMP,BBMP Sarvagnanagar East,Other Works,Awarded,,JAVEED AKTHAR,165043.44,12-02-2025 14:48:09
76,158427,BBMP/2024-25/OW/WORK_INDENT5554/CALL-2,"Improvement to roads and drains Nandagokula and surroundings in ward no 76, Hennur",BBMP,BBMP Sarvagnanagar East,Other Works,Awarded,,MURTHI,553465.00,12-02-2025 14:43:36
76,158415,BBMP/2024-25/OW/WORK_INDENT5515/CALL-2,"Improvements to roads and drains at Hennur AK Colony and surroundings in ward no 76, Hennur",BBMP,BBMP Sarvagnanagar East,Other Works,Awarded,,M KUMAR,6805797.34,12-02-2025 14:25:22
76,144565,BBMP/2024-25/OW/WORK_INDENT5555,"Improvements to roads and drains Kamarajnagara and Nagawara AKC and Surroundings in ward no 76, Hennur",BBMP,BBMP Sarvagnanagar East,Other Works,Awarded,,N MANIKANTA,619820.09,21-12-2024 14:58:42
76,145138,BBMP/2024-25/OW/WORK_INDENT5567,Repairs and Maintenance of footpath in Ward No-76 Hennur Ward for the year 2024-25,BBMP,BBMP Sarvagnanagar East,Other Works,Awarded,,MANJUNATHA B( SRI MARUTHI CONSTRUCTION AND CO ),1881057.80,21-12-2024 14:43:26
76,136027,BBMP/2024-25/OW/WORK_INDENT5443,Desilting of Drains and cleaning road side debris in Ward No60 (Old ward No-76) Gayathrinagar,BBMP,BBMP Malleshwaram West,Other Works,Awarded,,VENUGOPAL VENKATARAMU,3216240.28,19-11-2024 12:05:46
76,136036,BBMP/2024-25/OW/WORK_INDENT5444,Maintenance of Footpath work in Ward No 60 (Old ward No-76) Gayathrinagar,BBMP,BBMP Malleshwaram West,Other Works,Awarded,,,,19-11-2024 12:05:05
76,132046,BBMP/2024-25/OW/WORK_INDENT4658,Improvements to Roads and Drains at Telecom Layout Surrounding Area in Ward No.76 Hennur,BBMP,BBMP Sarvagnanagar East,Other Works,Awarded,,DEVENDRA,4901493.19,12-11-2024 13:26:03
76,132045,BBMP/2024-25/OW/WORK_INDENT4869,Improvements to Roads and Drains at 4th and 5th Block of HBR Layout Surrounding Area in Ward No 76 Hennur,BBMP,BBMP Sarvagnanagar East,Other Works,Awarded,,AMAR K PATIL,26445029.65,12-11-2024 13:25:21
76,132041,BBMP/2024-25/OW/WORK_INDENT4657,Improvements to Roads and Drains at Byraweshwara Layout and Hennur Surrounding Area in Ward No.76 Hennur,BBMP,BBMP Sarvagnanagar East,Other Works,Awarded,,GURURAJA A,1178804.03,12-11-2024 13:24:30
76,132035,BBMP/2024-25/OW/WORK_INDENT4656,"Improvements to Roads and Drains at Poornanajanaeya Layout, and Surrounding Area in Ward No.76 Hennur",BBMP,BBMP Sarvagnanagar East,Other Works,Awarded,,,,12-11-2024 13:23:52
76,132025,BBMP/2024-25/OW/WORK_INDENT4654,Improvements to Roads and Drains at 3rd Block and Krishna Reddy Layout Surrounding Area in Ward No.76 Hennur,BBMP,BBMP Sarvagnanagar East,Other Works,Awarded,,BASAVARAJ SANGANAGOUDA PATIL,1087651.02,12-11-2024 13:22:14
76,131979,BBMP/2024-25/OW/WORK_INDENT4653,"Improvements to Roads and Drains at Prakruthi Layout ,Arkavathi Layout, and Surrounding Area in Ward No.76 Hennur",BBMP,BBMP Sarvagnanagar East,Other Works,Awarded,,,,12-11-2024 13:21:22
76,126109,BBMP/2024-25/EL/WORK_INDENT4073,"Operation and Maintenance of Street lights coming under ward no 76 Hennur and ORR from Hennur Flyover to Hebbal Bus Depot Package E14 , (For 10 Months)",BBMP,BBMP Electrical East,Electrical,Awarded,3455281.2,HARISH J( SRI TATHVAMASI CONSTRUCTION ),481617.11,08-10-2024 20:15:35
76,87121,BBMP/2024-25/OW/WORK_INDENT3168,"Comprehensive Development of Road and drain at 9th, 10th, 11th Cross Roads and Surrounding area in Telecom ALyout HBR Layout Ward No-76/24 Hennur",BBMP,BBMP Sarvagnanagar East,Other Works,Awarded,,NINGAPPA,1952510.46,04-06-2024 12:58:08
76,87117,BBMP/2024-25/OW/WORK_INDENT3165,Comprehensive Development of Road and drain at Telecom Layout Main Road and Surrounding area in HBR Layout Ward No. 76/24 Hennur,BBMP,BBMP Sarvagnanagar East,Other Works,Awarded,,,,04-06-2024 12:15:31
76,87120,BBMP/2024-25/OW/WORK_INDENT3167,"Comprehensive Development of Road and drain at 1st Cross, 4th and 5th block and surrounding area in HBR Layout Ward No-76/24 Hennur.",BBMP,BBMP Sarvagnanagar East,Other Works,Awarded,,GOPALA KRISHNA( KARTHIK ENTERPRISES. ),9358143.72,04-06-2024 12:14:21
76,87118,BBMP/2024-25/OW/WORK_INDENT3166,"Comprehensive Development of Road and drains at 36th, 37th Cross, and 40th Crosas Road, and Surrounding area in 5th Block HBR Layout Ward No-76/24 Hennur",BBMP,BBMP Sarvagnanagar East,Other Works,Awarded,,LOKESH R( RAMAIAH LOKESH ),4688604.37,04-06-2024 12:08:32
77,209825,BBMP/2025-26/OW/WORK_INDENT8173,Improvements to Roads and Drains at Sarvodaya Nagar and 30 KG Surrounding area in Ward No.77 Nagawara,BBMP,BBMP Sarvagnanagar East,Other Works,Awarded,,CHAITANYAKUMAR SMANNI,16476979.66,01-08-2025 14:57:02
77,169384,BBMP/2024-25/OW/WORK_INDENT6857,Improvements to roads and drains at Ibrahim Street and surrounding area in Ward No-77 Nagawara,BBMP,BBMP Sarvagnanagar East,Other Works,Awarded,,GRATION PAIS,887959.90,14-03-2025 13:29:48
77,145135,BBMP/2024-25/OW/WORK_INDENT5569,Repairs and Maintenance of footpath in Ward No-77 Nagawara for the year 2024-25,BBMP,BBMP Sarvagnanagar East,Other Works,Awarded,,ASHOK LAXMAN DURADUNDI,1592387.32,21-12-2024 14:44:00
77,132095,BBMP/2024-25/OW/WORK_INDENT4670,Improvements to Roads and Drains at Hidayath Nagar and Surrounding Area in Ward No.77 Nagawara,BBMP,BBMP Sarvagnanagar East,Other Works,Awarded,,BHARATH KUMAR B G,742357.90,12-11-2024 13:32:39
77,132073,BBMP/2024-25/OW/WORK_INDENT4664,Improvements to Roads and Drains at Teachers Colony and Surrounding Area in Ward No.77 Nagawara,BBMP,BBMP Sarvagnanagar East,Other Works,Awarded,,C B MANJU,65561735.94,12-11-2024 13:31:13
77,132086,BBMP/2024-25/OW/WORK_INDENT4666,Improvements to Roads and Drains at Byranakunte and Surrounding Area in Ward No.77 Nagawara,BBMP,BBMP Sarvagnanagar East,Other Works,Awarded,,,,12-11-2024 13:30:36
77,132068,BBMP/2024-25/OW/WORK_INDENT4663,Improvements to Roads and Drains at UmarNagar and Surrounding Area in Ward No.77 Nagawara,BBMP,BBMP Sarvagnanagar East,Other Works,Awarded,,SANTOSH N,863359.20,12-11-2024 13:29:49
77,132063,BBMP/2024-25/OW/WORK_INDENT4662,Improvements to Roads and Drains at Veerannapalya and Surrounding Area in Ward No.77 Nagawara,BBMP,BBMP Sarvagnanagar East,Other Works,Awarded,,KEMBODI SONAPPA VENKATACHALA,1731508.18,12-11-2024 13:29:07
77,132061,BBMP/2024-25/OW/WORK_INDENT4661,Improvements to Roads and Drains at Byrappa Layout Surrounding Area in Ward No.77 Nagawara,BBMP,BBMP Sarvagnanagar East,Other Works,Awarded,,PRAJWAL ISHWAR MARYALI,442601.72,12-11-2024 13:28:17
77,132056,BBMP/2024-25/OW/WORK_INDENT4660,Improvements to Roads and Drains at SarvadayaNagar Surrounding Area in Ward No.77 Nagawara,BBMP,BBMP Sarvagnanagar East,Other Works,Awarded,,,,12-11-2024 13:27:39
77,132049,BBMP/2024-25/OW/WORK_INDENT4659,Improvements to Roads and Drains at RashadNagar Surrounding Area in Ward No.77 Nagawara,BBMP,BBMP Sarvagnanagar East,Other Works,Awarded,,,,12-11-2024 13:26:50
77,87116,BBMP/2024-25/OW/WORK_INDENT3143,"Comprehensive Development of Road and drains at Srikanthaiah Layout Sarvodaya Nagar, Byrappa Layout and Surrounding area in Nagawara Ward No-77/23. Nagawara",BBMP,BBMP Sarvagnanagar East,Other Works,Awarded,,VINAY K,4448794.38,04-06-2024 12:16:21
78,210689,BBMP/2025-26/OW/WORK_INDENT8257,Improvements to Roads and Drains at Khushal Nagar Cross Roads and Surrounding area in Ward No.78 HBR Layout,BBMP,BBMP Sarvagnanagar East,Other Works,Awarded,,SUGAPPA S BELAGERI,192115.39,01-08-2025 16:20:57
78,162556,BBMP/2024-25/OW/WORK_INDENT5591/CALL-2,"Improvements to roads and drains chuna-2 and Lidkar Colony surroudings in ward no 78, HBR Layout",BBMP,BBMP Sarvagnanagar East,Other Works,Awarded,,,,03-03-2025 16:12:26
78,158441,BBMP/2024-25/OW/WORK_INDENT5570/CALL-2,Repairs and Maintenance of footpath in Ward No-78 HBR Layout for the year 2024-25,BBMP,BBMP Sarvagnanagar East,Other Works,Awarded,,BABASAB GIRAGOUDA PATIL,5234400.42,12-02-2025 15:31:54
78,158403,BBMP/2024-25/OW/WORK_INDENT5479/CALL-2,"Improvements to roads and drains at Dhobi lane and surroundings in ward no 78, HBR Layout",BBMP,BBMP Sarvagnanagar East,Other Works,Awarded,,,,12-02-2025 14:21:29
78,156622,BBMP/2024-25/OW/WORK_INDENT4668/CALL-2,Improvements to Roads and Drains at Yaseen Nagar and Surrounding Area in Ward No.78 HBR LAYOUT,BBMP,BBMP Sarvagnanagar East,Other Works,Awarded,,Ravindra Bhagavanthappanavar (1),311330.38,05-02-2025 15:31:27
78,144558,BBMP/2024-25/OW/WORK_INDENT5509,Improvements to roads and drains at Brindavan layout and surrounding area in ward no 78,BBMP,BBMP Sarvagnanagar East,Other Works,Awarded,,MANJUNATHA M G,4764941.52,21-12-2024 15:00:55
78,144562,BBMP/2024-25/OW/WORK_INDENT5525,"Improvements to roads and drains muniswamappa layout and surroundings in ward no 78, HBR Layout",BBMP,BBMP Sarvagnanagar East,Other Works,Awarded,,,,21-12-2024 14:59:13
78,132847,BBMP/2024-25/OW/WORK_INDENT4677,Improvements to Culverts in SamadhanaNagar in Ward No.78 HBR LAYOUT,BBMP,BBMP Sarvagnanagar East,Other Works,Awarded,,SANTOSH N,1605178.05,12-11-2024 13:36:24
78,132839,BBMP/2024-25/OW/WORK_INDENT4676,Improvements to Roads and Drains at Subhash Nagar and Surrounding Area in Ward No.78 HBR Layout,BBMP,BBMP Sarvagnanagar East,Other Works,Awarded,,MADHU B R,2110404.50,12-11-2024 13:35:39
78,132830,BBMP/2024-25/OW/WORK_INDENT4674,Improvements to Roads and Drains at SamadhanaNagar and Surrounding Area in Ward No.78 HBR LAYOUT,BBMP,BBMP Sarvagnanagar East,Other Works,Awarded,,HANUMANTHAIAH,3377258.37,12-11-2024 13:34:48
78,132824,BBMP/2024-25/OW/WORK_INDENT4673,Improvements to Roads and Drains at Gandhinagar 2nd stage and Surrounding Area in Ward No.78 HBR LAYOUT,BBMP,BBMP Sarvagnanagar East,Other Works,Awarded,,ABOOBAKER SIDDEQ B A,16932795.75,12-11-2024 13:34:11
78,132814,BBMP/2024-25/OW/WORK_INDENT4672,Improvements to Roads and Drains at Gandhinagar 1st stage and Surrounding Area in Ward No.78 HBR LAYOUT,BBMP,BBMP Sarvagnanagar East,Other Works,Awarded,,MD BASID PATEL,1619890.37,12-11-2024 13:33:27
78,87122,BBMP/2024-25/OW/WORK_INDENT3169,"Comprehensive Development of Road and drains at Yaseen Nagar, HBR Layout, and surrounding area HBR Layout in Ward No.78/24 HBR Layout",BBMP,BBMP Sarvagnanagar East,Other Works,Awarded,,LOKESH R( RAMAIAH LOKESH ),4690274.00,04-06-2024 12:57:05
79,212521,BBMP/2025-26/OW/WORK_INDENT8265,Improvements to Roads and Drains at Pillanna Garden EWS Quarters Cross Roads and Surrounding area in Ward No.79 Kadugondanahalli,BBMP,BBMP Sarvagnanagar East,Other Works,Awarded,,,,02-08-2025 16:02:59
79,211043,BBMP/2025-26/OW/WORK_INDENT8269,Improvements to Roads and Drains at Vinayaka Street Cross Roads and Surrounding area in Ward No.79 Kadugondanahalli,BBMP,BBMP Sarvagnanagar East,Other Works,Awarded,,,,01-08-2025 15:35:05
79,156626,BBMP/2024-25/OW/WORK_INDENT4681/CALL-2,Improvements to Roads and Drains at B.M.Layout and Surrounding Area in Ward No.79 K.G.HALLI,BBMP,BBMP Sarvagnanagar East,Other Works,Awarded,,RAVI NAIK G R (1),8832696.37,05-02-2025 15:30:45
79,145128,BBMP/2024-25/OW/WORK_INDENT5571,Repairs and Maintenance of footpath in Ward No-79 Kadugondanahalli for the year 2024-25,BBMP,BBMP Sarvagnanagar East,Other Works,Awarded,,ASHOK LAXMAN MALI,1616877.90,21-12-2024 14:44:59
79,132960,BBMP/2024-25/OW/WORK_INDENT4691,Improvements to Roads and Drains at Sonnappa Layput and Surrounding Area in Ward No.79 K.G.HALLI,BBMP,BBMP Sarvagnanagar East,Other Works,Awarded,,,,12-11-2024 13:43:27
79,132958,BBMP/2024-25/OW/WORK_INDENT4688,Improvements to Roads and Drains at Arokyamma Layout and Surrounding Area in Ward No.79 K.G.HALLI,BBMP,BBMP Sarvagnanagar East,Other Works,Awarded,,,,12-11-2024 13:42:12
79,132954,BBMP/2024-25/OW/WORK_INDENT4686,Improvements to Roads and Drains at Vinobhanagar and Surrounding Area in Ward No.79 K.G.HALLI,BBMP,BBMP Sarvagnanagar East,Other Works,Awarded,,RAGHURAMA REDDY,482217.00,12-11-2024 13:40:02
79,132949,BBMP/2024-25/OW/WORK_INDENT4684,Improvements to Roads and Drains at PNT (EWS Quarters) and Surrounding Area in Ward No.79 K.G.HALLI,BBMP,BBMP Sarvagnanagar East,Other Works,Awarded,,PRABHAKAR SHETTY,1478544.75,12-11-2024 13:39:20
79,132948,BBMP/2024-25/OW/WORK_INDENT4682,Improvements to Roads and Drains at Venkateshapura and Surrounding Area in Ward No.79 K.G.HALLI,BBMP,BBMP Sarvagnanagar East,Other Works,Awarded,,N VENKATARAM,858994.01,12-11-2024 13:38:34
79,132860,BBMP/2024-25/OW/WORK_INDENT4680,Improvements to Roads and Drains at Pillanna Garden and Surrounding Area in Ward No.79 K.G.HALLI,BBMP,BBMP Sarvagnanagar East,Other Works,Awarded,,,,12-11-2024 13:37:10
80,211124,BBMP/2025-26/OW/WORK_INDENT8277,"Providing asphalting to roads at Jalavayu Vihar and Ramaiah Layout Surrounding area in Ward No.80, Kacharakanahalli",BBMP,BBMP Sarvagnanagar East,Other Works,Awarded,,GANSHYAM J SHETTY( SUNLIGHT LUMINARIES ),1310680.80,01-08-2025 17:36:18
80,211085,BBMP/2025-26/OW/WORK_INDENT8274,"Improvements to Roads and Drains at Ramdev Garden, HBR Layout and Surrounding area in Ward No.80. Kacharakanahalli",BBMP,BBMP Sarvagnanagar East,Other Works,Awarded,,Chandrashekhar Ambiger,264064.50,01-08-2025 16:16:50
80,211118,BBMP/2025-26/OW/WORK_INDENT8276,"Providing asphalting to roads at Mangala Layout and Oil Mill Cross Roads Surrounding area in Ward No.80, Kacharakanahalli",BBMP,BBMP Sarvagnanagar East,Other Works,Awarded,,,,01-08-2025 16:15:24
80,173714,BBMP/2024-25/BD/WORK_INDENT7020,"Estimate for face lifting, Repairs, up-gradation and other necessary works to Murphy Town school at Merphy road, Halasuru in ward no.80(Call-3)",BBMP,BBMP Project East,Buildings,Awarded,,AZARUDDIN DYAMPUR,1673321.14,25-03-2025 15:55:37
80,145115,BBMP/2024-25/OW/WORK_INDENT5573,Repairs and Maintenance of footpath in Ward No-80 Kacharakanahalli for the year 2024-25,BBMP,BBMP Sarvagnanagar East,Other Works,Awarded,,SURESH MAHADEV AVATI,39527970.54,21-12-2024 14:45:28
80,145313,BBMP/2024-25/OW/WORK_INDENT5589,"Improvements to roads and drains at Kacharakanahalli SC colony and surroundings in ward no 80, Kacharakanahalli",BBMP,BBMP Sarvagnanagar East,Other Works,Awarded,,RAGHU,1071015.36,21-12-2024 14:24:04
80,133354,BBMP/2024-25/OW/WORK_INDENT4474,Construction of New Culverts in Ward No.80. Kacharakanahalli,BBMP,BBMP Sarvagnanagar East,Other Works,Awarded,,UMA VITTAL SHENOY (1)( MULTIFABS ),3974427.98,12-11-2024 13:47:57
80,133359,BBMP/2024-25/OW/WORK_INDENT4473,Improvements to Roads and Drains at Kariyana Palya and Surrounding area in Ward No.80. Kacharakanahalli,BBMP,BBMP Sarvagnanagar East,Other Works,Awarded,,,,12-11-2024 13:47:21
80,133343,BBMP/2024-25/OW/WORK_INDENT4472,Improvements to Roads and Drains at 2nd Block HRBR Layout and Surrounding area in Ward No.80. Kacharakanahalli,BBMP,BBMP Sarvagnanagar East,Other Works,Awarded,,BHUPAL MAHADEV KOLI URF TALAWAR,3026579.37,12-11-2024 13:46:41
80,133344,BBMP/2024-25/OW/WORK_INDENT4471,Improvements to Roads and Drains at 3rd Block HRBR Layout and Surrounding area in Ward No.80. Kacharakanahalli,BBMP,BBMP Sarvagnanagar East,Other Works,Awarded,,MARUTHI HANUMANTHAPPA YATTINAHALLI,3272980.10,12-11-2024 13:45:40
80,133438,BBMP/2024-25/OW/WORK_INDENT4467,Improvements to Roads and Drains at Ramaiah Layout and Surrounding area in Ward No.80. Kacharakanahalli,BBMP,BBMP Sarvagnanagar East,Other Works,Awarded,,GURUDUTT C V( PRABHU INDUSTRIES ),2369000.00,12-11-2024 13:45:06
80,133350,BBMP/2024-25/OW/WORK_INDENT4469,Improvements to Roads and Drains at BDA Layout and Surrounding area in Ward No.80. Kacharakanahalli,BBMP,BBMP Sarvagnanagar East,Other Works,Awarded,,NARIHALLI RANGAPPA THATHEGOWDA( SRI LAKSHMI CONSTRUCTIONS ),1534389.00,12-11-2024 13:44:27
81,169376,BBMP/2024-25/OW/WORK_INDENT6846,"Improvements to to roads and drains at Nehru Road cross roads and surrounding area in Ward No-81, Kammanahalli",BBMP,BBMP Sarvagnanagar East,Other Works,Awarded,,SHARIF SAB BALEGAR,6068821.37,14-03-2025 13:22:24
81,145121,BBMP/2024-25/OW/WORK_INDENT5575,Repairs and Maintenance of footpath in Ward No-81 Kammanahalli for the year 2024-25,BBMP,BBMP Sarvagnanagar East,Other Works,Awarded,,,,21-12-2024 14:45:57
81,133378,BBMP/2024-25/OW/WORK_INDENT4478,Improvements to Roads and Drains at 5th B Main HRBR 2nd Block and Surrounding area in Ward No.81. Kammanahalli,BBMP,BBMP Sarvagnanagar East,Other Works,Awarded,,Veerabhadrappa,34445179.00,12-11-2024 14:19:18
81,133915,BBMP/2024-25/OW/WORK_INDENT4483,Improvements to Roads and Drains at PNS Layout and Surrounding area in Ward No.81. Kammanahalli,BBMP,BBMP Sarvagnanagar East,Other Works,Awarded,,,,12-11-2024 13:53:33
81,133933,BBMP/2024-25/OW/WORK_INDENT4482,Improvements to Roads and Drains at Jai Jawan Nagar and Surrounding area in Ward No.81. Kammanahalli,BBMP,BBMP Sarvagnanagar East,Other Works,Awarded,,CHANDRAN PRAMA HEMANTH,928524.37,12-11-2024 13:52:55
81,133937,BBMP/2024-25/OW/WORK_INDENT4480,Improvements to Roads and Drains at 7th A Main HRBR 1st Block and Surrounding area in Ward No.81. Kammanahalli,BBMP,BBMP Sarvagnanagar East,Other Works,Awarded,,GURUPRASAD P( SRI MALEMAHADESHWARA ENTERPRISES ),1651672.28,12-11-2024 13:52:12
81,133940,BBMP/2024-25/OW/WORK_INDENT4479,Improvements to Roads and Drains at 5th C Main HRBR 2nd Block and Surrounding area in Ward No.81. Kammanahalli,BBMP,BBMP Sarvagnanagar East,Other Works,Awarded,,IBRAHIM ALI MI (1)( AL TECH ENGINEERING AND CONSTRUCTION PRIVATE LIMITED ),18842332.70,12-11-2024 13:51:28
81,133364,BBMP/2024-25/OW/WORK_INDENT4476,Improvements to Roads and Drains at 5th A Main HRBR 2nd Block and Surrounding area in Ward No.81. Kammanahalli,BBMP,BBMP Sarvagnanagar East,Other Works,Awarded,,,,12-11-2024 13:49:20
82,211316,BBMP/2025-26/OW/WORK_INDENT8286,"Improvements to Roads and Drains at OMBR Layout, 2nd, A, B, C and D Main Road Surrounding area in Ward No.82. Banasawadi",BBMP,BBMP Sarvagnanagar East,Other Works,Awarded,,N SUNIL KUMAR,589623.70,01-08-2025 18:08:08
82,211352,BBMP/2025-26/OW/WORK_INDENT8288,Improvements to Roads and Drains at Shamanna Layout and Surrounding area in Ward No.82. Banasawadi,BBMP,BBMP Sarvagnanagar East,Other Works,Awarded,,VIVEK S S( Yashu Construtions ),1046837.53,01-08-2025 18:07:31
82,169378,BBMP/2024-25/OW/WORK_INDENT6849,Improvements to roads and drains at Banasawadi Anjaneya Temple and Surrounding area in Ward No-82 Banasawadi,BBMP,BBMP Sarvagnanagar East,Other Works,Awarded,,,,14-03-2025 13:24:32
82,158443,BBMP/2024-25/OW/WORK_INDENT5577/CALL-2,Repairs and Maintenance of footpath in Ward No-82 Banasawadi for the year 2024-25,BBMP,BBMP Sarvagnanagar East,Other Works,Awarded,,Sharanappa S Alur( S S ALUR CONSTRUCTION COMPANY ),16753164.64,12-02-2025 15:31:28
82,156625,BBMP/2024-25/OW/WORK_INDENT4493/CALL-2,Improvements to Roads and Drains at Banasawadi Village and Surrounding area in Ward No.82. Banasawadi,BBMP,BBMP Sarvagnanagar East,Other Works,Awarded,,RAJENDRA GOWDA,7462357.12,05-02-2025 15:31:06
82,156627,BBMP/2024-25/OW/WORK_INDENT4492/CALL-2,Improvements to Roads and Drains at Vijaya Bank colony and Surrounding area in Ward No.82. Banasawadi,BBMP,BBMP Sarvagnanagar East,Other Works,Awarded,,Ravindra Bhagavanthappanavar (1),307708.69,05-02-2025 15:30:15
82,144575,BBMP/2024-25/OW/WORK_INDENT5527,Improvements to roads and drains at Balaji Layout and surroundings in Banasawadi ward no 82,BBMP,BBMP Sarvagnanagar East,Other Works,Awarded,,MANJUNATHA A N,554100.91,21-12-2024 14:57:41
82,144629,BBMP/2024-25/OW/WORK_INDENT5511,Improvements to roads and drains at AK colony and surroundings in Banasawadi ward no 82,BBMP,BBMP Sarvagnanagar East,Other Works,Awarded,,,,21-12-2024 14:54:12
82,133079,BBMP/2024-25/OW/WORK_INDENT4610,Improvements to Roads and Drains at 3rd B Main OMBR Layout and Surrounding area in Ward No.82. Banasawadi,BBMP,BBMP Sarvagnanagar East,Other Works,Awarded,,Samarth Hulagur,1270205.00,12-11-2024 13:58:23
82,133099,BBMP/2024-25/OW/WORK_INDENT4491,Improvements to Roads and Drains at OMBR Layout and Surrounding area in Ward No.82. Banasawadi,BBMP,BBMP Sarvagnanagar East,Other Works,Awarded,,MRUTYUNJAY MURAGAYYA HIREMATH( JAY SQUARE CONSULTANCY SERVICES ),344449.14,12-11-2024 13:56:25
82,133901,BBMP/2024-25/OW/WORK_INDENT4489,Improvements to Roads and Drains at 5th Cross HRBR 1st Block and Surrounding area in Ward No.82. Banasawadi,BBMP,BBMP Sarvagnanagar East,Other Works,Awarded,,MOHAMMED GAFOOR( S M D ASSOCIATES ),2589819.36,12-11-2024 13:55:41
82,133909,BBMP/2024-25/OW/WORK_INDENT4485,Improvements to Roads and Drains at 9th G Main HRBR 1st Block and Surrounding area in Ward No.82. Banasawadi,BBMP,BBMP Sarvagnanagar East,Other Works,Awarded,,CHANDRAN PRAMA HEMANTH,929391.01,12-11-2024 13:54:55
82,126122,BBMP/2024-25/EL/WORK_INDENT4080,"Operation and Maintenance of Street lights coming under ward no 82 Banasawadi and ORR from Benniganhalli flyover to Hennur Flyover Package E17, (For 10 Months)",BBMP,BBMP Electrical East,Electrical,Awarded,3861581.8,MAHADEVAPPA,1098051.98,08-10-2024 20:18:19
83,211417,BBMP/2025-26/OW/WORK_INDENT8294,Improvements to Roads and Drains at Patel Nanjundappa Road and Surrounding area in Ward No.83. Subbaihna Palya.,BBMP,BBMP Sarvagnanagar East,Other Works,Awarded,,KRISHNAGOWDA NINGANAGOWDA PATIL,1528705.48,01-08-2025 19:15:41
83,211416,BBMP/2025-26/OW/WORK_INDENT8293,Improvements to Roads and Drains at Sathyamurthy Road and Surrounding area in Ward No.83. Subbaihna Palya.,BBMP,BBMP Sarvagnanagar East,Other Works,Awarded,,,,01-08-2025 19:14:04
83,211427,BBMP/2025-26/OW/WORK_INDENT8295,Improvements to Roads and Drains at Gurumuthy Road and Surrounding area in Ward No.83. Subbaihna Palya.,BBMP,BBMP Sarvagnanagar East,Other Works,Awarded,,KRISHNAGOWDA NINGANAGOWDA PATIL,1499376.80,01-08-2025 19:13:30
83,158417,BBMP/2024-25/OW/WORK_INDENT5588/CALL-2,"Comprehensive Development of roads and drains at Janakiram Layout cross roads and surroudings in ward no 83, Subbayana Palya",BBMP,BBMP Sarvagnanagar East,Other Works,Awarded,,,,12-02-2025 15:34:54
83,158409,BBMP/2024-25/OW/WORK_INDENT5587/CALL-2,Comprehensive Development of roads and drains at Janakiram Layout A Block and surroundings in ward no 83 Subbayanapalya (Census Block No-67),BBMP,BBMP Sarvagnanagar East,Other Works,Awarded,,DHULESH SHARANGOUDA PATIL,18654122.74,12-02-2025 15:30:57
83,158422,BBMP/2024-25/OW/WORK_INDENT5517/CALL-2,"Comprehensive Development of roads and drains at Gundappa Mutt 1st cross in ward no 83, Subbayanapalya",BBMP,BBMP Sarvagnanagar East,Other Works,Awarded,,KONDARAJANAHALLI VENKATASWAMY SRINATHA( SRI LAKSHMI VENKATESHWARA BOREWELLS ),544716.00,12-02-2025 14:31:55
83,144540,BBMP/2024-25/OW/WORK_INDENT5519,"Comprehensive Development of roads and drains at Gundappa Mutt 2nd cross in ward no 83, Subbayanapalya",BBMP,BBMP Sarvagnanagar East,Other Works,Awarded,,V NAVIN( VEBHA ENTERPRISES ),325595.96,21-12-2024 15:02:40
83,145124,BBMP/2024-25/OW/WORK_INDENT5578,Repairs and Maintenance of footpath in Ward No-83 Subbayyanapalya Layout for the year 2024-25,BBMP,BBMP Sarvagnanagar East,Other Works,Awarded,,SURESH MAHADEV AVATI,15265200.00,21-12-2024 14:46:27
83,145301,BBMP/2024-25/OW/WORK_INDENT5590,"Comprehensive Development of roads and drains at Janakiram Layout 3rd cross road and surroundings in ward no 83, Subbayanapalya",BBMP,BBMP Sarvagnanagar East,Other Works,Awarded,,VISHWANATH MAHADEV TATAGAR,1264159.33,21-12-2024 14:29:38
83,145305,BBMP/2024-25/OW/WORK_INDENT5585,Comprehensive Development of roads and drains at Janakiram Layout A Block and surroundings in ward no 83 Subbayanapalya,BBMP,BBMP Sarvagnanagar East,Other Works,Awarded,,,,21-12-2024 14:29:05
83,133969,BBMP/2024-25/OW/WORK_INDENT4620,Improvements to Roads at R S Palya Cross Roads and Surrounding area in Ward No.83. Subbaihna Palya,BBMP,BBMP Sarvagnanagar East,Other Works,Awarded,,BABU( SUNSHINE INFRASTRUCTURE ),4257495.11,12-11-2024 14:06:13
83,133980,BBMP/2024-25/OW/WORK_INDENT4617,Construction of New Culverts in Ward No.83. Subbaihna Palya.,BBMP,BBMP Sarvagnanagar East,Other Works,Awarded,,SUDHAKAR RAJU M (1)( G CONS ),1316741.61,12-11-2024 14:04:48
83,133984,BBMP/2024-25/OW/WORK_INDENT4616,Improvements to Roads and Drains at Narayanappa Road and Surrounding area in Ward No.83. Subbaihna Palya.,BBMP,BBMP Sarvagnanagar East,Other Works,Awarded,,VIJAYKUMAR SHIVAPUTRAYYA CHURCHIHALMATH,2636205.70,12-11-2024 14:04:07
83,133380,BBMP/2024-25/OW/WORK_INDENT4615,Improvements to Roads and Drains at Mottappa Road and Surrounding area in Ward No.83. Subbaihna Palya.,BBMP,BBMP Sarvagnanagar East,Other Works,Awarded,,,,12-11-2024 14:03:21
83,133994,BBMP/2024-25/OW/WORK_INDENT4614,Improvements to Roads and Drains at Gurumurthy Road and Surrounding area in Ward No.83. Subbaihna Palya.,BBMP,BBMP Sarvagnanagar East,Other Works,Awarded,,BASAVARAJA SAVANUR NAGAPPA( NANDI STEEL PRODUCTS ),499211.25,12-11-2024 14:02:26
83,133998,BBMP/2024-25/OW/WORK_INDENT4613,Improvements to Roads and Drains at Gullappa Road and Surrounding area in Ward No.83. Subbaihna Palya.,BBMP,BBMP Sarvagnanagar East,Other Works,Awarded,,,,12-11-2024 14:01:37
84,169366,BBMP/2024-25/OW/WORK_INDENT6842,Improvements to roads and drains at CK Garden and surrounding area in Ward No-84 Lingarajapura,BBMP,BBMP Sarvagnanagar East,Other Works,Awarded,,LAKSHMAN DODDAMANI,407219.57,14-03-2025 12:51:59
84,158445,BBMP/2024-25/OW/WORK_INDENT5581/CALL-2,Repairs and Maintenance of footpath in Ward No-84 Lingarajapura for the year 2024-25,BBMP,BBMP Sarvagnanagar East,Other Works,Awarded,,HARISH G,630805.00,12-02-2025 15:30:06
84,156620,BBMP/2024-25/OW/WORK_INDENT4622/CALL-2,Improvements to Roads and Drains at Ashoka Road and Surrounding area in Ward No.84. Lingarajapuram,BBMP,BBMP Sarvagnanagar East,Other Works,Awarded,,Ravindra Bhagavanthappanavar (1),314926.43,05-02-2025 15:31:50
84,133387,BBMP/2024-25/OW/WORK_INDENT4627,Improvements to Roads and Drains at 5th Cross Hutchins Road and Surrounding area in Ward No.84. Lingarajapuram,BBMP,BBMP Sarvagnanagar East,Other Works,Awarded,,GANESH M S( G K CONSTRUCTION ),1809011.99,12-11-2024 14:10:00
84,133389,BBMP/2024-25/OW/WORK_INDENT4626,Improvements to Roads and Drains at KSFC Layout and Surrounding area in Ward No.84. Lingarajapuram,BBMP,BBMP Sarvagnanagar East,Other Works,Awarded,,BHEEMANAIK RAJKUMAR NAIK,3445782.58,12-11-2024 14:09:16
84,133945,BBMP/2024-25/OW/WORK_INDENT4625,Improvements to Roads and Drains at Kanakadasa Layout and Surrounding area in Ward No.84. Lingarajapuram,BBMP,BBMP Sarvagnanagar East,Other Works,Awarded,,G B CHELUVA (1)( SRI CHELUVA NARAYANA SWAMY ENGINEERING WORKS ),4664708.47,12-11-2024 14:08:41
84,133958,BBMP/2024-25/OW/WORK_INDENT4624,Improvements to Roads and Drains at D Costa Square and Surrounding area in Ward No.84. Lingarajapuram,BBMP,BBMP Sarvagnanagar East,Other Works,Awarded,,,,12-11-2024 14:08:06
84,133962,BBMP/2024-25/OW/WORK_INDENT4623,Improvements to Roads and Drains at Davis Cross Road and Surrounding area in Ward No.84. Lingarajapuram,BBMP,BBMP Sarvagnanagar East,Other Works,Awarded,,,,12-11-2024 14:07:32
85,211585,BBMP/2025-26/OW/WORK_INDENT8318,Improvements to Roads and Drains at Nagaiahna Palya and Surrounding area in Ward No.85. Maruthiseva Nagara,BBMP,BBMP Sarvagnanagar East,Other Works,Awarded,,,,02-08-2025 16:05:38
85,211613,BBMP/2025-26/OW/WORK_INDENT8320,Improvements to Roads and Drains at Vivekananda Nagara and Surrounding area in Ward No.85. Maruthiseva Nagara,BBMP,BBMP Sarvagnanagar East,Other Works,Awarded,,SHASIDHAR NAKATI,2053771.95,02-08-2025 16:04:20
85,169372,BBMP/2024-25/OW/WORK_INDENT6844,"Improvements to roads and drains at Jeevanahlli, ITC Colony, Kondappa Garden and surrounding area in Ward No-85, Maruthisevanagara",BBMP,BBMP Sarvagnanagar East,Other Works,Awarded,,ABDULSALAM A MANIYAR( ABDULSALAM A MANIYAR ),268870.92,14-03-2025 12:54:45
85,162553,BBMP/2024-25/OW/WORK_INDENT5584/CALL-2,Improvements to roads and drains at KHB colony and surrounding area in ward no 85,BBMP,BBMP Sarvagnanagar East,Other Works,Awarded,,,,03-03-2025 16:11:31
85,145085,BBMP/2024-25/OW/WORK_INDENT5582,Repairs and Maintenance of footpath in Ward No-85 Maruthisevanagara for the year 2024-25,BBMP,BBMP Sarvagnanagar East,Other Works,Awarded,,SUDESH BAGADI (1),2667640.56,21-12-2024 14:47:30
85,133433,BBMP/2024-25/OW/WORK_INDENT4633,Construction of New Culverts and Debris Removal in Ward No.85. Maruthiseva Nagara,BBMP,BBMP Sarvagnanagar East,Other Works,Awarded,,Santhosh Kumar M L,336503.48,12-11-2024 14:15:23
85,133429,BBMP/2024-25/OW/WORK_INDENT4632,Improvements to Roads and Drains at Jaibharathnagar and Surrounding area in Ward No.85. Maruthiseva Nagara,BBMP,BBMP Sarvagnanagar East,Other Works,Awarded,,SAIFUL HAMEED TIKOTIKAR,1270196.33,12-11-2024 14:14:49
85,133427,BBMP/2024-25/OW/WORK_INDENT4631,Improvements to Roads and Drains at Jeevanahalli and Surrounding area in Ward No.85. Maruthiseva Nagara,BBMP,BBMP Sarvagnanagar East,Other Works,Awarded,,Sharanegouda,10906905.67,12-11-2024 14:13:57
85,133390,BBMP/2024-25/OW/WORK_INDENT4630,Improvements to Roads and Drains at JCO Colony and Surrounding area in Ward No.85. Maruthiseva Nagara,BBMP,BBMP Sarvagnanagar East,Other Works,Awarded,,ABHISHEK S M,814193.40,12-11-2024 14:12:56
86,208544,BBMP/2025-26/OW/WORK_INDENT8218,Improvemnets to Roads and drains at Babusapalya Village in census Block No. at Chelakere colony at Census Block Number 46/2 Vaddarapalya at Census Block Number 34 and other SC/ST areas in Ward No-86-Chalakere,BBMP,BBMP K R Puram Mahadevapura,Other Works,Awarded,8400523.24,,,21-07-2025 17:30:49
86,206281,BBMP/2025-26/OW/WORK_INDENT7969,Providing Tractor &Labour for maintenance Roads & drains in ward No-86-Challakere ward area,BBMP,BBMP K R Puram Mahadevapura,Other Works,Awarded,2542300.0,KHADARBASHA CHALAGI,509393.55,15-07-2025 16:46:48
86,206269,BBMP/2025-26/OW/WORK_INDENT7937,Improvements to roads & drains at Babusapalya Bank Avenue Main Road and Cross Roads Surrounding Area in Chelakere Ward No.86,BBMP,BBMP K R Puram Mahadevapura,Other Works,Awarded,2112233.53,MONISHKUMAR G N( VACHAN CONSTRUCTIONS ),1553678.64,15-07-2025 16:18:36
86,202134,BBMP/2025-26/OW/WORK_INDENT7844,"Improvements to roads & drains at Babusapalya Village, Vaddarapaya Anugraha Layout Main Road, Babusapalya CMR Colony, Shakthi Layout Main Road,Babusapalya Unnathi Layout Main Roads and Cross Roads in Chelakere Ward No.86",BBMP,BBMP K R Puram Mahadevapura,Other Works,Awarded,16804516.52,H M MANJUNATHA( Manjunatha Enterprises ),778536.08,01-07-2025 12:20:12
86,132705,BBMP/2024-25/OW/WORK_INDENT4938,Improvements to roads & drains at Babusapalya M.M.Garden main Road and Cross Roads in Chelakere Ward No.86,BBMP,BBMP K R Puram Mahadevapura,Other Works,Awarded,1690359.62,KESHAV SRINIVAS( FLYBI TECHNOLOGIES PRIVATE LIMITED ),1289232.00,08-11-2024 14:08:22
86,132754,BBMP/2024-25/OW/WORK_INDENT4940,Improvements to roads & drains at Bank avenue Cross Roads in Chelakere Ward No.86,BBMP,BBMP K R Puram Mahadevapura,Other Works,Awarded,2112190.8,,,08-11-2024 13:50:18
86,132709,BBMP/2024-25/OW/WORK_INDENT4939,Providing RCC drains Improvements to roads drains at Bank avenue Main Road in Chelakere Ward No.86,BBMP,BBMP K R Puram Mahadevapura,Other Works,Awarded,2107842.46,,,08-11-2024 13:49:28
86,132700,BBMP/2024-25/OW/WORK_INDENT4936,Improvements to roads & drains at Babusapalya Village Flower garden Main Road and Cross Roads in Chelakere Ward No.86,BBMP,BBMP K R Puram Mahadevapura,Other Works,Awarded,2533802.93,SYED JAVEED,3406677.77,08-11-2024 13:48:22
86,132671,BBMP/2024-25/OW/WORK_INDENT4934,Improvements to roads & drains at Babusapalya Doddaih layout and Cross Roads in Chelakere Ward No.86,BBMP,BBMP K R Puram Mahadevapura,Other Works,Awarded,2109961.51,TILAK BABU CHUNDURI( cindrella industries ),8356500.00,08-11-2024 13:47:21
86,111000,BBMP/2024-25/OW/WORK_INDENT3586,Providing Tractor & Labour for maintenance Roads & drains in ward No-86-Challakere ward area,BBMP,BBMP K R Puram Mahadevapura,Other Works,Awarded,2993781.0,Puttaswamy,830698.00,23-08-2024 17:47:02
86,110623,BBMP/2024-25/OW/WORK_INDENT3575,Footpath Maintenance works in ward No 86-Challakere,BBMP,BBMP K R Puram Mahadevapura,Other Works,Awarded,2112934.33,NAGARAJ SURESH BANDEKAR( OM COMPUTERS ),165220.00,23-08-2024 16:45:32
86,108222,BBMP/2024-25/OW/WORK_INDENT3567,Improvements to Roads and drains at Babsapalya village main road and Extension cross roads other surrounding layout ward area in Chalakere Ward No 86,BBMP,BBMP K R Puram Mahadevapura,Other Works,Awarded,,MD BASID PATEL,149639.82,12-08-2024 18:10:43
87,208550,BBMP/2025-26/OW/WORK_INDENT8219,"Improvemnets to Roads and drains at Horamavu Agara, Jyothinagara at census Block No 75/2 in Ward No-87-Horamavu",BBMP,BBMP K R Puram Mahadevapura,Other Works,Awarded,8399387.26,GANGAPPA BHIMAPPA RAJAPUR,80079.04,21-07-2025 17:30:19
87,208555,BBMP/2025-26/OW/WORK_INDENT8221,Improvemnets to Roads and drains at Nagareshwara Nagenahalli Village census Block No 4/3 & 20/1 of census 2011 in Ward No-87-Horamavu,BBMP,BBMP K R Puram Mahadevapura,Other Works,Awarded,8398960.03,KUMAR S,350580.51,21-07-2025 17:29:55
87,208560,BBMP/2025-26/OW/WORK_INDENT8220,Improvemnets to Roads and drains at Horamavu Village Jayanthi Nagara at census Block No 150/1 in Ward No-87-Horamavu,BBMP,BBMP K R Puram Mahadevapura,Other Works,Awarded,8400989.56,,,21-07-2025 17:29:05
87,208568,BBMP/2025-26/OW/WORK_INDENT8222,Improvemnets to Roads and drains at Kylasanahalli Colony area Balance portion at census Block No 4/3 & 20/1 of census 2011 in Ward No-87-Horamavu,BBMP,BBMP K R Puram Mahadevapura,Other Works,Awarded,8397269.75,NAGESH G K,8400523.26,21-07-2025 17:28:32
87,206270,BBMP/2025-26/OW/WORK_INDENT7938,Improvements to roads & drains at Brundavan Avenue Layout Main Roads and Surrounding area cross roads in Horamavu ward No.87,BBMP,BBMP K R Puram Mahadevapura,Other Works,Awarded,4221784.68,,,15-07-2025 16:19:26
87,202329,BBMP/2025-26/OW/WORK_INDENT7845,"Improvements to roads & drains at K-Narayanapura, Kothanuru, HoramavuAgara,Spanadanalayout,S.S Farm Road, Rajanna Layout Geddhaalahalli Ferns Road and Surrounding area cross roads in Horamavu ward No.87",BBMP,BBMP K R Puram Mahadevapura,Other Works,Awarded,16802898.97,SHIVARAJU,11706649.85,01-07-2025 12:20:55
87,135251,BBMP/2024-25/OW/WORK_INDENT5326,Improvements to Jayanthi Nagara Govt School road in Horamavu Village at Census Block Number.150/1 Horamavu Ward No.87,BBMP,BBMP K R Puram Mahadevapura,Other Works,Awarded,1689938.22,BASAVARAJ A GADIGEPPA BASALIGUNDI,27845859.79,20-11-2024 15:04:36
87,135242,BBMP/2024-25/OW/WORK_INDENT5324,Improvements to roads and drains at Horamavu agara Jyothi Nagara Colony area at Census Block Number.75/2 ward No.87 Horamavu,BBMP,BBMP K R Puram Mahadevapura,Other Works,Awarded,4227014.77,LOKESH M G,7621014.27,20-11-2024 15:03:29
87,135223,BBMP/2024-25/OW/WORK_INDENT5323,Improvements Footpath at Nagareshwara Nagenahalli Colony main road at Census Block Number.20/1 in Horamavu Ward No.87,BBMP,BBMP K R Puram Mahadevapura,Other Works,Awarded,2536668.5,MADHAVA C H,755888.00,20-11-2024 15:02:27
87,132780,BBMP/2024-25/OW/WORK_INDENT4948,"Improvements to roads & drains at Nagareshwara Nagenahalli Village, D Krishnappa Layout cross Roads in Horamavu Ward No.87",BBMP,BBMP K R Puram Mahadevapura,Other Works,Awarded,2106807.18,,,08-11-2024 13:54:08
87,132774,BBMP/2024-25/OW/WORK_INDENT4946,Improvements to roads & drains at Nagareshwara Nagenahalli Village Extension cross Roads in Horamavu Ward No.87,BBMP,BBMP K R Puram Mahadevapura,Other Works,Awarded,2108252.42,JAVEED MAHEBOOBSAB BIJAPUR,833236.32,08-11-2024 13:52:43
87,132767,BBMP/2024-25/OW/WORK_INDENT4942,Improvements to roads & drains at P & T Layout main Road & Cross Roads and Papaih Layout Cross Roads in Horamavu ward No.87,BBMP,BBMP K R Puram Mahadevapura,Other Works,Awarded,2532838.12,SULTHANULLA KHAN( UNITED ENGINEERS ),310000.00,08-11-2024 13:51:59
87,132756,BBMP/2024-25/OW/WORK_INDENT4941,Improvements to roads & drains at Hoysala Nagara 3rd Main near V.M.Meradean Apartment and Anjaneya Temple and Vigneshra layout 20th cross roads in Horamavu ward No.87,BBMP,BBMP K R Puram Mahadevapura,Other Works,Awarded,3803991.57,,,08-11-2024 13:50:59
87,111008,BBMP/2024-25/OW/WORK_INDENT3587,Providing Tractor & Labour for maintenance Roads & drains in ward No-87-Horamavu ward area,BBMP,BBMP K R Puram Mahadevapura,Other Works,Awarded,2993781.0,,,23-08-2024 17:49:40
87,110645,BBMP/2024-25/OW/WORK_INDENT3576,Footpath Maintenance works in ward No 87-Horamavu,BBMP,BBMP K R Puram Mahadevapura,Other Works,Awarded,2108685.12,A B Channabasavaiah( A B C Construction Company ),8863176.92,23-08-2024 16:57:41
87,108239,BBMP/2024-25/OW/WORK_INDENT3568,Improvements to Roads and drains at kothanur Balaji layout kyalasanahalli village cross roads & K.Narayanapura opp BDS Nagara cross road and Agape Church road and other surrounding layout ward area in Horamavu Ward No 87,BBMP,BBMP K R Puram Mahadevapura,Other Works,Awarded,,DEVARAJA KRISHNAPPA DEVASANDRA,9695270.03,12-08-2024 18:12:11
88,208585,BBMP/2025-26/OW/WORK_INDENT8225,Improvemnets to Roads and drains at Kalkere village in Ward No-88-Kalkere,BBMP,BBMP K R Puram Mahadevapura,Other Works,Awarded,8400320.62,,,21-07-2025 17:27:13
88,206283,BBMP/2025-26/OW/WORK_INDENT7971,Providing Tractor &Labour for maintenance Roads & drains in ward No-88-Kalkere ward area,BBMP,BBMP K R Puram Mahadevapura,Other Works,Awarded,2542300.0,,,15-07-2025 16:47:46
88,206271,BBMP/2025-26/OW/WORK_INDENT7939,"Improvements to roads & drains at NRI Layout 5th A Main , NRI Layout and Surrounding area cross roads in Kalkere ward No.88",BBMP,BBMP K R Puram Mahadevapura,Other Works,Awarded,3800684.49,,,15-07-2025 16:20:07
88,202331,BBMP/2025-26/OW/WORK_INDENT7846,"Improvements to roads & drains at Kalkere Village, K-Chanasandra Pooja Garden Cross Roads, Kanakanagara Hunumathappa Layout, NRI Layout and Surrounding area cross roads in Kalkere ward No.88",BBMP,BBMP K R Puram Mahadevapura,Other Works,Awarded,8397322.09,SANGU MUTTINAKANTIMATH,827950.97,01-07-2025 12:22:04
88,184242,BBMP/2025-26/OW/WORK_INDENT7208,Improvments to roads and drains in K Channasandra Khane Road Pooja Garden Kalkere Village NRI Layout Double Road in Ward No88 Kalkere and Shanthi Layout main Road and Cross Roads in Ward No90 Ramamurthy nagara,BBMP,BBMP K R Puram Mahadevapura,Other Works,Awarded,,,,02-05-2025 12:03:36
88,132788,BBMP/2024-25/OW/WORK_INDENT4943,Improvements to roads & drains at Ramachandrappa Garden Cross roads in Kalkere ward No.88,BBMP,BBMP K R Puram Mahadevapura,Other Works,Awarded,1689987.97,TILAK BABU CHUNDURI( cindrella industries ),3396000.00,08-11-2024 14:09:13
88,132796,BBMP/2024-25/OW/WORK_INDENT4953,"Improvements to roads & drains at P&T Layout cross roads, Akshaya Nagara 1st Block in Kalkere ward No.88",BBMP,BBMP K R Puram Mahadevapura,Other Works,Awarded,2107688.8,,,08-11-2024 13:56:21
88,132790,BBMP/2024-25/OW/WORK_INDENT4951,Improvements to roads & drains at Shanthi Layout Main Road in Kalkere ward No.88,BBMP,BBMP K R Puram Mahadevapura,Other Works,Awarded,3375886.08,SOMASHEKAR G V,2532838.12,08-11-2024 13:54:59
88,132778,BBMP/2024-25/OW/WORK_INDENT4947,"Improvements to roads & drains at shanthi Layout, 8th ,main and cross roads in Kalkere ward No.88",BBMP,BBMP K R Puram Mahadevapura,Other Works,Awarded,3378845.17,V SRINIVASA,1147640.34,08-11-2024 13:53:25
88,111009,BBMP/2024-25/OW/WORK_INDENT3588,Providing Tractor & Labour for maintenance Roads & drains in ward No-88-Kalkere ward area,BBMP,BBMP K R Puram Mahadevapura,Other Works,Awarded,2993781.0,HARIPRASAD K S,931516.00,23-08-2024 17:52:06
88,110707,BBMP/2024-25/OW/WORK_INDENT3577,Footpath Maintenance works in ward No 88-Kalkere,BBMP,BBMP K R Puram Mahadevapura,Other Works,Awarded,2111864.6,,,23-08-2024 17:01:55
88,108253,BBMP/2024-25/OW/WORK_INDENT3569,Improvements to Roads and drains at kalkere and K.Channasandra village Extension area cross roads in kalkere Ward No 88,BBMP,BBMP K R Puram Mahadevapura,Other Works,Awarded,,AKSHAY S,1299514.56,12-08-2024 18:13:24
89,208557,BBMP/2025-26/OW/WORK_INDENT8227,"Improvemnets to Roads and drains at Ambedkar Colony Cross Roads, Lakshmana Murthy nagara Cross Roads at Census Block Number 120 in Ward No-89-Vijinapura",BBMP,BBMP K R Puram Mahadevapura,Other Works,Awarded,8402307.35,ANISAHMED TAJODDIN JAKATI,410100.42,21-07-2025 17:29:32
89,206285,BBMP/2025-26/OW/WORK_INDENT7972,Providing Tractor &Labour for maintenance Roads & drains in ward No-89-Vijinapura ward area,BBMP,BBMP K R Puram Mahadevapura,Other Works,Awarded,2542300.0,,,15-07-2025 16:48:26
89,206274,BBMP/2025-26/OW/WORK_INDENT7942,Improvements to roads & drains at Jyothi Pura and Surrounding area cross roads in Vijinapura ward No.89,BBMP,BBMP K R Puram Mahadevapura,Other Works,Awarded,4224272.67,RAMESHA YAMANAPPA BIRADAR,169170.67,15-07-2025 16:22:26
89,206273,BBMP/2025-26/OW/WORK_INDENT7941,Improvements to roads & drains at FCI Gowdown and Surrounding area cross roads in Vijinapura ward No.89,BBMP,BBMP K R Puram Mahadevapura,Other Works,Awarded,4221534.32,,,15-07-2025 16:21:28
89,206272,BBMP/2025-26/OW/WORK_INDENT7940,Improvements to roads & drains at Vijinapura Areas and Surrounding area cross roads in Vijinapura ward No.89,BBMP,BBMP K R Puram Mahadevapura,Other Works,Awarded,4223491.46,MADIVALAPPA,275749.36,15-07-2025 16:20:46
89,202332,BBMP/2025-26/OW/WORK_INDENT7847,"Improvements to roads & drains at Darga Mahala , Pragathi Layout, Dasappa Layout, Yerrainapalayaextenstion , Venkataswamy Reddy Layoutand Surrounding area cross roads in Vijinapura ward No.89",BBMP,BBMP K R Puram Mahadevapura,Other Works,Awarded,8399540.43,MALLIKARJUNA,296279.47,01-07-2025 12:22:45
89,173717,BBMP/2024-25/BD/WORK_INDENT7022,"Estimate for face lifting, Repairs, up-gradation and other necessary works to Merphy Road Nursery school at works Colony, Halasaur in ward no.89 (Call-3)",BBMP,BBMP Project East,Buildings,Awarded,,AZARUDDIN DYAMPUR,1673321.14,25-03-2025 15:34:13
89,136208,BBMP/2024-25/OW/WORK_INDENT5332,Improvements to Roads and Drains at Ambedkar Nagar Cross Roads at Census Block Number 120 in Vijinapura Ward No.89,BBMP,BBMP K R Puram Mahadevapura,Other Works,Awarded,4224300.75,,,20-11-2024 17:07:16
89,132816,BBMP/2024-25/OW/WORK_INDENT4959,Improvements to Roads & drains at vijinapura ward area in Vijinapura ward no-89,BBMP,BBMP K R Puram Mahadevapura,Other Works,Awarded,2110404.49,D THIMMARAYAPPA,1400113.37,08-11-2024 13:59:38
89,132806,BBMP/2024-25/OW/WORK_INDENT4957,Improvements to Roads & drains at Brundavana and F C I cross Roads in Vijinapura ward no-89,BBMP,BBMP K R Puram Mahadevapura,Other Works,Awarded,2536341.98,,,08-11-2024 13:58:22
89,132807,BBMP/2024-25/OW/WORK_INDENT4956,Improvements to Roads & drains at Venkataswamy reddy layout and Yeraiahnapalya Extention Surrounding area cross roads in Vijinapura ward no-89,BBMP,BBMP K R Puram Mahadevapura,Other Works,Awarded,3377258.38,LAKSHMIKANTHA( H D INFRASTRUCTURES ),24399068.58,08-11-2024 13:57:42
89,132797,BBMP/2024-25/OW/WORK_INDENT4954,Improvements to Roads & drains at subbramani layout S P Naidu layout Kuvempu nagara in Vijinapura ward no-89,BBMP,BBMP K R Puram Mahadevapura,Other Works,Awarded,2533060.0,HARISHA K,2107979.42,08-11-2024 13:57:01
89,111010,BBMP/2024-25/OW/WORK_INDENT3589,Providing Tractor & Labour for maintenance Roads & drains in ward No-89-Vijinapura ward area,BBMP,BBMP K R Puram Mahadevapura,Other Works,Awarded,2993781.0,,,23-08-2024 18:01:48
89,110950,BBMP/2024-25/OW/WORK_INDENT3578,Footpath Maintenance works in ward No 89-Vijinapura,BBMP,BBMP K R Puram Mahadevapura,Other Works,Awarded,2110888.07,ANNASAB R NISHANDAR (1)( BHYARAVESHWAR  ELECTRICALS ),2878530.00,23-08-2024 17:08:33
90,208573,BBMP/2025-26/OW/WORK_INDENT8223,Improvemnets to Roads and drains at Muneshwara Nagara at Census Block Number 03 in Ward No-90-Ramamurthy Nagara,BBMP,BBMP K R Puram Mahadevapura,Other Works,Awarded,8398211.74,,,21-07-2025 17:28:05
90,208578,BBMP/2025-26/OW/WORK_INDENT8224,Improvemnets to Roads and drains at Yarraiahnapalya village in Ward No-90-Ramamurthy Nagara,BBMP,BBMP K R Puram Mahadevapura,Other Works,Awarded,8396040.6,,,21-07-2025 17:27:40
90,208590,BBMP/2025-26/OW/WORK_INDENT8226,Improvemnets to Roads and drains at Ambedkar Nagara Cross Roads in at Census Block Number 03 in Ward No-90-Ramamurthy Nagara,BBMP,BBMP K R Puram Mahadevapura,Other Works,Awarded,8397186.19,JAYAVIKRAM P( ADHISHAKTHI WAINDORS ),794980.00,21-07-2025 17:26:45
90,206286,BBMP/2025-26/OW/WORK_INDENT7973,Providing Tractor &Labour for maintenance Roads &drains in ward No-90-Ramamurthy Nagara ward area,BBMP,BBMP K R Puram Mahadevapura,Other Works,Awarded,2542300.0,,,15-07-2025 16:48:55
90,206275,BBMP/2025-26/OW/WORK_INDENT7943,"Improvements to Roads & drains at Bhovi Colony, Adhithya Layout, Ambedkara Layout, Appurao Layout cross roads Ramamurthynagara Ward No.90",BBMP,BBMP K R Puram Mahadevapura,Other Works,Awarded,4220465.2,,,15-07-2025 16:23:19
90,202335,BBMP/2025-26/OW/WORK_INDENT7848,"Improvements to Roads & drains at Muneshwaranagara, Sir M.V.Nagara, Nagappa reddy layout, Ambedkara Nagara vijinapura Kamadhenu Layout, Bhovi Colony & cross roads Ramamurthynagara Ward No.90",BBMP,BBMP K R Puram Mahadevapura,Other Works,Awarded,8399005.15,RAYAPPA,216627.21,01-07-2025 12:23:29
90,184242,BBMP/2025-26/OW/WORK_INDENT7208,Improvments to roads and drains in K Channasandra Khane Road Pooja Garden Kalkere Village NRI Layout Double Road in Ward No88 Kalkere and Shanthi Layout main Road and Cross Roads in Ward No90 Ramamurthy nagara,BBMP,BBMP K R Puram Mahadevapura,Other Works,Awarded,,,,02-05-2025 12:03:36
90,135268,BBMP/2024-25/OW/WORK_INDENT5331,Improvements to Roads and Drains at Ambedkar Nagar Cross Roads in at Census Block Number.95/2 R.M.Nagara Ward No.90,BBMP,BBMP K R Puram Mahadevapura,Other Works,Awarded,3380706.83,,,20-11-2024 15:09:08
90,132986,BBMP/2024-25/OW/WORK_INDENT4955,"Improvements to Roads & drains at BSV Reddy Layout, Appurao Layout cross roads Ramamurthynagara Ward No.90",BBMP,BBMP K R Puram Mahadevapura,Other Works,Awarded,1688735.86,Y RAGHURAM CHOWDARY (1)( PRAMEELA ENGINEERS AND INFRA PROJECTS ),1683962.22,08-11-2024 14:11:18
90,132976,BBMP/2024-25/OW/WORK_INDENT4963,"Improvements to Roads & drains at Nangappa reddy layout,cross roads Ramamurthynagara Ward No.90",BBMP,BBMP K R Puram Mahadevapura,Other Works,Awarded,1263141.08,SHIVAGONDAPPA GADIGEPPAGOUDAR,2020839.19,08-11-2024 14:10:39
90,132963,BBMP/2024-25/OW/WORK_INDENT4961,"Improvements to Roads & drains at Kamadhenu Road, & cross roads Ramamurthynagara Ward No.90",BBMP,BBMP K R Puram Mahadevapura,Other Works,Awarded,1684758.1,,,08-11-2024 14:10:04
90,132823,BBMP/2024-25/OW/WORK_INDENT4965,Improvements to Roads & drains at Sir M.V.Nagara Main Roads & cross roads Ramamurthynagara Ward No.90,BBMP,BBMP K R Puram Mahadevapura,Other Works,Awarded,3797161.95,,,08-11-2024 14:00:35
90,132840,BBMP/2024-25/OW/WORK_INDENT4952,Improvements to Roads & drains at Yarraiahnapalya Extension in cross roads Ramamurthynagara Ward No.90,BBMP,BBMP K R Puram Mahadevapura,Other Works,Awarded,2108028.3,SHANKAR,720748.80,08-11-2024 13:55:39
90,111011,BBMP/2024-25/OW/WORK_INDENT3590,Providing Tractor & Labour for maintenance Roads &drains in ward No-90-Ramamurthy Nagara ward area,BBMP,BBMP K R Puram Mahadevapura,Other Works,Awarded,2993781.0,SANJAY R KALLURKAR,234576.11,23-08-2024 18:04:53
90,110963,BBMP/2024-25/OW/WORK_INDENT3579,Footpath Maintenance works in ward No 90-Ramamurthy Nagara,BBMP,BBMP K R Puram Mahadevapura,Other Works,Awarded,2114509.82,SAIDAPPA,1459979.50,23-08-2024 17:12:31
90,108272,BBMP/2024-25/OW/WORK_INDENT3570,Improvements to Roads and drains at P and T Layout cross roads and shanthi layout surrounding cross roads in R.M.Nagara Ward No 90,BBMP,BBMP K R Puram Mahadevapura,Other Works,Awarded,,B R MEGHARAJ,470596.57,12-08-2024 18:15:24
90,46286,BBMP/2023-24/OW/WORK_INDENT1097,"Comprehensive Development of CC Road, drain and Footpath at Srikantan Layout, Chakravathi Iyengar layout, Sri puram Vasanthangar and Surrounding area in ward No 93 and Gupta layout, Car street, Sadashiva mudaliar road, Jamiya masjid road, Hanumaiah Reddy Road, Subbaiah Reddy road, RK Mutt road, Baazar street, Bhovi colony and Surrounding area in Ulsoor ward No 90 Package No 03",BBMP,BBMP Shivajinagar East,Other Works,Awarded,,BRAHMADEVA,900388.79,26-12-2023 13:54:03
91,206287,BBMP/2025-26/OW/WORK_INDENT7974,Providing Tractor &Labour for maintenance Roads & drains in ward No-91-K R Pura ward area,BBMP,BBMP K R Puram Mahadevapura,Other Works,Awarded,2542300.0,,,15-07-2025 16:49:27
91,206277,BBMP/2025-26/OW/WORK_INDENT7945,"Asphalting of Roads at Anandapura main road, LVS Apartment Opposite road, Sairam Layout and Surrounding Areas in ward No-91 K R Pura",BBMP,BBMP K R Puram Mahadevapura,Other Works,Awarded,5073886.61,SHIVAKUMAR,201206.53,15-07-2025 16:24:47
91,206276,BBMP/2025-26/OW/WORK_INDENT7944,"Improvements to Roads and Drains at Bayyanna Layout, Hope hospital road and Surrounding Areas in ward No-91 K R Pura",BBMP,BBMP K R Puram Mahadevapura,Other Works,Awarded,2110454.77,,,15-07-2025 16:24:10
91,133003,BBMP/2024-25/OW/WORK_INDENT4976,Improvements to roads and Drains at Mukthi Vinayaka Layout Surrounding Areas in ward No-91 K R Pura,BBMP,BBMP K R Puram Mahadevapura,Other Works,Awarded,839739.11,SURYA PRAKASH S K (1)( BHUVAN ENTERPRISES ),1687964.67,08-11-2024 14:13:47
91,132995,BBMP/2024-25/OW/WORK_INDENT4973,Improvements to roads and Drains at Anandapura Surrounding Areas in ward No-91 K R Pura,BBMP,BBMP K R Puram Mahadevapura,Other Works,Awarded,1264874.37,,,08-11-2024 14:13:13
91,132925,BBMP/2024-25/OW/WORK_INDENT4967,Improvements to roads and Drains at Bhattarahalli Srinivasa Layout and Nrupatunga Layout Surrounding Areas in ward No-91 K R Pura,BBMP,BBMP K R Puram Mahadevapura,Other Works,Awarded,842102.1,RAMESH S G,566924.10,08-11-2024 14:12:30
91,132846,BBMP/2024-25/OW/WORK_INDENT4962,Improvements to roads and Drains at Bhattarahalli Janatha Colony Srrounding Areas in ward No-91 K R Pura,BBMP,BBMP K R Puram Mahadevapura,Other Works,Awarded,843959.25,YASHWANTH S,3795979.59,08-11-2024 14:11:51
91,132861,BBMP/2024-25/OW/WORK_INDENT4971,Improvements to roads and Drains at Nisarga Layout Surrounding Areas in ward No-91 K R Pura,BBMP,BBMP K R Puram Mahadevapura,Other Works,Awarded,2111794.32,,,08-11-2024 14:02:02
91,132820,BBMP/2024-25/OW/WORK_INDENT4958,Improvements to roads and Drains at old K R Pura Surrounding Areas in ward No-91 K R Pura,BBMP,BBMP K R Puram Mahadevapura,Other Works,Awarded,2959638.75,SRINIVASA REDDY SUNIL KUMAR,2532263.27,08-11-2024 13:59:03
91,111012,BBMP/2024-25/OW/WORK_INDENT3591,Providing Tractor & Labour for maintenance Roads & drains in ward No-91-K R Pura ward area,BBMP,BBMP K R Puram Mahadevapura,Other Works,Awarded,2996458.0,,,23-08-2024 18:07:48
91,111251,BBMP/2024-25/OW/WORK_INDENT3580,Footpath Maintenance works in ward No 91-K R Pura,BBMP,BBMP K R Puram Mahadevapura,Other Works,Awarded,2117280.96,,,23-08-2024 17:21:43
91,108278,BBMP/2024-25/OW/WORK_INDENT3571,Improvements to Roads and Drains at Nisarga Layout and S R Layout and surrounding areas in ward no91 K R Pura,BBMP,BBMP K R Puram Mahadevapura,Other Works,Awarded,,K N Ravi,511105.40,12-08-2024 18:18:01
91,46155,BBMP/2023-24/OW/WORK_INDENT1093,"Comprehensive Development of Roads, drain and footpath at L, No 3rd street, Labbay Masjid street crosses, Marwadi Bazaar road, Todd lane, O. No 2nd street, Nala road, E.no 2nd street, Thimmaiah road crosses, Sabapathy lane and Surrounding area in Bharthinagar ward No 91 and Meear obedulla road, Neharupuram, Cooks road A Street, Nala road, Chowdi galli cross roads, Sultan nagar, New Market road and Surrounding area in Shivajinagar Ward No 92 (Package No 04)",BBMP,BBMP Shivajinagar East,Other Works,Awarded,,,,26-12-2023 13:54:51
92,206288,BBMP/2025-26/OW/WORK_INDENT7975,Providing Tractor &Labour for maintenance Roads & drains in ward No-92-Basavanapura ward area,BBMP,BBMP K R Puram Mahadevapura,Other Works,Awarded,2542300.0,,,15-07-2025 16:50:02
92,206280,BBMP/2025-26/OW/WORK_INDENT7948,"Improvements to Roads and Drains at Seegehalli, Whitecity Layout and Surrounding Area in Ward No-92 Basavanapura",BBMP,BBMP K R Puram Mahadevapura,Other Works,Awarded,2535590.47,KHADARBASHA CHALAGI,445770.21,15-07-2025 16:27:12
92,206296,BBMP/2025-26/OW/WORK_INDENT7947,Improvements to Roads and Drains at Hale Devasandra and Surrounding Area in Ward No-92 Basavanapura,BBMP,BBMP K R Puram Mahadevapura,Other Works,Awarded,1267632.01,MARALIDHARA RAJANNA,4223491.48,15-07-2025 16:26:31
92,206293,BBMP/2025-26/OW/WORK_INDENT7946,"Improvements to Roads and Drains at SJES College Road,Ashoka Layout and Surrounding Area in Ward No-92 Basavanapura",BBMP,BBMP K R Puram Mahadevapura,Other Works,Awarded,844923.91,MOHAMMED NAWAZ SHARIFF,2111682.74,15-07-2025 16:25:45
92,158617,BBMP/2024-25/BD/WORK_INDENT6509,"Estimate for face lifting, Repairs, up-gradation and other necessary works to Bradway Primary and High school at cooks Burn road, Near shivajinagara Police station, Bradway Road in ward no.92",BBMP,BBMP Project East,Buildings,Awarded,,,,12-02-2025 17:53:07
92,136232,BBMP/2024-25/OW/WORK_INDENT5337,"Comprehensive Developments of Drains and Roads in Vinayka Layout Behind SJP college ,Jyothi Nagar and Surrounding areas at census block number 103 and 104 of census 2011in Ward no.92, Basavanapura",BBMP,BBMP K R Puram Mahadevapura,Other Works,Awarded,3379696.2,,,20-11-2024 17:10:16
92,136225,BBMP/2024-25/OW/WORK_INDENT5335,"Comprehensive Developments of Drains and Roads in Swathanthra nagara Lake Parallel Road and Surrounding areas at census block number 89/1 and 89/2 of census 2011 in Ward no.92, Basavanapura",BBMP,BBMP K R Puram Mahadevapura,Other Works,Awarded,3802515.17,Mahesh Sangangowda Patil,98738.00,20-11-2024 17:09:17
92,136230,BBMP/2024-25/OW/WORK_INDENT5336,"Comprehensive Developments of Drains and Roads in Muniswamappa Layout and Anjaneya swamy temple road and Surrounding areas at census block number 71 of census 2011in Ward no.92, Basavanapura",BBMP,BBMP K R Puram Mahadevapura,Other Works,Awarded,1689993.8,SHEKHARAPPA( B  K  ENTERPRISES  . ),5442278.00,20-11-2024 15:11:37
92,136220,BBMP/2024-25/OW/WORK_INDENT5334,"Comprehensive Developments of Drains and Roads in Hale Devasandra and Surrounding areas at census block number 97 of census 2011 in Ward no.92, Basavanapura",BBMP,BBMP K R Puram Mahadevapura,Other Works,Awarded,1263559.22,Ateeq,47033888.00,20-11-2024 15:10:38
92,132990,BBMP/2024-25/OW/WORK_INDENT4975,"Improvements to Roads and Drains at Doddabasavanapura, Seegehalli, Whitecity Layout and Surrounding Area in Ward No-92 Basavanapura",BBMP,BBMP K R Puram Mahadevapura,Other Works,Awarded,1685316.85,,,08-11-2024 14:18:29
92,133000,BBMP/2024-25/OW/WORK_INDENT4974,Improvements and Construction Of Culverts in Ward No-92 Basavanapura,BBMP,BBMP K R Puram Mahadevapura,Other Works,Awarded,845068.26,Somalapur Dawal Sab,1862873.00,08-11-2024 14:17:50
92,133010,BBMP/2024-25/OW/WORK_INDENT4972,Improvements to roads and Drains at Gayatri Layout 3rd stage and Surrounding Area in Ward No-92 Basavanapura,BBMP,BBMP K R Puram Mahadevapura,Other Works,Awarded,1267539.28,,,08-11-2024 14:17:15
92,133029,BBMP/2024-25/OW/WORK_INDENT4970,Improvements to roads and Drains at Priyadarshini Layout and Surrounding Area in Ward No-92 Basavanapura,BBMP,BBMP K R Puram Mahadevapura,Other Works,Awarded,1690480.65,L RAGHAVENDRA NAIK,2336478.53,08-11-2024 14:16:41
92,133022,BBMP/2024-25/OW/WORK_INDENT4966,"Improvements to roads and Drains at Manjunath Layout,Kuvempu Layout and Surrounding Area in Ward No-92 Basavanapura",BBMP,BBMP K R Puram Mahadevapura,Other Works,Awarded,1685283.25,MAHAMMAD NAZEER,4478991.51,08-11-2024 14:15:51
92,132927,BBMP/2024-25/OW/WORK_INDENT4981,"Improvements to roads and Drains at Annayappa Layout, Prajavani Layout, Masjid area and Surrounding Areas in ward No-92 Basavanapura",BBMP,BBMP K R Puram Mahadevapura,Other Works,Awarded,1268166.63,MARALIDHARA RAJANNA,2956153.10,08-11-2024 14:15:06
92,132833,BBMP/2024-25/OW/WORK_INDENT4968,"Improvements to roads and Drains at Near Krishna School Sriramappa Layout,Devasandra Lake and Surrounding Area in Ward No-92 Basavanapura",BBMP,BBMP K R Puram Mahadevapura,Other Works,Awarded,2113213.64,RAGHAVENDRA PRASAD S( SOWBHAGYA CONSTRUCTIONS ),1731817.60,08-11-2024 14:01:23
92,111013,BBMP/2024-25/OW/WORK_INDENT3592,Providing Tractor & Labour for maintenance Roads & drains in ward No-92-Basavanapura ward area,BBMP,BBMP K R Puram Mahadevapura,Other Works,Awarded,2996458.0,,,23-08-2024 18:10:28
92,111255,BBMP/2024-25/OW/WORK_INDENT3581,Footpath Maintenance works in ward No 92-Basavanapura,BBMP,BBMP K R Puram Mahadevapura,Other Works,Awarded,2117280.96,SATISH S,32414058.00,23-08-2024 17:29:11
92,108284,BBMP/2024-25/OW/WORK_INDENT3572,Improvements to Roads and drains at Sai Serenity layout surrounding area and seegehalli surrounding areas in Ward No 92 Basavanapura,BBMP,BBMP K R Puram Mahadevapura,Other Works,Awarded,,,,12-08-2024 18:19:26
92,46155,BBMP/2023-24/OW/WORK_INDENT1093,"Comprehensive Development of Roads, drain and footpath at L, No 3rd street, Labbay Masjid street crosses, Marwadi Bazaar road, Todd lane, O. No 2nd street, Nala road, E.no 2nd street, Thimmaiah road crosses, Sabapathy lane and Surrounding area in Bharthinagar ward No 91 and Meear obedulla road, Neharupuram, Cooks road A Street, Nala road, Chowdi galli cross roads, Sultan nagar, New Market road and Surrounding area in Shivajinagar Ward No 92 (Package No 04)",BBMP,BBMP Shivajinagar East,Other Works,Awarded,,,,26-12-2023 13:54:51
93,206289,BBMP/2025-26/OW/WORK_INDENT7976,Providing Tractor &Labour for maintenance Roads & drains in ward No-93-Devasandra ward area,BBMP,BBMP K R Puram Mahadevapura,Other Works,Awarded,2541252.0,LAXMAN,243119.20,15-07-2025 16:50:31
93,206322,BBMP/2025-26/OW/WORK_INDENT7955,Construction of RCC drains in ward No.93 Devasandra ward area,BBMP,BBMP K R Puram Mahadevapura,Other Works,Awarded,847149.68,VENKATACHALA B M( CHANDU ELECTRICALS ),12159111.69,15-07-2025 16:32:05
93,202342,BBMP/2025-26/OW/WORK_INDENT7851,Improvement of Roads and drains in Devasandra surrounding area in ward No.93,BBMP,BBMP K R Puram Mahadevapura,Other Works,Awarded,8398985.04,,,01-07-2025 12:25:46
93,202340,BBMP/2025-26/OW/WORK_INDENT7850,Asphalting of roads and Construction of CC roads in ward No.93 Devasandra ward area,BBMP,BBMP K R Puram Mahadevapura,Other Works,Awarded,8395978.43,S Manjula,234597.00,01-07-2025 12:25:04
93,132943,BBMP/2024-25/OW/WORK_INDENT4986,"Desilting and maintainance of drain works in Singaiyanaplay ,B Narayanapura and surrounding area in ward No.93",BBMP,BBMP K R Puram Mahadevapura,Other Works,Awarded,1263894.15,PRASANNA H TALAWAR( Prasanna Electricals ),418497.01,08-11-2024 14:20:35
93,132866,BBMP/2024-25/OW/WORK_INDENT4980,Improvements of drains in Devasandra surrounding area in ward No.93,BBMP,BBMP K R Puram Mahadevapura,Other Works,Awarded,2112987.48,ARPITHA B R( SRI PARVATHI ENTERPRISES.. ),1142066.00,08-11-2024 14:04:14
93,132851,BBMP/2024-25/OW/WORK_INDENT4979,Asphalting of roads in Devasandra surrounding area in ward No.93,BBMP,BBMP K R Puram Mahadevapura,Other Works,Awarded,2110780.04,,,08-11-2024 14:03:20
93,132841,BBMP/2024-25/OW/WORK_INDENT4977,Construction of CC roads in Devasandra surrounding area in ward No.93,BBMP,BBMP K R Puram Mahadevapura,Other Works,Awarded,2112594.63,,,08-11-2024 14:02:40
93,111014,BBMP/2024-25/OW/WORK_INDENT3593,Providing Tractor & Labour for maintenance Roads & drains in ward No-93-Devasandra ward area,BBMP,BBMP K R Puram Mahadevapura,Other Works,Awarded,2996458.0,SANTHOSHA T N (2),118510.76,23-08-2024 18:13:39
93,110972,BBMP/2024-25/OW/WORK_INDENT3582,Footpath Maintenance works in ward No 93-Devasandra,BBMP,BBMP K R Puram Mahadevapura,Other Works,Awarded,2114595.17,,,23-08-2024 17:33:15
93,46286,BBMP/2023-24/OW/WORK_INDENT1097,"Comprehensive Development of CC Road, drain and Footpath at Srikantan Layout, Chakravathi Iyengar layout, Sri puram Vasanthangar and Surrounding area in ward No 93 and Gupta layout, Car street, Sadashiva mudaliar road, Jamiya masjid road, Hanumaiah Reddy Road, Subbaiah Reddy road, RK Mutt road, Baazar street, Bhovi colony and Surrounding area in Ulsoor ward No 90 Package No 03",BBMP,BBMP Shivajinagar East,Other Works,Awarded,,BRAHMADEVA,900388.79,26-12-2023 13:54:03
94,206290,BBMP/2025-26/OW/WORK_INDENT7977,Providing Tractor &Labour for maintenance Roads & drains in ward No- 94-A Narayanapura ward area,BBMP,BBMP K R Puram Mahadevapura,Other Works,Awarded,2541252.0,SHIVAKUMAR,334812.43,15-07-2025 16:51:04
94,206416,BBMP/2025-26/OW/WORK_INDENT7960,Desilting and maintance of drain works in A.Narayanapaura surrounding area in ward No.94,BBMP,BBMP K R Puram Mahadevapura,Other Works,Awarded,847780.43,,,15-07-2025 16:35:56
94,206355,BBMP/2025-26/OW/WORK_INDENT7958,Construction of RCC drains in ward No.94 A Narayanapura Ward area,BBMP,BBMP K R Puram Mahadevapura,Other Works,Awarded,850090.73,A SHANKAR POOJARY,1555226.13,15-07-2025 16:34:06
94,206342,BBMP/2025-26/OW/WORK_INDENT7957,Construction of new Culverts in ward No.94 A Narayanapura Ward area,BBMP,BBMP K R Puram Mahadevapura,Other Works,Awarded,847396.86,V MOHAN KUMAR,846802.62,15-07-2025 16:33:27
94,202345,BBMP/2025-26/OW/WORK_INDENT7852,Asphalting of roads and Construction of CC roads in A.Narayanapaura surrounding area in ward No.94,BBMP,BBMP K R Puram Mahadevapura,Other Works,Awarded,16808622.14,,,01-07-2025 12:26:26
94,132945,BBMP/2024-25/OW/WORK_INDENT4995,Desilting and maintance of drain works in A.Narayanapaura surrounding area in ward No.94,BBMP,BBMP K R Puram Mahadevapura,Other Works,Awarded,840018.69,,,08-11-2024 14:21:55
94,132875,BBMP/2024-25/OW/WORK_INDENT4993,Desilting of drains and providing missing slabs in A.Narayanapaura surrounding area in ward No.94,BBMP,BBMP K R Puram Mahadevapura,Other Works,Awarded,1685316.85,,,08-11-2024 14:21:15
94,132870,BBMP/2024-25/OW/WORK_INDENT4988,Construction of CC roads in A.Narayanapaura surrounding area in ward No.94,BBMP,BBMP K R Puram Mahadevapura,Other Works,Awarded,2112594.63,CHETHAN K N,702037.23,08-11-2024 14:05:52
94,132881,BBMP/2024-25/OW/WORK_INDENT4990,Asphalting of roads in A.Narayanapaura surrounding area in ward No.94,BBMP,BBMP K R Puram Mahadevapura,Other Works,Awarded,2529089.53,MANJUNATHA L S( SRI ANJANEYA CONSTRUCTIONS ),357301.05,08-11-2024 13:45:46
94,132916,BBMP/2024-25/OW/WORK_INDENT4991,Improvements of drains in A.Narayanapaura surrounding area in ward No.94,BBMP,BBMP K R Puram Mahadevapura,Other Works,Awarded,2533658.22,RAJKUMAR N,1270584.91,08-11-2024 13:44:58
94,111103,BBMP/2024-25/OW/WORK_INDENT3594,Providing Tractor & Labour for maintenance Roads & drains in ward No- 94-A Narayanapura ward area,BBMP,BBMP K R Puram Mahadevapura,Other Works,Awarded,2996458.0,BASAVARAJ,232837.92,23-08-2024 18:16:15
94,110980,BBMP/2024-25/OW/WORK_INDENT3583,Footpath Maintenance works in ward No 94-A Narayanapura,BBMP,BBMP K R Puram Mahadevapura,Other Works,Awarded,2114595.17,CHANDRASHEKAR K V,2167396.49,23-08-2024 17:36:35
95,206291,BBMP/2025-26/OW/WORK_INDENT7978,Providing Tractor &Labour for maintenance Roads & drains in ward No-95-Vignana Nagara ward area,BBMP,BBMP K R Puram Mahadevapura,Other Works,Awarded,2541252.0,CHEVIREDDY CHANDRASEKHAR REDDY (1)( PLR Projects Private Limited ),8423092438.69,15-07-2025 16:51:32
95,206429,BBMP/2025-26/OW/WORK_INDENT7963,Construction of RCC drains in ward No.95 Vignan Nagara Ward area,BBMP,BBMP K R Puram Mahadevapura,Other Works,Awarded,842515.5,PARASHURAM ISHWAR LAMANI,756317.18,15-07-2025 16:40:23
95,206425,BBMP/2025-26/OW/WORK_INDENT7962,Construction of new Culverts in ward No.95 Vignan Nagara Ward area,BBMP,BBMP K R Puram Mahadevapura,Other Works,Awarded,843103.42,LAXMAN( LAXAMAN ),280395.28,15-07-2025 16:39:52
95,206422,BBMP/2025-26/OW/WORK_INDENT7961,Improvement of drains in ward No.95 Vignan Nagara Ward area,BBMP,BBMP K R Puram Mahadevapura,Other Works,Awarded,845278.58,,,15-07-2025 16:39:19
95,202347,BBMP/2025-26/OW/WORK_INDENT7853,Asphalting of roads and Construction of CC roads in ward No.95 Vignan Nagara Ward area,BBMP,BBMP K R Puram Mahadevapura,Other Works,Awarded,16802691.09,SHANTA KUMAR( SHRI BASAVA ENTERPRISES ),7439430.00,01-07-2025 12:27:12
95,132965,BBMP/2024-25/OW/WORK_INDENT4984,Improvements of drains in ward No.95 Vignan Nagara Ward area,BBMP,BBMP K R Puram Mahadevapura,Other Works,Awarded,845278.59,KARUNAKAR P,4914321.24,08-11-2024 14:23:16
95,132897,BBMP/2024-25/OW/WORK_INDENT4989,Construction of Roads & Drains in ward No.95 Vignan Nagara Ward area,BBMP,BBMP K R Puram Mahadevapura,Other Works,Awarded,2112151.68,,,08-11-2024 14:06:28
95,132889,BBMP/2024-25/OW/WORK_INDENT4987,Improvements of roads and Drains in ward No.95 Vignan Nagara Ward area,BBMP,BBMP K R Puram Mahadevapura,Other Works,Awarded,2110514.33,CHETHAN P,2112987.48,08-11-2024 14:05:07
95,132884,BBMP/2024-25/OW/WORK_INDENT4999,Construction of roads in ward No.95 Vignan Nagara Ward area,BBMP,BBMP K R Puram Mahadevapura,Other Works,Awarded,2536705.42,SOMASHEKAR MUNI SWAMY,2111415.90,08-11-2024 13:42:56
95,132887,BBMP/2024-25/OW/WORK_INDENT5000,Asphalting of roads in ward No.95 Vignan Nagara Ward area,BBMP,BBMP K R Puram Mahadevapura,Other Works,Awarded,2957819.25,,,08-11-2024 13:42:18
95,111113,BBMP/2024-25/OW/WORK_INDENT3595,Providing Tractor & Labour for maintenance Roads & drains in ward No-95-Vignana Nagara ward area,BBMP,BBMP K R Puram Mahadevapura,Other Works,Awarded,2996458.0,Virupaksha B S,1001980.80,23-08-2024 18:20:58
95,110986,BBMP/2024-25/OW/WORK_INDENT3584,Footpath Maintenance works in ward No 95-Vignana Nagara,BBMP,BBMP K R Puram Mahadevapura,Other Works,Awarded,2114595.17,SANJAY R KALLURKAR,318043.18,23-08-2024 17:39:49
95,108299,BBMP/2024-25/OW/WORK_INDENT3574,Improvements to Roads in Vignan nagar and LBS nagar Surrounding areas in ward no 95 Vignan Nagara,BBMP,BBMP K R Puram Mahadevapura,Other Works,Awarded,,,,12-08-2024 18:26:26
95,108294,BBMP/2024-25/OW/WORK_INDENT3573,Improvements to Roads in Abbaya reddy Layout and Talacauvery layout surrounding areas in ward no 95 Vignan Nagara,BBMP,BBMP K R Puram Mahadevapura,Other Works,Awarded,,,,12-08-2024 18:20:31
96,206292,BBMP/2025-26/OW/WORK_INDENT7979,Providing Tractor &Labour for maintenance Roads & drains in ward No-96-HAL Airport ward area,BBMP,BBMP K R Puram Mahadevapura,Other Works,Awarded,2541252.0,KIRAN RAJEGOWDA( SHRUSTI SAMUPADHA CONSTRUCTIONS ),2107071.70,15-07-2025 16:52:21
96,206440,BBMP/2025-26/OW/WORK_INDENT7966,Construction of new Culverts in ward No.96 HAL Airport Ward area,BBMP,BBMP K R Puram Mahadevapura,Other Works,Awarded,843103.42,DHANUSH K,847780.43,15-07-2025 16:45:03
96,206437,BBMP/2025-26/OW/WORK_INDENT7965,Improvement of drains in ward No.96 HAL Airport Ward area,BBMP,BBMP K R Puram Mahadevapura,Other Works,Awarded,845278.58,HANUMAGOUD SHIVANAGOUD GOUDAR,735896.28,15-07-2025 16:41:45
96,202349,BBMP/2025-26/OW/WORK_INDENT7854,Asphalting of roads and construction of CC road in ward No.96 HAL Airport Ward area,BBMP,BBMP K R Puram Mahadevapura,Other Works,Awarded,16803053.65,,,01-07-2025 12:27:59
96,132911,BBMP/2024-25/OW/WORK_INDENT4998,Improvements of drains in ward No.96 HAL Airport Ward area,BBMP,BBMP K R Puram Mahadevapura,Other Works,Awarded,845278.59,,,08-11-2024 14:24:06
96,132901,BBMP/2024-25/OW/WORK_INDENT4992,Construction of roads in ward No.96 HAL Airport Ward area,BBMP,BBMP K R Puram Mahadevapura,Other Works,Awarded,2535098.35,RAJABAKSHI .ANKASAMUDRA,921382.84,08-11-2024 13:44:18
96,132904,BBMP/2024-25/OW/WORK_INDENT4994,Asphalting of roads in ward No.96 HAL Airport Ward area,BBMP,BBMP K R Puram Mahadevapura,Other Works,Awarded,2956153.1,HANUMANTHAIAH,2529089.53,08-11-2024 13:43:37
96,132914,BBMP/2024-25/OW/WORK_INDENT5001,Construction od Roads & Drains in ward No.96 HAL Airport Ward area,BBMP,BBMP K R Puram Mahadevapura,Other Works,Awarded,2112158.11,,,08-11-2024 13:41:39
96,132917,BBMP/2024-25/OW/WORK_INDENT5002,Improvements of roads and Drains in ward No.96 HAL Airport Ward area,BBMP,BBMP K R Puram Mahadevapura,Other Works,Awarded,2111879.58,PRAKASH B TASHILADAR,890208.76,08-11-2024 13:40:47
96,122891,BBMP/2024-25/OW/WORK_INDENT3585/CALL-2,Footpath Maintenance works in ward No 96-HAL Airport,BBMP,BBMP K R Puram Mahadevapura,Other Works,Awarded,2114595.17,,,26-09-2024 11:27:06
96,111124,BBMP/2024-25/OW/WORK_INDENT3596,Providing Tractor & Labour for maintenance Roads & drains in ward No-96-HAL Airport ward area,BBMP,BBMP K R Puram Mahadevapura,Other Works,Awarded,2996458.0,SHIVANNA A K,390827.55,23-08-2024 18:23:33
97,205005,BBMP/2025-26/OW/WORK_INDENT8033,"Improvements of Roads and Drains in Belathur and surrounding Area and Ramegowda Nagar at Ward No.97, Kadugudi",BBMP,BBMP Mahadevapura Division,Other Works,Awarded,2540245.78,MANJUNATHA V,2955365.88,10-07-2025 18:20:34
97,205002,BBMP/2025-26/OW/WORK_INDENT8032,"Improvements of Roads and Drains in Kadugudi old village and Siddarath Layout at Ward No.97, Kadugudi",BBMP,BBMP Mahadevapura Division,Other Works,Awarded,3387901.1,M C PRABHAKAR REDDY,2939073.36,10-07-2025 18:19:55
97,205001,BBMP/2025-26/OW/WORK_INDENT8031,"Improvements of Roads and Drains in Munneshwara Layout and Patalamma Layout at Ward No.97, Kadugudi",BBMP,BBMP Mahadevapura Division,Other Works,Awarded,3389151.72,VENUGOPALA KRISHNAPPA,2939073.36,10-07-2025 18:19:26
97,204996,BBMP/2025-26/OW/WORK_INDENT8030,"Improvements of Roads and Drains in Nagondanahalli area at Ward No.97, Kadugudi",BBMP,BBMP Mahadevapura Division,Other Works,Awarded,2965030.5,PRASANNA H TALAWAR( Prasanna Electricals ),4899907.55,10-07-2025 18:18:50
97,204991,BBMP/2025-26/OW/WORK_INDENT8028,"Improvements of Roads and Drains in Immedahalli area at Ward No.97, Kadugudi",BBMP,BBMP Mahadevapura Division,Other Works,Awarded,2964433.44,BASAVARAJ S SHIVAPPANAVAR,1583308.42,10-07-2025 18:17:02
97,204990,BBMP/2025-26/OW/WORK_INDENT8027,"Improvements of Roads and Drains in Channasandra area at Ward No.97, Kadugudi",BBMP,BBMP Mahadevapura Division,Other Works,Awarded,2964010.88,SIDDAPPA CHANDRAMOHAN,2827841.67,10-07-2025 18:16:34
97,204966,BBMP/2025-26/OW/WORK_INDENT8016,Annual Maintenance and Desilting of Drains in ward no 97 Kadugodi,BBMP,BBMP Mahadevapura Division,Other Works,Awarded,2998758.0,K NAGABHUSHAN REDDY,2453548.27,10-07-2025 18:09:36
97,133104,BBMP/2024-25/OW/WORK_INDENT5008,Improvements and Maintenance of CC roads & Drains in ward no.97 (Kadugodi),BBMP,BBMP Mahadevapura Division,Other Works,Awarded,1693760.97,H N PRAVEEN,2237579.50,08-11-2024 14:16:05
97,129398,BBMP/2024-25/RD/WORK_INDENT4538,Improvements to roads and drains in AKG colony at Kadugodi ward no.97,BBMP,BBMP Mahadevapura Division,Roads,Awarded,846155.74,CHALAPATHY,845122.42,25-10-2024 16:19:40
97,129456,BBMP/2024-25/RD/WORK_INDENT4547,Improvements to roads and drains in channasandra slum board block-2 at Kadugodi ward no.97,BBMP,BBMP Mahadevapura Division,Roads,Awarded,2117554.7,MOHAMED IQBAL RONUR (1)( RAINBOW ELECTRICALS ),1110249.00,25-10-2024 16:10:56
97,129421,BBMP/2024-25/RD/WORK_INDENT4546,Improvements to roads and drains in Channasandra slum board block-1 at Kadugodi ward no.97,BBMP,BBMP Mahadevapura Division,Roads,Awarded,2115043.59,,,25-10-2024 16:10:25
97,114472,BBMP/2024-25/RD/WORK_INDENT3545,Providing Tractor & Labour for maintenance Roads & drains in ward No-97-Kadugudi ward area,BBMP,BBMP Mahadevapura Division,Roads,Awarded,2541828.0,VASANTHAKUMAR G C( VASANTHAKUMAR G C ),1865916.17,28-08-2024 12:40:29
97,114377,BBMP/2024-25/RD/WORK_INDENT3534,Footpath Maintenance works in ward No 97-Kadugodi,BBMP,BBMP Mahadevapura Division,Roads,Awarded,2117766.25,,,28-08-2024 12:27:03
98,213324,BBMP/2025-26/OW/WORK_INDENT8634,"Construction of CC roads and CC Drains at Approach Roads and surrounding areas in Hoodi Ward no 98 (Hoodi, Thigalarapalya, Basavannanagara, Seetharamanapalya and Pattandur agrahara) in SC/ST colony Block no (as per 2011 census) 27,57,18/1,18/2,36,24,25,58 and Byrathi ward no-99 (Belathur Colony, Kumbena agrahara colony, Kodigehalli colony, Ayyapanagara 1st Block colony, Bilishivale and Byrathi bande) in SC/ST colony Block no (as per 2011 census) 21,26,100,154,162",BBMP,BBMP Mahadevapura Division,Other Works,Awarded,79501845.69,,,07-08-2025 15:23:43
98,205017,BBMP/2025-26/OW/WORK_INDENT8042,"Improvement to roads and drains at SV layout, Prashanthi anikethan layout & Muniswamy shetty layout Cross roads in Hoody Ward No.98",BBMP,BBMP Mahadevapura Division,Other Works,Awarded,3388263.22,,,10-07-2025 18:25:00
98,205014,BBMP/2025-26/OW/WORK_INDENT8041,Improvement to roads and drains at Muniswamy shetty layout Cross roads in Hoody Ward No.98,BBMP,BBMP Mahadevapura Division,Other Works,Awarded,1268788.6,RAGHAVENDRA REDDY,2964010.88,10-07-2025 18:24:30
98,205013,BBMP/2025-26/OW/WORK_INDENT8040,Construction of Culverts and Providing Covering slabs in Hoody ward no 98,BBMP,BBMP Mahadevapura Division,Other Works,Awarded,1269288.26,,,10-07-2025 18:23:59
98,205012,BBMP/2025-26/OW/WORK_INDENT8039,Construction of CC drains and Providing Covering slabs at Prashanth layout and white rose layout Ward No.98 Hoody,BBMP,BBMP Mahadevapura Division,Other Works,Awarded,3382621.07,PRAJWAL DILIP LONARE,580846.53,10-07-2025 18:23:25
98,205011,BBMP/2025-26/OW/WORK_INDENT8038,Improvement to roads and drains at Pattanduru Agrahahra Ward No.98 Hoody,BBMP,BBMP Mahadevapura Division,Other Works,Awarded,2542131.27,B S UMASHANKAR,2937340.68,10-07-2025 18:22:51
98,205009,BBMP/2025-26/OW/WORK_INDENT8036,"Improvement to roads, drains and Providing Covering slabs at Basavanna Nagara in Ward No.98 Hoody",BBMP,BBMP Mahadevapura Division,Other Works,Awarded,3380796.38,,,10-07-2025 18:22:22
98,205007,BBMP/2025-26/OW/WORK_INDENT8035,Improvement to roads and drains at Thigalarapalya village in Hoody Ward No.98,BBMP,BBMP Mahadevapura Division,Other Works,Awarded,2537595.06,RAGHAVENDRA REDDY,2963350.89,10-07-2025 18:21:50
98,205006,BBMP/2025-26/OW/WORK_INDENT8034,"Improvement to roads, drains and Providing Covering slabs at Hoody village in Ward No.98 Hoody",BBMP,BBMP Mahadevapura Division,Other Works,Awarded,3383035.39,,,10-07-2025 18:21:14
98,204979,BBMP/2025-26/OW/WORK_INDENT8020,Annual Maintenance and Desilting of Drains in ward no 98 Hoodi,BBMP,BBMP Mahadevapura Division,Other Works,Awarded,2999537.0,G O RAJU,39959487.20,10-07-2025 18:12:10
98,133219,BBMP/2024-25/RD/WORK_INDENT5014,"Improvements to Roads and Drains in Hoody, Ayyappa nagara & surrounding area in Hoody ward no.98",BBMP,BBMP Mahadevapura Division,Roads,Awarded,2962899.49,,,08-11-2024 14:42:55
98,133217,BBMP/2024-25/RD/WORK_INDENT5013,Improvements to Roads & Drains in Basavanna nagara and surrounding area in hoody ward no.98,BBMP,BBMP Mahadevapura Division,Roads,Awarded,3812342.73,SHREEKRISHNA KONGI,12053733.03,08-11-2024 14:17:31
98,114382,BBMP/2024-25/RD/WORK_INDENT3535,Footpath Maintenance works in ward No. 98-Hoody,BBMP,BBMP Mahadevapura Division,Roads,Awarded,2116939.24,,,28-08-2024 12:25:40
98,114475,BBMP/2024-25/RD/WORK_INDENT3546,Providing Tractor & Labour for maintenance Roads & drains in ward No-98-Hoody ward area,BBMP,BBMP Mahadevapura Division,Roads,Awarded,2541958.0,RAJANNA,3993279.82,28-08-2024 12:14:49
98,112626,BBMP/2023-24/RD/WORK_INDENT1500/CALL-2,Improvements to drains in 6th cross road in Dinnur Village in block no. 18/1 of census 2011 in ward no. 98 Hoodi,BBMP,BBMP Mahadevapura Division,Roads,Awarded,2020692.24,,,27-08-2024 15:15:35
98,112628,BBMP/2023-24/RD/WORK_INDENT1503/CALL-4,Improvements to roads and drains in the surrounding area of Elu Mandhamma temple in Pattandur Agrahara in block no. 162 of census 2011 in ward no. 98 Hoodi,BBMP,BBMP Mahadevapura Division,Roads,Awarded,2021739.21,JAYAMMA K,3820520.88,27-08-2024 15:14:40
98,82059,BBMP/2023-24/RD/WORK_INDENT2945,"Package-01 Comprehensive Development of Roads and drains in ward no.98-Hoodi, 99-Byrathi, 100-Garudacharpalya, 101-Doddanekkundhi, 102-AECS layout, 97-Kadugudi, 103-Whitefield, 104-Varthur, 105-Munnekolala, 106-Marathahalli and 107 Bellanduru in Mahadevpura Division Under BBMP Grants 2023-24 (11 works)",BBMP,BBMP Mahadevapura Division,Roads,Awarded,,,,14-03-2024 13:28:52
98,57305,BBMP/2023-24/RD/WORK_INDENT1499,Providing CC Road and Improvements to drains at Madduramma Temple Road in block no. 27 of census 2011 in ward no. 98 Hoodi,BBMP,BBMP Mahadevapura Division,Roads,Awarded,2019958.35,LOUIS ANTONY FERNANDES,948750.24,31-01-2024 22:18:38
98,57396,BBMP/2023-24/RD/WORK_INDENT1502,Improvements to drains in 1st cross road in Dinnur Village in block no. 24 of census 2011 in ward no. 98 Hoodi,BBMP,BBMP Mahadevapura Division,Roads,Awarded,2021192.01,RAMAPPA Y SRINIVAS,1301494.00,31-01-2024 22:16:04
98,57407,BBMP/2023-24/RD/WORK_INDENT1504,Improvements to drains in Thigalarapalya in block no. 154 of census 2011 in ward no. 98 Hoodi,BBMP,BBMP Mahadevapura Division,Roads,Awarded,2020243.16,Abbu Sambasiva Reddy,8413560.69,31-01-2024 21:55:33
98,57379,BBMP/2023-24/RD/WORK_INDENT1501,Improvements to drains in 5th cross road in Dinnur Village in block no. 36 of census 2011 in ward no. 98 Hoodi,BBMP,BBMP Mahadevapura Division,Roads,Awarded,2021345.91,,,31-01-2024 21:53:43
99,213324,BBMP/2025-26/OW/WORK_INDENT8634,"Construction of CC roads and CC Drains at Approach Roads and surrounding areas in Hoodi Ward no 98 (Hoodi, Thigalarapalya, Basavannanagara, Seetharamanapalya and Pattandur agrahara) in SC/ST colony Block no (as per 2011 census) 27,57,18/1,18/2,36,24,25,58 and Byrathi ward no-99 (Belathur Colony, Kumbena agrahara colony, Kodigehalli colony, Ayyapanagara 1st Block colony, Bilishivale and Byrathi bande) in SC/ST colony Block no (as per 2011 census) 21,26,100,154,162",BBMP,BBMP Mahadevapura Division,Other Works,Awarded,79501845.69,,,07-08-2025 15:23:43
99,205025,BBMP/2025-26/OW/WORK_INDENT8050,"Improvement to roads, drains and Providing Covering slabs at Kumbenaagrahara Ward No.99 Byrathi",BBMP,BBMP Mahadevapura Division,Other Works,Awarded,2536088.18,ANITHA V( Raghavendra Enterprises ),3349499.69,10-07-2025 18:29:13
99,205023,BBMP/2025-26/OW/WORK_INDENT8047,"Improvement to roads, drains and Providing Covering slabs at Belathur Colony Ward No.99 Byrathi",BBMP,BBMP Mahadevapura Division,Other Works,Awarded,2531576.52,DHARANENDRA L (1)( D P ENTERPRISES ),123595.20,10-07-2025 18:28:04
99,205021,BBMP/2025-26/OW/WORK_INDENT8046,"Improvement to roads, drains and Providing Covering slabs at Manjunath layout Kodigehalli in Ward No.99 Byrathi",BBMP,BBMP Mahadevapura Division,Other Works,Awarded,2539913.18,,,10-07-2025 18:27:25
99,205020,BBMP/2025-26/OW/WORK_INDENT8045,"Improvement to roads, drains and Providing Covering slabs at Kodigehalli Village in Ward No.99 Byrathi",BBMP,BBMP Mahadevapura Division,Other Works,Awarded,3387730.09,BHARATH S( HIGH-END CONSTRUCTIONS ),2964114.55,10-07-2025 18:26:50
99,205019,BBMP/2025-26/OW/WORK_INDENT8044,Improvement to roads and drains at Sadaramamngala village in Ward No.99 Byrathi,BBMP,BBMP Mahadevapura Division,Other Works,Awarded,2541677.49,H M NAVEENA( PARAVATHI BORWELLS ),355409.00,10-07-2025 18:26:05
99,205018,BBMP/2025-26/OW/WORK_INDENT8043,Improvement to roads and drains at Kodigehalli to Kurudu sonenahalli road in Ward No.99 Byrathi,BBMP,BBMP Mahadevapura Division,Other Works,Awarded,3388563.63,SANDEEP R,31851.14,10-07-2025 18:25:31
99,204980,BBMP/2025-26/OW/WORK_INDENT8021,Annual Maintenance and Desilting of Drains in ward no 99 Byrathi,BBMP,BBMP Mahadevapura Division,Other Works,Awarded,2999537.0,,,10-07-2025 18:12:42
99,137014,BBMP/2024-25/OW/WORK_INDENT5602,"Restoration of UGD lines & water lines, and providing cement concrete drains and roads in Sadaramangala Jai Bheemnagar slumboard quartres area in Byrathi, ward no.99",BBMP,BBMP Mahadevapura Division,Other Works,Awarded,,BALAREDDY JAYAPRAKASH (1)( SRI BHAGYARATHNA ENGINEERING WORKS ),8105249.73,22-11-2024 12:20:17
99,133785,BBMP/2024-25/RD/WORK_INDENT3536/CALL-2,Footpath Maintenance works in ward No. 99-Byrathi,BBMP,BBMP Mahadevapura Division,Roads,Awarded,2117763.19,,,11-11-2024 15:53:39
99,133221,BBMP/2024-25/OW/WORK_INDENT5018,Improvements to Drains and Culverts in Byrathi ward no.99,BBMP,BBMP Mahadevapura Division,Other Works,Awarded,2116253.07,SADEEK SHARIF,1577457.86,08-11-2024 14:48:19
99,114476,BBMP/2024-25/RD/WORK_INDENT3547,Providing Tractor & Labour for maintenance Roads & drains in ward No-99- Byrathi ward area,BBMP,BBMP Mahadevapura Division,Roads,Awarded,2541958.0,RAJANNA,3993279.82,28-08-2024 12:13:54
100,211218,BBMP/2025-26/OW/WORK_INDENT8461,"Package-01 Improvements roads and drains at SC/ST areas as per census 2011 block no.121, 106, 118, 109/1, 119, 178, 23, 24 and 22 in Ambedkarnagara, Maheshwarinagara, Kaverinagara, Garudacharpalya, Doddanekundhi AK Colony, Ashwathnagara, Chinnappanahally surrounding areas and Other allied works in ward no.100-Garudacharpalya, 101-Doddanekkundhi, in Mahadevpura Constituency Under SCP/TSP Grants 2025-26 (4 works)",BBMP,BBMP Mahadevapura Division,Other Works,Awarded,77690462.23,Sidram Belkoti,6246133.95,31-07-2025 15:32:01
100,205756,BBMP/2025-26/OW/WORK_INDENT8051,Improvements to Roads and drains at Lakashmi sagara Cross in Garudacharpalya ward no-100,BBMP,BBMP Mahadevapura Division,Other Works,Awarded,2540222.89,,,11-07-2025 20:29:41
100,205032,BBMP/2025-26/OW/WORK_INDENT8062,Improvements to Roads and drains at Garudacharpalya Cross roads ward no-100,BBMP,BBMP Mahadevapura Division,Other Works,Awarded,2540386.19,HEMANTH KUMAR R N,99575.94,10-07-2025 18:33:09
100,205031,BBMP/2025-26/OW/WORK_INDENT8059,Improvements to roads and drain at Sai krupa apartment road in ward no.100,BBMP,BBMP Mahadevapura Division,Other Works,Awarded,1694421.23,RAMESH S,2639099.56,10-07-2025 18:32:36
100,205030,BBMP/2025-26/OW/WORK_INDENT8058,Improvements to Roads and drains at Ashraya layout Ist Stage and 2nd Stage Cross roads ward no-100,BBMP,BBMP Mahadevapura Division,Other Works,Awarded,2541698.81,MANJUNATHA V,3379068.05,10-07-2025 18:32:04
100,205029,BBMP/2025-26/OW/WORK_INDENT8057,Improvements to Roads and drains at Fern city Cross roads ward no-100,BBMP,BBMP Mahadevapura Division,Other Works,Awarded,4234971.99,RAMESH S,2641852.44,10-07-2025 18:31:29
100,205028,BBMP/2025-26/OW/WORK_INDENT8056,"Improvements to Roads,drains and Providing Covering slabs at Mani Layout and Surrounding area in Garudacharpalya ward no-100",BBMP,BBMP Mahadevapura Division,Other Works,Awarded,2117462.81,VIJAYAKUMAR HORAKERI,1482858.45,10-07-2025 18:30:58
100,205027,BBMP/2025-26/OW/WORK_INDENT8054,"Improvements to Roads,drains and Culverts at Maheshwari Nagara and Surrounding area in Garudacharpalya ward no-100",BBMP,BBMP Mahadevapura Division,Other Works,Awarded,2965505.82,,,10-07-2025 18:30:23
100,205026,BBMP/2025-26/OW/WORK_INDENT8053,Providing Asphalting to Ferm paradise layout ward no-100,BBMP,BBMP Mahadevapura Division,Other Works,Awarded,2540513.86,VEENA.S( M K AGENCIES AND R K TRANSPORT FORMERLY KNOWN AS rktransports ),3351992.83,10-07-2025 18:29:52
100,204981,BBMP/2025-26/OW/WORK_INDENT8022,Annual Maintenance and Desilting of Drains in ward no 100 Garudacharpalya,BBMP,BBMP Mahadevapura Division,Other Works,Awarded,2958101.51,PRAKASH HANUMAPPA PADAGATTI,1498912.08,10-07-2025 18:13:11
100,133227,BBMP/2024-25/RD/WORK_INDENT5022,Improvements to Roads and Drains at Kaveri nagar ward no.100,BBMP,BBMP Mahadevapura Division,Roads,Awarded,2537618.77,,,08-11-2024 14:46:49
100,133226,BBMP/2024-25/RD/WORK_INDENT5021,Improvements to Roads and Drains at Garudacharpalya ward no.100,BBMP,BBMP Mahadevapura Division,Roads,Awarded,2115795.39,JAVEED MAHEBOOBSAB BIJAPUR,1401255.54,08-11-2024 14:45:31
100,133225,BBMP/2024-25/RD/WORK_INDENT5020,Improvements to Roads and Drains at Shetty layout in ward no.100,BBMP,BBMP Mahadevapura Division,Roads,Awarded,3389020.53,NAGARAJ PUNITH( NANDHA CONSTRUCTIONS ),9029176.96,08-11-2024 14:44:52
100,133224,BBMP/2024-25/RD/WORK_INDENT5019,Improvements to Roads and Drains at Lakshmisagar in Garudacharpalya in ward no.100,BBMP,BBMP Mahadevapura Division,Roads,Awarded,2539374.44,T N LAKSHMANA GOWDA,1654404.50,08-11-2024 14:44:29
100,129458,BBMP/2024-25/RD/WORK_INDENT4548,Improvements to roads and drains in Om shakti temple road in Kaverinagar Garudacharpalya ward no.100,BBMP,BBMP Mahadevapura Division,Roads,Awarded,2537954.5,VINAY MARIGOWDA MARASINGANAHALLI( VMM MINING INDUSTRIES ),8727370.27,25-10-2024 16:19:11
100,129460,BBMP/2024-25/RD/WORK_INDENT4549,Improvements to roads and drains in Gangamma temple road in Kaveri nagar Garudacharpalya ward no.100,BBMP,BBMP Mahadevapura Division,Roads,Awarded,2539019.28,BASAYYA ISHWARAYYA MATHAPATI( SHREE BASAVA ELECTRICALS ),1460549.02,25-10-2024 16:11:26
100,114388,BBMP/2024-25/RD/WORK_INDENT3537,Footpath Maintenance works in ward No 100-Garudacharapalya,BBMP,BBMP Mahadevapura Division,Roads,Awarded,2115955.67,Srinivasa V,2472120.00,28-08-2024 12:23:05
100,114478,BBMP/2024-25/RD/WORK_INDENT3548,Providing Tractor & Labour for maintenance Roads & drains in ward No-100- Garudacharapalya ward area,BBMP,BBMP Mahadevapura Division,Roads,Awarded,2541665.0,RAVI V GADAGI,435405.50,28-08-2024 12:12:56
100,57416,BBMP/2023-24/RD/WORK_INDENT1506,"Improvements to drains and providing covering slabs in Ambedkar Nagara in block no. 121 of census 2011 in Ward No-100, Garudacharpalya",BBMP,BBMP Mahadevapura Division,Roads,Awarded,2017108.81,,,31-01-2024 22:17:41
100,57441,BBMP/2023-24/RD/WORK_INDENT1508,"Improvements to roads and drains in Pilla Reddy road in block no. 118 of census 2011 in Kaveri Nagara Ward No-100, Garudacharpalya",BBMP,BBMP Mahadevapura Division,Roads,Awarded,2018863.8,NARASAPPA UDBAL MUDAKAPPA UDBAL,1092005.34,31-01-2024 21:57:23
100,57431,BBMP/2023-24/RD/WORK_INDENT1507,"Improvements to roads, drains and providing covering slab in Venkateshwara layout and surrounding areas in block no. 106 of census 2011 in Kaveri Nagara Ward No-100, Garudacharpalya",BBMP,BBMP Mahadevapura Division,Roads,Awarded,2019070.44,N S PRASAD,1986844.21,31-01-2024 21:56:25
101,264122,BBMP/2025-26/OW/WORK_INDENT8069/CALL-3,Improvement to roads and drains at Vinayaka layout 1st to 7th Cross Roads in Doddanekundi Ward No.101,BBMP,BBMP Mahadevapura Division,Other Works,Awarded,2539098.27,RAVINAYAK,1316875.00,09-02-2026 16:35:48
101,205129,BBMP/2025-26/OW/WORK_INDENT8075,Improvement to roads and drains at Fern habitate Cross roads and surrounding area in Doddanekundi Ward No.101,BBMP,BBMP Mahadevapura Division,Other Works,Awarded,2116486.26,T BASAVARAJAPPA,400859.83,10-07-2025 18:36:54
101,205117,BBMP/2025-26/OW/WORK_INDENT8073,Construction of CC drains and Providing Covering slabs at Karthik Nagara Cross in Doddanekundi Ward No.101,BBMP,BBMP Mahadevapura Division,Other Works,Awarded,2115891.26,YAMANAPPA HANAMANTAPPA NAGANI,1042134.35,10-07-2025 18:36:27
101,205038,BBMP/2025-26/OW/WORK_INDENT8072,Construction of CC drains and Providing Covering slabs at Gururaja layout 4th Cross in Doddanekundi Ward No.101,BBMP,BBMP Mahadevapura Division,Other Works,Awarded,2537598.22,KUCHELA K J,1243327.37,10-07-2025 18:36:00
101,205037,BBMP/2025-26/OW/WORK_INDENT8070,Construction of CC drains and Providing Covering slabs at Gururaja layout 2nd main in Doddanekundi Ward No.101,BBMP,BBMP Mahadevapura Division,Other Works,Awarded,2542137.4,GAJJALA LAKSHMI NARAYANA( MANYA INFRA SERVICES ),1269125.99,10-07-2025 18:35:30
101,205035,BBMP/2025-26/OW/WORK_INDENT8068,Improvement to roads and drains at Nisarga layout Cross roads in Doddanekundi Ward No.101,BBMP,BBMP Mahadevapura Division,Other Works,Awarded,2114419.1,MOHAMMED NAWAZ SHARIFF,2541121.22,10-07-2025 18:34:26
101,205034,BBMP/2025-26/OW/WORK_INDENT8066,Improvement to roads and drains at Doddanekundhi Extention area in Ward No.101,BBMP,BBMP Mahadevapura Division,Other Works,Awarded,2538339.1,,,10-07-2025 18:34:01
101,205033,BBMP/2025-26/OW/WORK_INDENT8064,Improvement to roads and drains at Railway track to Rama Temple road surrounding areas in Doddanekundhi Ward No.101,BBMP,BBMP Mahadevapura Division,Other Works,Awarded,2540695.6,VISHWANATH M N,3358822.96,10-07-2025 18:33:37
101,204983,BBMP/2025-26/OW/WORK_INDENT8023,Annual Maintenance and Desilting of Drains in ward no 101 Doddanekundi,BBMP,BBMP Mahadevapura Division,Other Works,Awarded,2963350.89,,,10-07-2025 18:13:52
101,133453,BBMP/2024-25/RD/WORK_INDENT5025,Improvements to Roads and Drains at Chinnappanahalli in Doddanekumdi ward no.101,BBMP,BBMP Mahadevapura Division,Roads,Awarded,2539263.03,,,11-11-2024 15:54:41
101,133455,BBMP/2024-25/RD/WORK_INDENT5026,Improvements to Roads and Drains at Vinayaka layout Doddanekundi ward no.101,BBMP,BBMP Mahadevapura Division,Roads,Awarded,2539263.03,JAYAPRAKASH KUNJURAM PILLAI( RAMSHREE GLOBAL CONSTRUCTIONS PRIVATE LIMITED ),9898571.00,11-11-2024 15:38:12
101,133229,BBMP/2024-25/RD/WORK_INDENT5024,Improvements to Roads and Drains at Wasa layout in Doddanekundi ward no.101,BBMP,BBMP Mahadevapura Division,Roads,Awarded,1692858.82,BELLIBATLU HENJA REDDY KRISHNA REDDY (1)( SOUHARDHA INFRA-TECH PRIVATE LIMITED ),10610011.46,08-11-2024 14:47:30
101,133228,BBMP/2024-25/RD/WORK_INDENT5023,Improvements to Roads and Drains at Gururaj layout in Doddanekundi ward no.101,BBMP,BBMP Mahadevapura Division,Roads,Awarded,2540066.09,BALACHANDRA BASAPPA TUPPAD,1533973.50,08-11-2024 14:47:09
101,129463,BBMP/2024-25/RD/WORK_INDENT4550,Improvements to roads and drains in AK colony in Doddanekundi ward 101,BBMP,BBMP Mahadevapura Division,Roads,Awarded,2539996.91,SHADAYAN( GANESH ENGINEERING WORKS ),4362918.86,25-10-2024 16:11:53
101,114479,BBMP/2024-25/RD/WORK_INDENT3549,Providing Tractor & Labour for maintenance Roads & drains in ward No-101-Doddanekkundi ward area,BBMP,BBMP Mahadevapura Division,Roads,Awarded,2541665.0,,,28-08-2024 12:39:28
101,114391,BBMP/2024-25/RD/WORK_INDENT3538,Footpath Maintenance works in ward No. 101-Doddanekkundi,BBMP,BBMP Mahadevapura Division,Roads,Awarded,2114035.45,PARASHURAM R( PARASHURAM ),6889494.74,28-08-2024 12:21:47
101,112627,BBMP/2023-24/RD/WORK_INDENT1509/CALL-2,Improvements to roads and drains at Doddanekkundi village and surrounding area in block no. 178 of census 2011 in ward no. 101 Doddanekkundi,BBMP,BBMP Mahadevapura Division,Roads,Awarded,2019195.66,DEVINDRAPPA,1857201.31,27-08-2024 15:15:03
101,112629,BBMP/2023-24/RD/WORK_INDENT1510/CALL-2,Improvements to roads and drains at Sanjay Nagara GRS school road and surrounding area in block no. 23 of census 2011 in ward no. 101 Doddanekkundi,BBMP,BBMP Mahadevapura Division,Roads,Awarded,2019425.72,,,27-08-2024 15:14:15
102,211219,BBMP/2025-26/OW/WORK_INDENT8462,"Package-02 Improvements roads and drains at SC/ST areas as per census 2011 block no.206, 107/2, 109 Kundalahalli Village, Kundalahalli colony, Thubarahalli, Thubarahalli Palya and Lakshminarayanapura surrounding areas and Other allied works in ward no.102 AECS Layout in Mahadevpura Constituency Under SCP/TSP Grants 2025-26 (2works)",BBMP,BBMP Mahadevapura Division,Other Works,Awarded,42398912.05,SRINIVAS MITTE,453706.50,31-07-2025 15:30:57
102,205441,BBMP/2025-26/OW/WORK_INDENT8090,"Improvement to roads, drains and Providing Covering slabs in C Block Cross roads AECS Layout Ward No.102",BBMP,BBMP Mahadevapura Division,Other Works,Awarded,4234356.81,,,11-07-2025 20:16:12
102,205444,BBMP/2025-26/OW/WORK_INDENT8091,"Improvement to roads, drains and Providing Covering slabs in E Block Cross roads AECS Layout Ward No.102",BBMP,BBMP Mahadevapura Division,Other Works,Awarded,4233921.62,VIJAY NINGAPPA AKALE,3373786.89,11-07-2025 20:15:46
102,205446,BBMP/2025-26/OW/WORK_INDENT8092,"Improvement to roads, drains and Providing Covering slabs in L.N.Pura and Thubarahalli palya in Ward No.102",BBMP,BBMP Mahadevapura Division,Other Works,Awarded,4235587.55,SANDIP TUKARAM PATIL,700626.08,11-07-2025 20:15:17
102,205449,BBMP/2025-26/OW/WORK_INDENT8093,"Improvement to roads, drains and Providing Covering slabs at BEML Layout in AECS Layout Ward No.102",BBMP,BBMP Mahadevapura Division,Other Works,Awarded,4234711.86,SANDIP TUKARAM PATIL,1138828.17,11-07-2025 20:14:34
102,205451,BBMP/2025-26/OW/WORK_INDENT8094,Improvement to roads and drains at Siddapura in AECS Layout Ward No.102,BBMP,BBMP Mahadevapura Division,Other Works,Awarded,4233058.98,GIRISH K S( Girish Constructions ),309959.64,11-07-2025 20:14:04
102,204984,BBMP/2025-26/OW/WORK_INDENT8024,Annual Maintenance and Desilting of Drains in ward no 102 AECS Layout,BBMP,BBMP Mahadevapura Division,Other Works,Awarded,2963241.87,SANTHOSHA MALLIKAJAPPA KALLESHANI,1590262.15,10-07-2025 18:14:30
102,133575,BBMP/2024-25/RD/WORK_INDENT5032,Improvements to Roads and Drains at silver spring layout in AECS layout ward no.102,BBMP,BBMP Mahadevapura Division,Roads,Awarded,2115474.08,Shamsuddin Harekala Hussain,2423007.96,11-11-2024 15:42:10
102,133571,BBMP/2024-25/RD/WORK_INDENT5030,Improvements to Roads and Drains at Kundalahalli colony in AECS layout ward no.102,BBMP,BBMP Mahadevapura Division,Roads,Awarded,2116559.3,BASAVARAJ S HATTIKATAGI,1676157.60,11-11-2024 15:41:33
102,133481,BBMP/2024-25/RD/WORK_INDENT5031,Improvements to Roads and Drains in AECS layout ward no.102,BBMP,BBMP Mahadevapura Division,Roads,Awarded,2117393.37,,,11-11-2024 15:40:06
102,133478,BBMP/2024-25/RD/WORK_INDENT5029,Improvements to Roads and Drains at Thubarahalli in AECS layoutward no.102,BBMP,BBMP Mahadevapura Division,Roads,Awarded,2117460.9,M CHANDRASHEKAR (1)( Chandru Enterprises ),2601224.96,11-11-2024 15:39:23
102,133463,BBMP/2024-25/RD/WORK_INDENT5028,Improvements to roads and drains at BEML layout in AECS layout ward no.102,BBMP,BBMP Mahadevapura Division,Roads,Awarded,2117396.53,,,11-11-2024 15:38:53
102,129466,BBMP/2024-25/RD/WORK_INDENT4551,Improvements to roads and drains in Tubarahalli extension and surrounding areas in AECS Layout ward no.102,BBMP,BBMP Mahadevapura Division,Roads,Awarded,2116189.57,,,25-10-2024 16:12:29
102,114394,BBMP/2024-25/RD/WORK_INDENT3539,Footpath Maintenance works in ward No. 102-AECS Layout,BBMP,BBMP Mahadevapura Division,Roads,Awarded,2114118.15,P NARAYANASWAMY,2033054.34,28-08-2024 12:28:33
102,114481,BBMP/2024-25/RD/WORK_INDENT3550,Providing Tractor & Labour for maintenance Roads &drains in ward No-102-AECS layout ward area,BBMP,BBMP Mahadevapura Division,Roads,Awarded,2541665.0,RAJANNA,3993279.82,28-08-2024 12:11:03
102,112630,BBMP/2023-24/RD/WORK_INDENT1512/CALL-2,Improvements to roads and drains at Thigalarapalya and surrounding area in block no. 109 of census 2011 in ward no. 102 AECS Layout,BBMP,BBMP Mahadevapura Division,Roads,Awarded,1860381.55,SHASHI KUMAR C,3638292.06,27-08-2024 15:13:40
102,57622,BBMP/2023-24/RD/WORK_INDENT1511,Improvements to roads and drains at Lakshminarayanapura main road and surrounding area in block no. 107/2 of census 2011 in ward no. 102 AECS Layout,BBMP,BBMP Mahadevapura Division,Roads,Awarded,2019317.5,SAYED MUJAMIL KHADRI,536423.51,31-01-2024 22:19:56
102,57442,BBMP/2023-24/RD/WORK_INDENT1513,Improvements to roads and drains at Sathya Sai Temple and surrounding area in block no. 206 of census 2011 in ward no. 102 AECS Layout.,BBMP,BBMP Mahadevapura Division,Roads,Awarded,1981790.64,T H MANAVALLAIAH,12190616.70,31-01-2024 22:02:43
103,205754,BBMP/2025-26/OW/WORK_INDENT8095,"Improvements of Roads and Drains in Nallurahalli KRS Reddy House Road at Ward No.103, Whitefield",BBMP,BBMP Mahadevapura Division,Other Works,Awarded,3385064.43,BALA MURALI KRISHNA A( LAKSHMI VENKATESHWARA ENTERPRISES ),2500687.40,11-07-2025 20:30:05
103,205453,BBMP/2025-26/OW/WORK_INDENT8096,"Improvements of Roads and Drains in Ramagondanahalli at Ward No.103, Whitefield",BBMP,BBMP Mahadevapura Division,Other Works,Awarded,3388170.24,,,11-07-2025 20:13:30
103,205472,BBMP/2025-26/OW/WORK_INDENT8099,"Improvements of Roads and Drains in Vinayaka Nagar (Danamande) at Ward No.103, Whitefield",BBMP,BBMP Mahadevapura Division,Other Works,Awarded,2540904.06,,,11-07-2025 20:12:10
103,205474,BBMP/2025-26/OW/WORK_INDENT8100,"Improvements of Roads and Drains in Whitefield inner & outter circle at Ward No.103, Whitefield",BBMP,BBMP Mahadevapura Division,Other Works,Awarded,3388344.88,SIDLING BURAN BASTWADE,17457556.00,11-07-2025 20:11:42
103,204976,BBMP/2025-26/OW/WORK_INDENT8017,Annual Maintenance and Desilting of Drains in ward no 103 Whitefield,BBMP,BBMP Mahadevapura Division,Other Works,Awarded,2999980.0,NAGARAJ LINGU MUKRI,276550.00,10-07-2025 18:10:10
103,133704,BBMP/2024-25/RD/WORK_INDENT5037,Improvements and Maintenance of CC Roads & Drains in ward no.103 (Whitefield ),BBMP,BBMP Mahadevapura Division,Roads,Awarded,2115918.54,SHANMUGAM P,254598.00,11-11-2024 15:43:35
103,129468,BBMP/2024-25/RD/WORK_INDENT4552,Improvements to roads and drains in Ambedakargutta at Whitefield ward no.103,BBMP,BBMP Mahadevapura Division,Roads,Awarded,1691589.23,PRASHANTH( SRI KRISHNA CONSTRUCTIONS ),9687107.34,25-10-2024 16:18:36
103,129469,BBMP/2024-25/RD/WORK_INDENT4553,Improvements to roads and drains in Ramagondanahalli colony and Siddapura colony at Whitefield ward no.103,BBMP,BBMP Mahadevapura Division,Roads,Awarded,1694536.58,KRISHNAPPA SRINIVASA BABU( LAKSHMI GANAPATHY INFRASTRUCTURE PRIVATE LIMITED ),1452784.05,25-10-2024 16:17:58
103,129471,BBMP/2024-25/RD/WORK_INDENT4554,Improvements to roads and drains in Nallurhalli colony at Whitefield ward no.103,BBMP,BBMP Mahadevapura Division,Roads,Awarded,1693213.44,SUDEER S,466416.60,25-10-2024 16:12:59
103,114400,BBMP/2024-25/RD/WORK_INDENT3540,Footpath Maintenance works in ward No. 103-Whitefield,BBMP,BBMP Mahadevapura Division,Roads,Awarded,2117803.58,,,28-08-2024 12:20:46
103,114482,BBMP/2024-25/RD/WORK_INDENT3551,Providing Tractor & Labour for maintenance Roads & drains in ward No-103-Whitefield ward area,BBMP,BBMP Mahadevapura Division,Roads,Awarded,2541828.0,RAJANNA,4436977.58,28-08-2024 12:10:04
103,112634,BBMP/2023-24/RD/WORK_INDENT1515/CALL-2,Construction of CC road in SC/ST area at Vijayanagara in block no. 56/2 of census 2011 in ward no 103 Whitefield.,BBMP,BBMP Mahadevapura Division,Roads,Awarded,2021099.78,,,27-08-2024 15:10:25
103,57624,BBMP/2023-24/RD/WORK_INDENT1514,Construction of CC road in SC/ST area at Ambedkargutta in block no. 55 of census 2011 in ward no 103 Whitefield.,BBMP,BBMP Mahadevapura Division,Roads,Awarded,1955624.25,,,31-01-2024 22:59:44
104,205479,BBMP/2025-26/OW/WORK_INDENT8105,Improvements and Development of Drains & CC Road at Madhuranagar 3rd Stage in ward no.104,BBMP,BBMP Mahadevapura Division,Other Works,Awarded,2537967.12,,,11-07-2025 20:08:55
104,205480,BBMP/2025-26/OW/WORK_INDENT8106,Improvements and Development of Drains and CC Road at MTV agar road Varthur in ward no.104,BBMP,BBMP Mahadevapura Division,Other Works,Awarded,2113360.83,SUGHANDA RAJA S( VAISHNAVI. ENTERPRISES ),2501576.60,11-07-2025 20:08:31
104,205481,BBMP/2025-26/OW/WORK_INDENT8107,Improvements and Development of Roads at Doddakannalli area and Varthur limit in ward no.104,BBMP,BBMP Mahadevapura Division,Other Works,Awarded,2533529.91,VILAS SHAMBA GOSWAMI( DHANANJAY ELECTRICALS ),33999766.00,11-07-2025 20:07:52
104,205482,BBMP/2025-26/OW/WORK_INDENT8108,Improvements and Development of Drains & CC Road at Gunjur and Gunjur Palya Area in ward no.104,BBMP,BBMP Mahadevapura Division,Other Works,Awarded,2541548.49,APPASAHEB SHIVAGOND JANAGOUD (1)( JANAGOUDA ELECTRICALS ),36921265.00,11-07-2025 20:07:24
104,205483,BBMP/2025-26/OW/WORK_INDENT8109,"Improvements and Development of Drains & CC Road at Temple Bells Layout, Chikkabellandur in ward no.104",BBMP,BBMP Mahadevapura Division,Other Works,Awarded,2534145.56,Kupendra Gurubasappa Jawalagi,37565526.00,11-07-2025 20:06:58
104,204977,BBMP/2025-26/OW/WORK_INDENT8018,Annual Maintenance and Desilting of Drains in ward no 104 Varthur,BBMP,BBMP Mahadevapura Division,Other Works,Awarded,2999058.0,SRINIVAS MURTHY K V( S L V DEVELOPERS AND CONTRACTOR ),3453460.15,10-07-2025 18:10:48
104,164195,BBMP/2024-25/RD/WORK_INDENT4555/CALL-2,Improvements to roads and drains in AD colony at Varthur ward no.104,BBMP,BBMP Mahadevapura Division,Roads,Awarded,1688889.06,BALACHANDRA Y SALABHAVI,2548065.00,01-03-2025 18:58:21
104,133752,BBMP/2024-25/RD/WORK_INDENT5044,Improvements and Maintenance of CC roads & Drains in ward no.104 (Varthur),BBMP,BBMP Mahadevapura Division,Roads,Awarded,1269642.85,,,11-11-2024 15:45:05
104,129478,BBMP/2024-25/RD/WORK_INDENT4557,Improvements to roads and drains in Gunjur colony at Varthur ward no.104,BBMP,BBMP Mahadevapura Division,Roads,Awarded,1688824.79,P NARAYANASWAMY,1990501.38,25-10-2024 16:17:27
104,129473,BBMP/2024-25/RD/WORK_INDENT4556,Improvements to roads and drains in Ambedkar colony at Varthur ward no.104,BBMP,BBMP Mahadevapura Division,Roads,Awarded,1688901.81,MAHADEVAPPA,4050966.60,25-10-2024 16:14:02
104,114483,BBMP/2024-25/RD/WORK_INDENT3552,Providing Tractor & Labour for maintenance Roads & drains in ward No-104- Varthur ward area,BBMP,BBMP Mahadevapura Division,Roads,Awarded,2541828.0,L BASAVANNA( L BASAVANNA ),2483826.84,28-08-2024 12:37:14
104,114402,BBMP/2024-25/RD/WORK_INDENT3541,Footpath Maintenance works in ward No. 104-Varthur,BBMP,BBMP Mahadevapura Division,Roads,Awarded,2117816.62,,,28-08-2024 12:19:25
104,112632,BBMP/2023-24/RD/WORK_INDENT1519/CALL-2,Construction of CC road in SC/ST area at Gunjur and Gunjur Palya colony in block no. 118 of census 2011 in ward no 104 Varthur,BBMP,BBMP Mahadevapura Division,Roads,Awarded,2020761.29,,,27-08-2024 15:11:19
104,112633,BBMP/2023-24/RD/WORK_INDENT1520/CALL-2,Construction of CC road in SC/ST area at Panathur and Panathur Dinne colony in block no. 107 of census 2011 in ward no 104 Varthur,BBMP,BBMP Mahadevapura Division,Roads,Awarded,2020820.01,,,27-08-2024 15:10:53
104,57629,BBMP/2023-24/RD/WORK_INDENT1518,Construction of CC road in SC/ST area at Balagere in block no. 150 of census 2011 in ward no 104 Varthur,BBMP,BBMP Mahadevapura Division,Roads,Awarded,2021696.34,ANILKUMAR,1105367.53,31-01-2024 22:20:41
104,57633,BBMP/2023-24/RD/WORK_INDENT1521,Construction of CC road in SC/ST area at Chikkabellandur in block no. 120 of census 2011 in ward no 104 Varthur,BBMP,BBMP Mahadevapura Division,Roads,Awarded,2020552.53,KALYANI( BRAMARAMBA CONSTRUCTIONS AND EARTH MOVERS ),1099837.66,31-01-2024 22:10:14
104,57626,BBMP/2023-24/RD/WORK_INDENT1516,Construction of CC road in SC/ST area at Varthur colony nad Kaveri Nagara in block no. 106 of census 2011 in ward no 104 Varthur,BBMP,BBMP Mahadevapura Division,Roads,Awarded,2021323.95,,,31-01-2024 22:05:17
105,244330,BBMP/2025-26/OW/WORK_INDENT8115/CALL-2,"Improvements and Developments of Drains, Roads Prem Brooke layout at Panathur in ward no.105",BBMP,BBMP Mahadevapura Division,Other Works,Awarded,2537946.5,KUMARA P( S R S ENTERPRISES. . ),1182416.38,01-12-2025 13:08:59
105,205484,BBMP/2025-26/OW/WORK_INDENT8110,"Improvements and Developments of Drains, Culverts, CC Road at Munnekolala Village area in ward no.105",BBMP,BBMP Mahadevapura Division,Other Works,Awarded,4235105.59,,,11-07-2025 20:06:31
105,205485,BBMP/2025-26/OW/WORK_INDENT8111,"Improvements and Developments of Drains, Culverts, CC Road at Panathur Village in ward no.105",BBMP,BBMP Mahadevapura Division,Other Works,Awarded,2116584.72,,,11-07-2025 20:05:57
105,205486,BBMP/2025-26/OW/WORK_INDENT8112,Improvements and Developments of Roads at Shiradi Sai layout at Panathur Village in ward no.105,BBMP,BBMP Mahadevapura Division,Other Works,Awarded,2111088.0,BHARTI RATHOD,1770294.00,11-07-2025 20:05:24
105,205487,BBMP/2025-26/OW/WORK_INDENT8113,"Improvements and Developments of Drains, CC Road at 2nd Main, Kadubeesanahalli in ward no.105",BBMP,BBMP Mahadevapura Division,Other Works,Awarded,3392227.67,MANISH BEVINAMAR( M B INDUSTRIES ),38362795.90,11-07-2025 20:04:53
105,205488,BBMP/2025-26/OW/WORK_INDENT8114,"Improvements and Developments of Drains, Road at Kaverappa Layout, Panatur in ward no.105",BBMP,BBMP Mahadevapura Division,Other Works,Awarded,2537101.74,GANGADHAR H,2053624.05,11-07-2025 20:04:03
105,205490,BBMP/2025-26/OW/WORK_INDENT8116,"Improvements and Developments of Drains, Road at Kadubeesanahalli in ward no.105",BBMP,BBMP Mahadevapura Division,Other Works,Awarded,1685924.4,AJJAPPA BANI,39911111.00,11-07-2025 20:02:57
105,205491,BBMP/2025-26/OW/WORK_INDENT8117,"Improvements and Developments of Drains, Road at Panathur Lake Road in ward no.105",BBMP,BBMP Mahadevapura Division,Other Works,Awarded,2537866.58,UMESH MAHADEVAPPA NADUVINAHALLI( PAVAN ELECTRICALS.......... ),38900000.00,11-07-2025 20:02:11
105,204978,BBMP/2025-26/OW/WORK_INDENT8019,Annual Maintenance and Desilting of Drains in ward no 105 Munnekolala,BBMP,BBMP Mahadevapura Division,Other Works,Awarded,2999058.0,Manjunath Mallikarjun Kurugod,4459038.51,10-07-2025 18:11:20
105,133766,BBMP/2024-25/RD/WORK_INDENT5053,Improvements and Maintenance of CC roads & Drains at ward no.105 (Munnekolala),BBMP,BBMP Mahadevapura Division,Roads,Awarded,2539612.36,HARISH G (1),820460.20,11-11-2024 15:58:28
105,129481,BBMP/2024-25/RD/WORK_INDENT4559,Improvements to roads and drains in Ambedkar colony at Munnekolala ward no.105,BBMP,BBMP Mahadevapura Division,Roads,Awarded,2536377.99,MANIK SHIVAKAR( GREEN IVY ),4994881.24,25-10-2024 16:16:00
105,129479,BBMP/2024-25/RD/WORK_INDENT4558,Improvements to roads and drains in Munnekolala colony at Munnekolala ward no.105,BBMP,BBMP Mahadevapura Division,Roads,Awarded,2536340.31,,,25-10-2024 16:14:36
105,114484,BBMP/2024-25/RD/WORK_INDENT3553,Providing Tractor & Labour for maintenance Roads & drains in ward No- 105- Munnekollala ward area,BBMP,BBMP Mahadevapura Division,Roads,Awarded,2541828.0,,,28-08-2024 12:36:05
105,114404,BBMP/2024-25/RD/WORK_INDENT3542,Footpath Maintenance works in ward No. 105- Munnekolala,BBMP,BBMP Mahadevapura Division,Roads,Awarded,2117766.25,CHANNAPPA KEMPAIAH( MANOJ ENTERPRISES ),2454804.00,28-08-2024 12:18:27
106,205737,BBMP/2025-26/OW/WORK_INDENT8123,"Repairs and maintenance of footpath in Marathahalli village, Kempapura Challaghatta, Nagasandra and Yemalur in ward no 106 Marathahalli.",BBMP,BBMP Mahadevapura Division,Other Works,Awarded,2539918.67,LOKESHA N,121081.29,11-07-2025 20:37:35
106,205738,BBMP/2025-26/OW/WORK_INDENT8124,Construction of culverts in Marathahalli ward at selected places and surroundings in ward no 106 Marathahalli.,BBMP,BBMP Mahadevapura Division,Other Works,Awarded,2116270.09,,,11-07-2025 20:37:13
106,205739,BBMP/2025-26/OW/WORK_INDENT8125,Construction of Roads and drains at oni road and surrounding areas at kariyammana agrahara in ward no 106 Marathahalli.,BBMP,BBMP Mahadevapura Division,Other Works,Awarded,4232585.99,,,11-07-2025 20:36:54
106,205740,BBMP/2025-26/OW/WORK_INDENT8126,Construction of Roads and drains at Govt school back side and surrounding areas at yemalur in ward no 106 Marathahalli.,BBMP,BBMP Mahadevapura Division,Other Works,Awarded,2962934.5,,,11-07-2025 20:36:33
106,205741,BBMP/2025-26/OW/WORK_INDENT8127,Improvements to drains in Maratahalli ward no 106.,BBMP,BBMP Mahadevapura Division,Other Works,Awarded,2538701.97,NAGABHUSHANA G,414220.71,11-07-2025 20:36:08
106,205742,BBMP/2025-26/OW/WORK_INDENT8128,Improvements to drains at cross roads at sanjaynagar in ward no 106 marathahalli.,BBMP,BBMP Mahadevapura Division,Other Works,Awarded,2535251.82,MANJUNATH P WALIKAR,53334.82,11-07-2025 20:35:48
106,205743,BBMP/2025-26/OW/WORK_INDENT8129,Improvements to roads and Drains at Yamalur and surrounding areas at ward no 106 Marathahalli.,BBMP,BBMP Mahadevapura Division,Other Works,Awarded,2114971.27,Ravi H K,15918684.96,11-07-2025 20:35:29
106,205744,BBMP/2025-26/OW/WORK_INDENT8130,"Improvements to roads and Drains at Ramanjaneya layout, Balaji Layout and surrounding areas at ward no 106 Marathahalli.",BBMP,BBMP Mahadevapura Division,Other Works,Awarded,2118042.29,,,11-07-2025 20:35:07
106,204986,BBMP/2025-26/OW/WORK_INDENT8025,Annual Maintenance and Desilting of Drains in ward no 106 Marathalli,BBMP,BBMP Mahadevapura Division,Other Works,Awarded,2997285.94,SANTHOSHA MALLIKAJAPPA KALLESHANI,1590762.15,10-07-2025 18:15:14
106,134065,BBMP/2024-25/RD/WORK_INDENT5055,Construction of RCC drains and CC roads in Ambedkar colony at Marathahalli ward no.106,BBMP,BBMP Mahadevapura Division,Roads,Awarded,4237073.22,,,12-11-2024 14:15:31
106,133771,BBMP/2024-25/RD/WORK_INDENT5056,Construction of RCC drains and CC roads at Oil mill road in Marathahalli ward no.106,BBMP,BBMP Mahadevapura Division,Roads,Awarded,4231923.05,,,11-11-2024 16:00:05
106,129485,BBMP/2024-25/RD/WORK_INDENT4560,Comprehensive development of drains and cement concrete road Ambedkar SC colony in Marathalli ward no.106,BBMP,BBMP Mahadevapura Division,Roads,Awarded,2281879.75,M C PRABHAKAR REDDY,2539996.90,25-10-2024 16:16:32
106,114407,BBMP/2024-25/RD/WORK_INDENT3543,Footpath Maintenance works in ward No.106- Marathahalli,BBMP,BBMP Mahadevapura Division,Roads,Awarded,2113882.96,CHANNAPPA KEMPAIAH( MANOJ ENTERPRISES ),2889804.00,28-08-2024 12:29:35
106,114485,BBMP/2024-25/RD/WORK_INDENT3554,Providing Tractor & Labour for maintenance Roads & drains in ward No-106- Marathahalli ward area,BBMP,BBMP Mahadevapura Division,Roads,Awarded,2541615.4,C.S. Prema Chandra,2378275.98,28-08-2024 12:07:32
106,87029,BBMP/2023-24/RD/WORK_INDENT1857/CALL-2,Maintenance of roads and Footpath at Ward no.106 of Marathahalli,BBMP,BBMP Mahadevapura Division,Roads,Awarded,2118392.78,JAGADEEP D KUMAR (1),279395.35,11-06-2024 14:54:34
106,57636,BBMP/2023-24/RD/WORK_INDENT1524,Improvements to roads and drains in AK colony in block no. 45 of census 2011 in ward no. 106 Marathahalli.,BBMP,BBMP Mahadevapura Division,Roads,Awarded,2021849.86,Sheema (1),1002422.51,31-01-2024 22:12:38
106,57634,BBMP/2023-24/RD/WORK_INDENT1522,Improvements to roads and drains at Sanjay Nagara in block no. 103 of census 2011 in ward no. 106 Marathahalli,BBMP,BBMP Mahadevapura Division,Roads,Awarded,2021849.86,SHIVAKUMAR,1065922.51,31-01-2024 22:11:12
107,244321,BBMP/2025-26/OW/WORK_INDENT8142/CALL-2,Improvements to roads and Drains at Ambalipura near A2B Hotel and surrounding areas at ward no 107 Bellandur.,BBMP,BBMP Mahadevapura Division,Other Works,Awarded,2111071.34,Ravi,405292.98,01-12-2025 13:09:41
107,205745,BBMP/2025-26/OW/WORK_INDENT8135,Construction of culverts at Bellandur 2 nd Cross and surrounding areas in ward no107 Bellandur.,BBMP,BBMP Mahadevapura Division,Other Works,Awarded,2115952.22,,,11-07-2025 20:34:43
107,205746,BBMP/2025-26/OW/WORK_INDENT8137,Improvements to roads and drains at Haralur Ist Cross 3rd stage Royal plasid and surrounding areas at ward no 107 Bellandur.,BBMP,BBMP Mahadevapura Division,Other Works,Awarded,3388045.89,NAGABHUSHANA G,584865.00,11-07-2025 20:34:23
107,205747,BBMP/2025-26/OW/WORK_INDENT8138,Construction of CC roads at 4th and 4th B cross roads in Bellandur village at ward no 107 Bellandur.,BBMP,BBMP Mahadevapura Division,Other Works,Awarded,3385274.34,VINOD BHOPAL KOLI,329959.32,11-07-2025 20:34:04
107,205749,BBMP/2025-26/OW/WORK_INDENT8140,Improvements to Roads and drains at 5th Cross Bellandur ward no 107.,BBMP,BBMP Mahadevapura Division,Other Works,Awarded,2113481.12,Ramakrishna L Gudihal( GRAMADEVI CONSTRUCTIONS ),69114.94,11-07-2025 20:32:11
107,205750,BBMP/2025-26/OW/WORK_INDENT8141,Improvements to Roads and drains at kasavanahalli CSB Layout 3rd and 5th cross surrounding areas at ward no 107 Bellandur.,BBMP,BBMP Mahadevapura Division,Other Works,Awarded,2535578.23,KASHILING HANAMANT DALAWAI( R K ENGINEER CONSTRUCTION ),1575160.85,11-07-2025 20:31:44
107,205753,BBMP/2025-26/OW/WORK_INDENT8143,Improvements to roads and Drains at Kaikondrahalli Mariyamma Temple and surrounding areas at ward no 107 Bellandur.,BBMP,BBMP Mahadevapura Division,Other Works,Awarded,2113297.87,NAGARAJ D KUNKUR,483020.48,11-07-2025 20:30:33
107,204987,BBMP/2025-26/OW/WORK_INDENT8026,Annual Maintenance and Desilting of Drains in ward no 107 Bellandur,BBMP,BBMP Mahadevapura Division,Other Works,Awarded,2997285.94,Siddappa A,6184278.31,10-07-2025 18:16:02
107,133784,BBMP/2024-25/RD/WORK_INDENT5062,Improvements to Roads and Drains at Bellandur Village in ward no.107 Bellandur,BBMP,BBMP Mahadevapura Division,Roads,Awarded,1688078.84,,,11-11-2024 15:52:50
107,133782,BBMP/2024-25/RD/WORK_INDENT5061,Improvements to Roads and Drains in Haralur village in ward no 107 Bellandur,BBMP,BBMP Mahadevapura Division,Roads,Awarded,1692769.63,,,11-11-2024 15:52:18
107,114486,BBMP/2024-25/RD/WORK_INDENT3555,Providing Tractor & Labour for maintenance Roads & drains in ward No-107-Bellandur ward area,BBMP,BBMP Mahadevapura Division,Roads,Awarded,2541663.55,,,28-08-2024 12:34:28
107,114410,BBMP/2024-25/RD/WORK_INDENT3544,Footpath Maintenance works in ward No.107-Bellandur,BBMP,BBMP Mahadevapura Division,Roads,Awarded,2116230.97,CHETAN RUDRAPPA GONI,293743.95,28-08-2024 12:17:07
108,147149,BBMP/2024-25/OW/WORK_INDENT4753/CALL-2,"Construction of Cement concrete roads and other improvement works at Doddigunta in Ward No -108, Coxtown",BBMP,BBMP CV Ramannagar East,Other Works,Awarded,,HEETH SINGH( CHAMUNDI POUNDRY YADAVAGIRI INDUSTRIAL ESTATE ),2025918.12,02-01-2025 12:07:37
108,147264,BBMP/2024-25/OW/WORK_INDENT4780/CALL-2,"Construction of Cement concrete road and improvements works in Bayappanhalli in Ward No -108, Coxtown",BBMP,BBMP CV Ramannagar East,Other Works,Awarded,,,,01-01-2025 11:46:05
108,144205,BBMP/2024-25/OW/WORK_INDENT5907,Improvements to Roads and Drain atDoddigunta Coxtown and Surrounding area in Ward no.108,BBMP,BBMP CV Ramannagar East,Other Works,Awarded,,UMAMAHESWARA GOWD GULISHETTY,2234233.59,19-12-2024 12:42:06
108,144190,BBMP/2024-25/OW/WORK_INDENT5906,Improvements to Roads and Drain at Indira Colony and Surrounding area in Ward no.108,BBMP,BBMP CV Ramannagar East,Other Works,Awarded,,Anilkumar,468674.75,18-12-2024 18:36:16
108,134557,BBMP/2024-25/OW/WORK_INDENT4761,Repairs and Maintenance of Footpath in Ward No -108 Coxtown for the year 2024-25,BBMP,BBMP CV Ramannagar East,Other Works,Awarded,,,,14-11-2024 13:48:13
108,132352,BBMP/2024-25/OW/WORK_INDENT4767,Improvements to roads and drain at Kallahalli surrounding area in ward no- 108 Coxtown,BBMP,BBMP CV Ramannagar East,Other Works,Awarded,,S. ASHOKA( ASHOKA S ),4717964.11,06-11-2024 17:39:39
108,132295,BBMP/2024-25/OW/WORK_INDENT4781,Improvements roads and drains and other improvements works in Coxtown Surrounding area in ward no -108 Coxtown,BBMP,BBMP CV Ramannagar East,Other Works,Awarded,,JAGADEESH KADAPPA SHEKHANAVAR,441006.24,06-11-2024 17:36:08
108,132505,BBMP/2024-25/OW/WORK_INDENT4779,Construction of cement concrete road and improvements works in Gajendranagara in Ward No -108 Coxtown,BBMP,BBMP CV Ramannagar East,Other Works,Awarded,,MADARAJE URS,5840661.00,06-11-2024 17:15:05
108,132278,BBMP/2024-25/OW/WORK_INDENT4782,Improvements to roads and drains at Kallahalli at Byapanahalli in Ward no -108 Coxtown,BBMP,BBMP CV Ramannagar East,Other Works,Awarded,,,,06-11-2024 17:07:15
108,132314,BBMP/2024-25/OW/WORK_INDENT4778,"Construction of culverts and drains and other improvements works in Gajendranagara in Ward no -108, Coxtown",BBMP,BBMP CV Ramannagar East,Other Works,Awarded,,VIJEETH V BHATT( SHARADA CONSTRUCTIONS ),988781.41,06-11-2024 17:06:12
108,90809,BBMP/2024-25/OW/WORK_INDENT3286,"Providing asphalting, drains and other allied improvements works in Ward No -108, Cox town",BBMP,BBMP CV Ramannagar East,Other Works,Awarded,10580378.84,,,21-06-2024 17:19:58
108,84877,BBMP/2024-25/OW/WORK_INDENT3185,"Providing LED Street Lights to Kathalipalya Cross roads in Ward no -108, Cox Town",BBMP,BBMP CV Ramannagar East,Other Works,Awarded,,GANAPATI VISHNU NAIK,1248199.64,29-05-2024 14:06:30
108,81190,BBMP/2023-24/OW/WORK_INDENT3074,"Improvements roads and drain and other improvements works in Coxtown in ward no -108, Coxtown (Block no 22, 23, 25)",BBMP,BBMP CV Ramannagar East,Other Works,Awarded,,PRABHAKAR H TALAWAR,517777.77,12-03-2024 14:59:40
108,62868,BBMP/2023-24/OW/WORK_INDENT2023,Improvements to roads and drains 8th cross road gajendra nagar in ward no 108 cox town,BBMP,BBMP CV Ramannagar East,Other Works,Awarded,,NAGAIAH SHETTY,753463.46,08-02-2024 16:04:37
108,62375,BBMP/2023-24/OW/WORK_INDENT1747,Improvements to roads and drains 9th cross road gajendra nagar in ward no 108 cox town,BBMP,BBMP CV Ramannagar East,Other Works,Awarded,,,,08-02-2024 15:45:40
108,62339,BBMP/2023-24/OW/WORK_INDENT1719,Improvements to CC Roads at PSK Naidu road Nanjundappa Garden road in ward no 108 cox town,BBMP,BBMP CV Ramannagar East,Other Works,Awarded,,,,08-02-2024 15:43:27
108,54454,BBMP/2023-24/OW/WORK_INDENT1142,"Desilting of drain, silt and tractor in ward no -108, Coxtown for the year 2023-24",BBMP,BBMP CV Ramannagar East,Other Works,Awarded,,Premkumar Rupla Rathod,1398808.54,19-01-2024 12:16:55
108,54332,BBMP/2023-24/OW/WORK_INDENT1135,Maintenance of Road drains and footpath work in ward no-108 Coxtown for the year 2023-24,BBMP,BBMP CV Ramannagar East,Other Works,Awarded,,RAGHUNATHAREDDY R N,1215566.38,19-01-2024 11:43:50
109,147320,BBMP/2024-25/OW/WORK_INDENT4772/CALL-2,Repairs and Maintenance of Footpath in Ward No -109 Benniganhalli for the year 2024-25,BBMP,BBMP CV Ramannagar East,Other Works,Awarded,,NAGAYYA SWAMY,942944.16,02-01-2025 12:10:16
109,147325,BBMP/2024-25/OW/WORK_INDENT4783/CALL-2,"Construction of Culverts in Krishnaiahnapalya and other improvements works surrounding area in ward no -109, Benniganhalli",BBMP,BBMP CV Ramannagar East,Other Works,Awarded,,,,01-01-2025 13:16:25
109,132455,BBMP/2024-25/OW/WORK_INDENT4788,"Construction of CC road and other improvements work in Chikkabanasawadi and other improvements work in Ward no -109, Bennignahlli",BBMP,BBMP CV Ramannagar East,Other Works,Awarded,,,,06-11-2024 17:14:00
109,132446,BBMP/2024-25/OW/WORK_INDENT4785,"Construction of CC road and other improvements works in Income tax layout in Ward no -109, Bennignahlli",BBMP,BBMP CV Ramannagar East,Other Works,Awarded,,,,06-11-2024 17:11:24
109,132441,BBMP/2024-25/OW/WORK_INDENT4784,"Construction of CC road and other improvements works in Krishnaiahnpalya in Ward no -109, Bennignahlli",BBMP,BBMP CV Ramannagar East,Other Works,Awarded,,HARSHAVARDHAN T( HARSHA BOREWELLS AGENCY ),14994.00,06-11-2024 17:10:28
109,132433,BBMP/2024-25/OW/WORK_INDENT4786,"Construction of culverts and other improvements works Lal Bahadur nagara in Ward no -109, Bennignahlli",BBMP,BBMP CV Ramannagar East,Other Works,Awarded,,HITESH KUMAR S (1)( Awika Constructions ),3468151.68,06-11-2024 17:08:25
109,132244,BBMP/2024-25/OW/WORK_INDENT4789,"Reconstruction of culverts and improvement in drain at Dr. Layout and surrounding area in in Ward no -109, Bennignahlli",BBMP,BBMP CV Ramannagar East,Other Works,Awarded,,,,05-11-2024 13:15:50
109,81142,BBMP/2023-24/OW/WORK_INDENT3076,"Providing Cement Concrete roads and drain and other improvements works in Hosanagara in ward no -109, Benniganahalli (Block no 43/1)",BBMP,BBMP CV Ramannagar East,Other Works,Awarded,,,,12-03-2024 15:05:01
109,62390,BBMP/2023-24/OW/WORK_INDENT1749,Improvements to CC Roads at Hosnagara in ward no 109 benniganahalli,BBMP,BBMP CV Ramannagar East,Other Works,Awarded,,SAGAR V NITTURE( NAVNIRMAN CONSTRUCTIONS AND CONSULTANTS ),1258975.70,08-02-2024 15:47:13
109,54433,BBMP/2023-24/OW/WORK_INDENT1141,"Desilting of drain, silt and tractor in ward no -109, Benniganahalli for the year 2023-24",BBMP,BBMP CV Ramannagar East,Other Works,Awarded,,BALARAM,14196449.53,19-01-2024 12:16:01
109,54400,BBMP/2023-24/OW/WORK_INDENT1147,"Maintenance of Road, drains and footpath work in ward no - 109, Benniganahalli for the year 2023-24",BBMP,BBMP CV Ramannagar East,Other Works,Awarded,,,,19-01-2024 11:45:00
110,147329,BBMP/2024-25/OW/WORK_INDENT4790/CALL-2,Construction of RCC drain at Nagavarapalya and Rahath Bagh in Ward no -110,BBMP,BBMP CV Ramannagar East,Other Works,Awarded,,MUTHU VENGATRAMAN,2171224.52,02-01-2025 12:12:25
110,147331,BBMP/2024-25/OW/WORK_INDENT4792/CALL-2,Construction of CC road at Nagavaraplaya Govt. School road and 5th cross road in Ward no-110,BBMP,BBMP CV Ramannagar East,Other Works,Awarded,,MOHAMMED GAFOOR( S M D ASSOCIATES ),793900.00,02-01-2025 12:09:30
110,144135,BBMP/2024-25/OW/WORK_INDENT5904,Improvements to Roads and drains at Ambedkar Nagar and Surrounding area in Ward No.110,BBMP,BBMP CV Ramannagar East,Other Works,Awarded,,,,18-12-2024 18:39:19
110,144113,BBMP/2024-25/OW/WORK_INDENT5903,Improvements to Roads and drains at Bayappanahalli and Surrounding Area in Ward No.110,BBMP,BBMP CV Ramannagar East,Other Works,Awarded,,RAGHU S T,986330.45,18-12-2024 18:38:03
110,144165,BBMP/2024-25/OW/WORK_INDENT5905,Improvements to Roads in Gajendra Nagara Slum and Surrounding area in Ward No.110,BBMP,BBMP CV Ramannagar East,Other Works,Awarded,,DILIP B K,321105.10,18-12-2024 18:37:14
110,134563,BBMP/2024-25/OW/WORK_INDENT4762,Repairs and Maintenance of Footpath in Ward No -110 CV Raman Nagara for the year 2024-25,BBMP,BBMP CV Ramannagar East,Other Works,Awarded,,,,14-11-2024 13:42:56
110,132532,BBMP/2024-25/OW/WORK_INDENT4791,Asphalting to road and reconstruction of SSM drain at Nagavapalay in Ward no -110,BBMP,BBMP CV Ramannagar East,Other Works,Awarded,,LOKESH BOLAR( LOKESH ENGINEERINGS ),1251290.00,08-11-2024 14:55:49
110,84855,BBMP/2023-24/OW/WORK_INDENT1139/CALL-3,"Desilting of drain, silt and tractor in ward no -110, CV Raman nagara for the year 2023-24",BBMP,BBMP CV Ramannagar East,Other Works,Awarded,,,,24-05-2024 12:07:54
110,53261,BBMP/2023-24/OW/WORK_INDENT1132,"Maintenance of Road, drains and footpath work in ward no - 110, CV Raman nagara for the year 2023-24",BBMP,BBMP CV Ramannagar East,Other Works,Awarded,,,,18-01-2024 17:13:33
111,149716,BBMP/2024-25/OW/WORK_INDENT3289/CALL-2,"Providing asphalting, drains and other allied improvements works in Ward No -111, Kaggadasapura",BBMP,BBMP CV Ramannagar East,Other Works,Awarded,,Praveena G S,3997446.54,10-01-2025 15:42:33
111,136496,BBMP/2024-25/OW/WORK_INDENT5547,Repairs and Maintenance of Footpath in Ward No -111-Kaggadasapura for the year 2024-25,BBMP,BBMP CV Ramannagar East,Other Works,Awarded,,RAJU P,1478560.27,20-11-2024 16:19:55
111,135207,BBMP/2024-25/OW/WORK_INDENT4793,Reconstruction of culverts Kaggadasapura and Malleshplaya Limit in Ward no -111,BBMP,BBMP CV Ramannagar East,Other Works,Awarded,,P S Santhosh Kumar,1667191.73,14-11-2024 18:11:50
111,132549,BBMP/2024-25/OW/WORK_INDENT4794,Asphalting to road at 26th Cross and Surrounding Balaji layout and Maruthi layout in Ward no -111,BBMP,BBMP CV Ramannagar East,Other Works,Awarded,,SHIVALILA( SPOORTHI ENTERPRISES ),906302.66,08-11-2024 14:54:59
111,132640,BBMP/2024-25/OW/WORK_INDENT4768,Construction o RCC drain at 1st Cross and 1st B cross in Kaggadasapura in Ward no -111,BBMP,BBMP CV Ramannagar East,Other Works,Awarded,,,,08-11-2024 14:26:34
111,132610,BBMP/2024-25/OW/WORK_INDENT4756,Construction of RCC drain at Nagara Katte (Aswhath Katte) towards Balaji layout in Ward no -111,BBMP,BBMP CV Ramannagar East,Other Works,Awarded,,,,08-11-2024 14:17:49
111,75721,BBMP/2023-24/OW/WORK_INDENT1140/CALL-2,"Desilting of drain, silt and tractor in ward no -111, Kaggadasapura for the year 2023-24",BBMP,BBMP CV Ramannagar East,Other Works,Awarded,,HALESH R HALLER,58046720.50,29-02-2024 16:40:52
111,75698,BBMP/2023-24/OW/WORK_INDENT1133/CALL-2,"Maintenance of Road, drains and footpath work in ward no - 111, Kaggadasapura for the year 2023-24",BBMP,BBMP CV Ramannagar East,Other Works,Awarded,,,,29-02-2024 16:40:23
112,149728,BBMP/2024-25/OW/WORK_INDENT3290/CALL-2,"Providing asphalting, drains and other allied improvements works in Ward No -112, New Thippasandra",BBMP,BBMP CV Ramannagar East,Other Works,Awarded,,R KUMARASWAMY,6349171.67,10-01-2025 15:41:51
112,147253,BBMP/2024-25/OW/WORK_INDENT4795/CALL-2,Improvements to road and drains in gundappa layout in Ward no -112 New Thippasnadra,BBMP,BBMP CV Ramannagar East,Other Works,Awarded,,Mallikarjun Sheelin,765228.94,01-01-2025 11:17:02
112,147178,BBMP/2024-25/OW/WORK_INDENT4796/CALL-2,Improvements to roads and drains in Byrasandra surroundings in Ward no -112 New Thippasnadra,BBMP,BBMP CV Ramannagar East,Other Works,Awarded,,,,31-12-2024 17:17:19
112,133234,BBMP/2024-25/OW/WORK_INDENT4827,Repairs and Maintenance of Footpath in Ward No -112 New Thippasnadra for the year 2024-25,BBMP,BBMP CV Ramannagar East,Other Works,Awarded,,,,08-11-2024 14:47:20
112,133201,BBMP/2024-25/OW/WORK_INDENT4797,Improvements to roads and drains in new Thippasandra surroundings in Ward no -112 New Thippasnadra,BBMP,BBMP CV Ramannagar East,Other Works,Awarded,,RAMESH M N (2)( M N RAMESH ENGINEERS AND CONTRACTOR ),21501536.25,07-11-2024 19:47:02
112,132706,BBMP/2024-25/OW/WORK_INDENT4800,"Improvements to roads, drains and culvets at Venkateshwara colony surroundings in Ward no -112, New Thippasandra",BBMP,BBMP CV Ramannagar East,Other Works,Awarded,,,,06-11-2024 19:04:08
112,132703,BBMP/2024-25/OW/WORK_INDENT4799,Improvements to roads and drains in Geethanjali layout surroundings in Ward no -112 New Thippasnadra,BBMP,BBMP CV Ramannagar East,Other Works,Awarded,,NAYAKA THIMMAPPA SRINIVAS (1),4364117.27,06-11-2024 18:52:55
112,132695,BBMP/2024-25/OW/WORK_INDENT4757,Improvements to roads and drains at LIC colony surroundings in Ward no -112 New Thippasnadra,BBMP,BBMP CV Ramannagar East,Other Works,Awarded,,,,06-11-2024 18:36:55
112,75733,BBMP/2023-24/OW/WORK_INDENT1143/CALL-2,"Desilting of drain, silt and tractor in ward no -112, New Thippasandra for the year 2023-24",BBMP,BBMP CV Ramannagar East,Other Works,Awarded,,Kudulur Prasad Dineshkumar( SRI CHOWDESHWARI CONCRETE INDIA PRIVATE LIMITED ),93676348.92,29-02-2024 16:41:18
112,52013,BBMP/2023-24/OW/WORK_INDENT1134,"Maintenance of Road, drains and footpath work in ward no -112 New Thippasandra for the year 2023-24",BBMP,BBMP CV Ramannagar East,Other Works,Awarded,,DAYANANDA M R,101442.84,19-01-2024 12:17:17
113,149734,BBMP/2024-25/OW/WORK_INDENT3291/CALL-2,"Providing asphalting, drains and other allied improvements works in Ward No -113, Hoysalanagara",BBMP,BBMP CV Ramannagar East,Other Works,Awarded,,B Krishna,6879946.40,10-01-2025 15:41:10
113,147306,BBMP/2024-25/OW/WORK_INDENT4763/CALL-2,Repairs and Maintenance of Footpath in Ward No -113 Hoysalanagara for the year 2024-25,BBMP,BBMP CV Ramannagar East,Other Works,Awarded,,SUGAPPA S BELAGERI,522726.22,02-01-2025 12:08:27
113,146025,BBMP/2024-25/OW/WORK_INDENT6071,"Improvements to Road and drain at Lakshmipuram and Surrounding area in Ward No -113,",BBMP,BBMP CV Ramannagar East,Other Works,Awarded,,MOHAMMED JAVEED( MD JAVEED ),3333004.38,24-12-2024 13:17:25
113,144236,BBMP/2024-25/OW/WORK_INDENT5953,"Improvements to Roads and Drain at Murphy Town ,jayarajnagara and Surrounding area in Ward no.113",BBMP,BBMP CV Ramannagar East,Other Works,Awarded,,,,19-12-2024 12:37:34
113,133168,BBMP/2024-25/OW/WORK_INDENT4805,Improvements to roads and drains at Binnamangala and surrounding in Ward no -113 Hoysalanagara,BBMP,BBMP CV Ramannagar East,Other Works,Awarded,,ANAND GADAKAR( DANESHWARI ENTERPRISES............................... ),249872.00,07-11-2024 17:44:59
113,133161,BBMP/2024-25/OW/WORK_INDENT4806,Improvements to roads and drains at Defence colony and surroundings in Ward no -113 Hoysalanagara,BBMP,BBMP CV Ramannagar East,Other Works,Awarded,,Mohammed Irfan Bilgi( BILGI CONSTRUCTION ),1013693.48,07-11-2024 17:30:13
113,132915,BBMP/2024-25/OW/WORK_INDENT4804,Improvements to roads and drains at H colony and surroundings in Ward no -113 Hoysalanagara,BBMP,BBMP CV Ramannagar East,Other Works,Awarded,,VIJETH S N,1231796.16,07-11-2024 14:06:40
113,132855,BBMP/2024-25/OW/WORK_INDENT4801,Improvements to drains and culverts at Deffence colony and surroundings in ward no -113,BBMP,BBMP CV Ramannagar East,Other Works,Awarded,,SHASHIKANT KABADE,453680.00,07-11-2024 14:04:26
113,132877,BBMP/2024-25/OW/WORK_INDENT4802,Improvements footpath in 3rd cross in Defence colony in Ward no -113 Hoysalanagara,BBMP,BBMP CV Ramannagar East,Other Works,Awarded,,VENKATAPPA( SRI VENKATESHWARA ENGINEERING WORK ),9235445.79,07-11-2024 13:47:26
113,132903,BBMP/2024-25/OW/WORK_INDENT5075,Improvements to roads and drains at Jairaj nagar and surrounding area in ward no 113 Hoysala nagara,BBMP,BBMP CV Ramannagar East,Other Works,Awarded,,,,07-11-2024 13:45:37
113,132802,BBMP/2024-25/OW/WORK_INDENT4770,Improvements to roads and drains at Lakshmipura and surroundings in Ward no -113 Hoysalanagara,BBMP,BBMP CV Ramannagar East,Other Works,Awarded,,JAGANU P JADHAV,1100303.15,07-11-2024 12:02:27
113,84872,BBMP/2023-24/OW/WORK_INDENT1760/CALL-2,Providing CC roads to road cut portion in Lakshmipura cross roads in ward no 113 Hoysalanagar,BBMP,BBMP CV Ramannagar East,Other Works,Awarded,,Murali Mohan M,2695905.75,29-05-2024 14:16:34
113,62481,BBMP/2023-24/OW/WORK_INDENT1763,Providing CC Roads to Lakshmipura Hindu Grave Yard in ward no 113 Hoysala nagara,BBMP,BBMP CV Ramannagar East,Other Works,Awarded,,,,08-02-2024 15:40:03
113,62451,BBMP/2023-24/OW/WORK_INDENT1761,Maintenance of culverts and drains at Jayraj nagar cross roads in ward no 113 Hoysalanagar,BBMP,BBMP CV Ramannagar East,Other Works,Awarded,,KUMAR RAVICHANDRA( SLR  ELECTRICALS ),534242.65,08-02-2024 15:34:04
113,62428,BBMP/2023-24/OW/WORK_INDENT1758,Maintenance of road side drains jayraj nagar Main road and surrounding area in ward no. 113 Hoysalanagar,BBMP,BBMP CV Ramannagar East,Other Works,Awarded,,,,08-02-2024 15:31:09
113,62411,BBMP/2023-24/OW/WORK_INDENT1756,"Providing LED Street Lights and Improvements to footpath to 12th, 11th cross indiranagar and surrounding area in ward no 113 Hoysala nagara",BBMP,BBMP CV Ramannagar East,Other Works,Awarded,,K L SURESH( CHANDANA ELECTRICALS ),2814930.00,08-02-2024 15:29:37
113,62667,BBMP/2023-24/OW/WORK_INDENT1987,Maintenance of drains at 2nd and 5th cross indiranagara 1st Stage in ward no. 113 Hoysalanagar,BBMP,BBMP CV Ramannagar East,Other Works,Awarded,,,,08-02-2024 11:42:11
113,54339,BBMP/2023-24/OW/WORK_INDENT1136,"Maintenance of Road, drains and footpath work in ward no -113, Hoysalanagara for the year 2023-24",BBMP,BBMP CV Ramannagar East,Other Works,Awarded,,M SHIVA KUMAR,2372473.36,19-01-2024 12:14:34
113,54487,BBMP/2023-24/OW/WORK_INDENT1144,"Desilting of drain, silt and tractor in ward no -113, Hoysalanagara for the year 2023-24",BBMP,BBMP CV Ramannagar East,Other Works,Awarded,,MAHADEVAIAH MADAIAH( M MAHADEVAIAH ),494300.47,19-01-2024 12:11:55
114,149736,BBMP/2024-25/OW/WORK_INDENT3323/CALL-2,"Providing asphalting, drains and other allied improvements works in Ward No -114, Jeevanbhimanagara",BBMP,BBMP CV Ramannagar East,Other Works,Awarded,,RUDRAYYA GURUPADAYYA BELURMATH( R G CONSTRUCTIONS ),16932999.82,10-01-2025 15:40:34
114,147294,BBMP/2024-25/OW/WORK_INDENT4808/CALL-2,Reconstruction of culverts at Anandapura and surrounding area in Ward no -114 Jeevanbhimangara,BBMP,BBMP CV Ramannagar East,Other Works,Awarded,,CHANDRIKA SANTOSH BHOVI,144700.00,01-01-2025 12:23:27
114,147278,BBMP/2024-25/OW/WORK_INDENT4807/CALL-2,Construction of culverts in Ward no -114 Jeevanbhimangara,BBMP,BBMP CV Ramannagar East,Other Works,Awarded,,,,01-01-2025 12:01:37
114,147272,BBMP/2024-25/OW/WORK_INDENT4758/CALL-2,Improvements to CC road near Kateramma temple and surrounding area in Ward no -114 Jeevanbhimangara,BBMP,BBMP CV Ramannagar East,Other Works,Awarded,,SHEENAPPA MOOLYA GURURAJ( GURU DEEPA ELECTRICALS ),2655377.16,01-01-2025 11:53:48
114,147251,BBMP/2024-25/OW/WORK_INDENT4809/CALL-2,Improvements to roads and drains in Kodihalli and surrounding area in Ward no -114 Jeevanbhimangara,BBMP,BBMP CV Ramannagar East,Other Works,Awarded,,,,01-01-2025 11:06:30
114,144210,BBMP/2024-25/OW/WORK_INDENT5944,Improvements to Roads and Drain at Sudmnagari and Surrounding area in Ward no.114,BBMP,BBMP CV Ramannagar East,Other Works,Awarded,,,,19-12-2024 12:38:53
114,133233,BBMP/2024-25/OW/WORK_INDENT4828,Repairs and Maintenance of Footpath in Ward No -114 Jeevanbhimanagara for the year 2024-25,BBMP,BBMP CV Ramannagar East,Other Works,Awarded,,,,08-11-2024 14:47:50
114,133346,BBMP/2024-25/OW/WORK_INDENT3184/CALL-2,"Maintenance of road side drains at 1st main and 2nd main Babasaheb colony in Ward no -114, Jeevanbhimanagara",BBMP,BBMP CV Ramannagar East,Other Works,Awarded,,,,08-11-2024 12:21:25
114,133189,BBMP/2024-25/OW/WORK_INDENT4771,Improvements to roads and drains at Sudamanagari and surrounding area in Ward no -114 Jeevanbhimangara,BBMP,BBMP CV Ramannagar East,Other Works,Awarded,,,,07-11-2024 18:50:53
114,133183,BBMP/2024-25/OW/WORK_INDENT4759,Improvements to roads and drains at Anadapura and surrounding area in Ward no -114 Jeevanbhimangara,BBMP,BBMP CV Ramannagar East,Other Works,Awarded,,VENKATAPPA( SRI VENKATESHWARA ENGINEERING WORK ),10265777.77,07-11-2024 18:30:43
114,75743,BBMP/2023-24/OW/WORK_INDENT1145/CALL-2,"Desilting of drain, silt and tractor in ward no -114, Jeevanbhimanagara for the year 2023-24",BBMP,BBMP CV Ramannagar East,Other Works,Awarded,,NARAYAN JAYA( SAI ELECTRIC COM ),1447978.34,29-02-2024 16:38:27
114,62500,BBMP/2023-24/OW/WORK_INDENT1765,Providing LED Street lights and maintenance of roads in sudhamnagar cross roads in ward no 114 Jeevanbhima nagar,BBMP,BBMP CV Ramannagar East,Other Works,Awarded,,VISHWANATH KANTEPPA BIRADAR,423280.46,08-02-2024 15:36:31
114,62754,BBMP/2023-24/OW/WORK_INDENT1766,Providing CC roads to cross roads in sudham nagar in ward no 114 Jeevanbhima nagar,BBMP,BBMP CV Ramannagar East,Other Works,Awarded,,,,08-02-2024 15:27:53
114,62689,BBMP/2023-24/OW/WORK_INDENT1989,Improvements to road side drains in 5th main sudham nagar in ward no 114 Jeevanbhima nagar,BBMP,BBMP CV Ramannagar East,Other Works,Awarded,,V VENKATESHA,1181990.25,08-02-2024 11:34:03
114,54353,BBMP/2023-24/OW/WORK_INDENT1137,"Maintenance of Road, drains and footpath work in ward no -114, Jeevabbimanagara for the year 2023-24",BBMP,BBMP CV Ramannagar East,Other Works,Awarded,,,,19-01-2024 12:15:12
115,149737,BBMP/2024-25/OW/WORK_INDENT3293/CALL-2,"Providing asphalting, drains and other allied improvements works in Ward No -115, Konena Agrahara",BBMP,BBMP CV Ramannagar East,Other Works,Awarded,,FAYAZAHMED KALABURGI( ROYAL ELECTRICALS ),326468.00,10-01-2025 15:40:00
115,147156,BBMP/2024-25/OW/WORK_INDENT4817/CALL-2,"Improvements to roads and drains in Cauvery nagara and surrounding in Ward No- 115, konena Agrahara",BBMP,BBMP CV Ramannagar East,Other Works,Awarded,,,,31-12-2024 16:57:32
115,147164,BBMP/2024-25/OW/WORK_INDENT4816/CALL-2,"Improvements to roads and drain in Manjunath Layout and surrounding area in Ward No- 115, konena Agrahara",BBMP,BBMP CV Ramannagar East,Other Works,Awarded,,RAJESH SHETTY,807964.50,31-12-2024 16:54:57
115,133236,BBMP/2024-25/OW/WORK_INDENT4764,"Repairs and Maintenance of Footpath in Ward No -115, Konena Agrahara for the year 2024-25",BBMP,BBMP CV Ramannagar East,Other Works,Awarded,,NAGARAJ PUNITH( NANDHA CONSTRUCTIONS ),14121518.88,08-11-2024 14:59:58
115,132996,BBMP/2024-25/OW/WORK_INDENT4812,"Construction of CC drain near Cholate factory road in Ward No- 115, Konena Agrahara",BBMP,BBMP CV Ramannagar East,Other Works,Awarded,,SACHIN KOKKALAKI,795223.00,07-11-2024 16:18:34
115,132983,BBMP/2024-25/OW/WORK_INDENT4813,"Construction of Culverts in BDA Layout and surrounding area in Ward No- 115, Konena Agrahara",BBMP,BBMP CV Ramannagar East,Other Works,Awarded,,KRISHNAGOWDA NINGANAGOWDA PATIL,793565.50,07-11-2024 15:42:46
115,132970,BBMP/2024-25/OW/WORK_INDENT4814,"Improvements to CC roads near Golf road and surrounding area in Ward No- 115, Konena Agrahara",BBMP,BBMP CV Ramannagar East,Other Works,Awarded,,,,07-11-2024 15:42:20
115,132959,BBMP/2024-25/OW/WORK_INDENT4815,"Reconstruction of Culverts and improvements to roads and drains at Murugeshplaya and surrounding area in Ward No- 115, konena Agrahara",BBMP,BBMP CV Ramannagar East,Other Works,Awarded,,,,07-11-2024 15:19:45
115,132793,BBMP/2024-25/OW/WORK_INDENT4760,"Construction of Culvets and drain in Ward No- 115, konena Agrahara",BBMP,BBMP CV Ramannagar East,Other Works,Awarded,,S R YOGANANDA,4896597.17,07-11-2024 11:50:40
115,84853,BBMP/2023-24/OW/WORK_INDENT2009/CALL-2,Providing CC Roads to 5th cross Sudham nagar and cross road in ward no 115 Konena Agrahara,BBMP,BBMP CV Ramannagar East,Other Works,Awarded,,,,24-05-2024 12:05:39
115,81161,BBMP/2023-24/OW/WORK_INDENT3075,"Providing cement concrete road and other improvements works in Sudhamanagari in Ward no -115, Konena Agrahara (Block no 66, 68 and 71)",BBMP,BBMP CV Ramannagar East,Other Works,Awarded,,,,12-03-2024 15:04:07
115,75761,BBMP/2023-24/OW/WORK_INDENT1138/CALL-2,"Maintenance of Road, drains and footpath work in ward no -115 Konena Agrahara for the year 2023-24",BBMP,BBMP CV Ramannagar East,Other Works,Awarded,,,,29-02-2024 16:39:23
115,63205,BBMP/2023-24/OW/WORK_INDENT2089,Maintenance of road side drains at 1st main sri Ram nagari and providing LED Street lights in ward no 115 Konena Agrahara,BBMP,BBMP CV Ramannagar East,Other Works,Awarded,,,,09-02-2024 13:08:22
115,62822,BBMP/2023-24/OW/WORK_INDENT1767,Maintenance of roads and Providing LED street lights at anandapura cross roads in ward no 115 Konena agrahara,BBMP,BBMP CV Ramannagar East,Other Works,Awarded,,,,08-02-2024 15:24:01
115,62823,BBMP/2023-24/OW/WORK_INDENT1770,Providing CC roads and LED Street lights to anandpura cross road in ward no 115 Konena Agrahara,BBMP,BBMP CV Ramannagar East,Other Works,Awarded,,,,08-02-2024 15:22:29
115,62824,BBMP/2023-24/OW/WORK_INDENT1768,Maintenance of road side drains at 2nd main sri Ram nagari and providing LED Street lights in ward no 115 Konena Agrahara,BBMP,BBMP CV Ramannagar East,Other Works,Awarded,,,,08-02-2024 15:20:21
115,62826,BBMP/2023-24/OW/WORK_INDENT1769,Providing CC Roads and LED Lights to 4th cross sudham nagar and surrounding area in ward no 115 Konena Agrahara,BBMP,BBMP CV Ramannagar East,Other Works,Awarded,,,,08-02-2024 15:14:57
115,54528,BBMP/2023-24/OW/WORK_INDENT1146,"Desilting of drain, silt and tractor in ward no -115, Konena Agrahara for the year 2023-24",BBMP,BBMP CV Ramannagar East,Other Works,Awarded,,,,19-01-2024 12:11:27
116,222715,BBMP/2025-26/OW/WORK_INDENT9079,Improvement to CC road and drain works at Muddamma garden and surrounding area in ward No116 Ramaswamypalya,BBMP,BBMP Shivajinagar East,Other Works,Awarded,,,,02-09-2025 17:47:42
116,202915,BBMP/2025-26/OW/WORK_INDENT7931,Providing Cement Concrete road to R.K. Block main road at Block 36 in Ward No 116 Ramaswamy Palya,BBMP,BBMP Shivajinagar East,Other Works,Awarded,,,,03-07-2025 16:16:48
116,158604,BBMP/2024-25/BD/WORK_INDENT6507,"Estimate for face lifting, Repairs, up-gradation and other necessary works to Neelasandra Primary school at Neelasandra Main road in ward no.116",BBMP,BBMP Project East,Buildings,Awarded,,,,12-02-2025 16:37:50
116,155236,BBMP/2024-25/OW/WORK_INDENT6413,"Improvements of Roads and Drains at MM road, Chinnappa Garden and surrounding area in ward No.116 Ramaswamy playa",BBMP,BBMP Shivajinagar East,Other Works,Awarded,,SHAMSHEER ALI,512251.71,03-02-2025 14:55:43
116,155118,BBMP/2024-25/OW/WORK_INDENT6401,"Improvement of roads and drains at Ramakka block, Krishnamma Block and surrounding area in Ward No 116 Ramaswamypalya",BBMP,BBMP Shivajinagar East,Other Works,Awarded,,HULIGESH,55271.16,03-02-2025 14:47:03
116,155100,BBMP/2024-25/OW/WORK_INDENT6400,"Improvements of Roads and Drains at Kempaiah block, MV block and surrounding area in ward No.116 Ramaswamy playa",BBMP,BBMP Shivajinagar East,Other Works,Awarded,,NIKHIL BAJANTRI,348247.54,03-02-2025 14:46:05
116,155086,BBMP/2024-25/OW/WORK_INDENT6399,Repairs and Maintenance of footpath in Ward No. 116 Ramaswamy Palya for the Year 2024-25,BBMP,BBMP Shivajinagar East,Other Works,Awarded,,RAGHU( RAGHU ),4738055.33,03-02-2025 14:44:17
116,102253,BBMP/2024-25/BD/WORK_INDENT3474,"Improvements to Compound wall and Grave yard at Nandidurga Road in Ward No 116 Ramaswamy Palya, Improvements of Roads and drains at Abshat Layout in Ward No 117 Vasanth Nagar and Improvements to BBMP School at Thimmaiah Road and Narayanapillai Street Junction in Ward No 120 (Package No 05)",BBMP,BBMP Shivajinagar East,Buildings,Awarded,,,,26-07-2024 19:33:30
116,81741,BBMP/2023-24/OW/WORK_INDENT2242/CALL-2,"Construction of RCC drain, culvert, CC road & providing solar street light to Gangabhavani road Block No.46 In ward no.116 Ramaswamypalya under SCP & TSP grant",BBMP,BBMP Shivajinagar East,Other Works,Awarded,1194751.19,L BHASKAR( BHASKAR L ),19812056.27,13-03-2024 14:19:19
116,81747,BBMP/2023-24/OW/WORK_INDENT2243/CALL-2,"Construction of RCC drain, culvert, CC road & providing solar street light to Gangabhavani road Block No.48 In ward no.116 Ramaswamypalya under SCP & TSP grant",BBMP,BBMP Shivajinagar East,Other Works,Awarded,1198361.25,SHARUKAHAMAD GOUSUSAB DOTYAL,1176020.59,13-03-2024 14:18:55
116,81749,BBMP/2023-24/OW/WORK_INDENT2244/CALL-2,"Construction of RCC drain, culvert, CC road & providing solar street light to Gangabhavani road Block No.49 In ward no.116 Ramaswamypalya under SCP & TSP grant",BBMP,BBMP Shivajinagar East,Other Works,Awarded,1194864.81,SHASHIKANT KUBARADDI( SHASHIKANT KUBARADDI CONTRACTOR ),713727.97,13-03-2024 14:18:28
116,65098,BBMP/2023-24/OW/WORK_INDENT2236,Construction of CC road & providing solar street light to MRS palya Block No.52 In ward no.116 Ramaswamypalya under SCP & TSP grant,BBMP,BBMP Shivajinagar East,Other Works,Awarded,799179.94,NATARAJ T,1256999.97,13-03-2024 14:15:29
117,253226,BBMP/2025-26/OW/WORK_INDENT9084/CALL-2,Asphalting to Kumara kurpa cross roads opposite Golf line in ward No.117 Vasanthnagar,BBMP,BBMP Shivajinagar East,Other Works,Awarded,,,,30-12-2025 13:14:51
117,222751,BBMP/2025-26/OW/WORK_INDENT9082,Construction of drains and Culverts in Chakravarthi layout in ward No.117 Vasanthnagar,BBMP,BBMP Shivajinagar East,Other Works,Awarded,,DEEPAK GOWRIPURA HANUMANTHAIAH,437444.84,02-09-2025 17:46:19
117,220760,BBMP/2025-26/OW/WORK_INDENT9073,"Re-surfacing of Chakravarthy Layout, Abshot Layout, Crescent Cross Road, Gandhi Bhavan Road, Kumara Krupa Guest House Road, Palace Cross Road, service Road and Yamunabhai Road, Madhava Nagar and surrounding area Asphalt Roads Ward No 117 Vasanth Nagar",BBMP,BBMP Shivajinagar East,Other Works,Awarded,,MANJUNATH MUKUND NAIK,1741500.00,30-08-2025 13:11:58
117,220774,BBMP/2025-26/OW/WORK_INDENT9074,"Re-surfacing of 2nd Main Millers Road, 1st Cross Nandidurga Road GC colony, 8th Cross, Shivaji Nagar Curve Road in Jayamahal in Ward No 117",BBMP,BBMP Shivajinagar East,Other Works,Awarded,,YASHAWANTH K R,1986758.63,30-08-2025 13:11:06
117,173553,BBMP/2024-25/OW/WORK_INDENT7017,Providing interlocking Cobble Stones for state headquarters of Bharath Scouts and Guides ground Palace Road Phase II in Ward No 117 Vasanth Nagar,BBMP,BBMP Shivajinagar East,Other Works,Awarded,,,,26-03-2025 10:40:38
117,155137,BBMP/2024-25/OW/WORK_INDENT6404,Improvements of Roads and Drains at Srikantan Layout and Surrounding area in Ward No.117 Vasanthnangar,BBMP,BBMP Shivajinagar East,Other Works,Awarded,,SANGMESHA GOUDA,7933436.72,03-02-2025 14:49:04
117,155122,BBMP/2024-25/OW/WORK_INDENT6402,Repairs and Maintenance of footpath in Ward No. 117 Vasanth nagar for the Year 2024-25,BBMP,BBMP Shivajinagar East,Other Works,Awarded,,SIDLING BURAN BASTWADE,349226.05,03-02-2025 14:47:40
117,154531,BBMP/2024-25/OW/WORK_INDENT6383,Improvement of roads and drains at Bensontown in Ward No 117 Vasanth Nagar,BBMP,BBMP Shivajinagar East,Other Works,Awarded,1694731.8,MOTILAL LALU CHAVAN,26666674.84,31-01-2025 12:14:09
117,154538,BBMP/2024-25/OW/WORK_INDENT6384,Construction of footpath and drain at Chakravarthy Layout Cross Roads in Ward No117 Vasanth Nagar,BBMP,BBMP Shivajinagar East,Other Works,Awarded,846560.92,T YOGIRAJ( SRI LAKSHMI VENKATESHWARA BOREWELLS ),307570.00,31-01-2025 12:13:40
117,102142,BBMP/2024-25/BD/WORK_INDENT3471,Repairs to existing ground floor and construction of 1st floor of Maternity Hospital (Poor House Hospital) with furniture and equipment at Thimmaiah road in Ward No 120 Bharathi Nagar and Repairs to BBMP Building and Improvements of Premises at Thimmaiah Road in Ward No 117 Vasanth Nagar Package No 01,BBMP,BBMP Shivajinagar East,Buildings,Awarded,,NAVANEETH C MOULY,47515640.41,26-07-2024 19:43:19
117,102253,BBMP/2024-25/BD/WORK_INDENT3474,"Improvements to Compound wall and Grave yard at Nandidurga Road in Ward No 116 Ramaswamy Palya, Improvements of Roads and drains at Abshat Layout in Ward No 117 Vasanth Nagar and Improvements to BBMP School at Thimmaiah Road and Narayanapillai Street Junction in Ward No 120 (Package No 05)",BBMP,BBMP Shivajinagar East,Buildings,Awarded,,,,26-07-2024 19:33:30
118,223006,BBMP/2025-26/OW/WORK_INDENT9111,Improvement to drain works at Cubbbanpet cross 6th 9th & 10 cross and surrounding area in ward No.118 Samapaniramangar,BBMP,BBMP Shivajinagar East,Other Works,Awarded,,B N KRISHNARAJ,1771044.52,02-09-2025 19:07:26
118,220777,BBMP/2025-26/OW/WORK_INDENT9075,Improvement of footpath at Selected reaches and micro surfacing to 1st Main road S R Nagar From Raja Ram Mohan Roy road to Mission road in Ward No 118 Sampangirama Nagar,BBMP,BBMP Shivajinagar East,Other Works,Awarded,,PRADEEP T D,1954230.90,30-08-2025 12:48:31
118,155160,BBMP/2024-25/OW/WORK_INDENT6406,Improvements of Roads and Drains at 16th and18th cross and surrounding area in Ward No.118 Sampangiramanagar,BBMP,BBMP Shivajinagar East,Other Works,Awarded,,KOUSHAL S,2955774.31,03-02-2025 14:50:33
118,155153,BBMP/2024-25/OW/WORK_INDENT6405,Repairs and Maintenance of footpath in Ward No. 118 Sampangirama Nagar for the Year 2024-25,BBMP,BBMP Shivajinagar East,Other Works,Awarded,,RAJASHEKHAR TAMMANNA BHARAMOJI,20670456.25,03-02-2025 14:49:41
118,102204,BBMP/2024-25/BD/WORK_INDENT3473,"Providing lift, Roof truss and kitchen utensils furniture and interior works at Sports Center and Community Hall at Ward No 120 Bharathi Nagar, Construction of Building for Bangalore-1 at Shivaji Road in Ward No 120 Bharathi Nagar and Improvements and development of Papaiah Garden Park and its surroundings in Ward No 118 Sampangirama Nagara package No 03",BBMP,BBMP Shivajinagar East,Buildings,Awarded,,,,26-07-2024 19:41:18
118,10466,BBMP/2023-24/OW/WORK_INDENT160,"Maintenance of roads, drains and footpath work in Ward No 118 Sudhamanagara, Kempegowdanagara Sub division for the year 2023-24",BBMP,BBMP Chikpeth South,Other Works,Awarded,,MANJUNATHA D,4711460.09,21-08-2023 18:30:48
119,174898,BBMP/2024-25/OW/WORK_INDENT7090,Improvements of Roads and Drains at Nehrupuram and Cross Roads in Ward No 119 Shivajinagar,BBMP,BBMP Shivajinagar East,Other Works,Awarded,,K B Shivaswamy,12966384.38,01-04-2025 12:43:47
119,154712,BBMP/2024-25/OW/WORK_INDENT6398,Construction of concrete road and drain at Cross Roads at Broadway road in Ward No 119 Shivaji Nagar,BBMP,BBMP Shivajinagar East,Other Works,Awarded,1693590.89,SIDDAPPA A,866281.83,31-01-2025 12:07:55
119,18416,BBMP/2023-24/OW/WORK_INDENT166/CALL-2,"Maintenance of roads, drains and footpath work in Ward No 119 Dharmarayaswamy Temple ward, Kempegowdanagara Sub division for the year 2023-24",BBMP,BBMP Chikpeth South,Other Works,Awarded,,MANJUNATH DASI NAIK,4741278.55,16-09-2023 16:20:24
120,155325,BBMP/2024-25/OW/WORK_INDENT6419,Improvements of Roads and Drains at Kamaraja road Crossess in Ward No120 Bharathinagar,BBMP,BBMP Shivajinagar East,Other Works,Awarded,,PRAKASHA T,802288.12,03-02-2025 14:59:22
120,154693,BBMP/2024-25/OW/WORK_INDENT6395,Beautification of Main Junctions and footpaths in Ward No 120 Bharathi Nagar,BBMP,BBMP Shivajinagar East,Other Works,Awarded,1266148.27,DEVARAJA L C,8381446.17,31-01-2025 12:09:53
120,102142,BBMP/2024-25/BD/WORK_INDENT3471,Repairs to existing ground floor and construction of 1st floor of Maternity Hospital (Poor House Hospital) with furniture and equipment at Thimmaiah road in Ward No 120 Bharathi Nagar and Repairs to BBMP Building and Improvements of Premises at Thimmaiah Road in Ward No 117 Vasanth Nagar Package No 01,BBMP,BBMP Shivajinagar East,Buildings,Awarded,,NAVANEETH C MOULY,47515640.41,26-07-2024 19:43:19
120,102204,BBMP/2024-25/BD/WORK_INDENT3473,"Providing lift, Roof truss and kitchen utensils furniture and interior works at Sports Center and Community Hall at Ward No 120 Bharathi Nagar, Construction of Building for Bangalore-1 at Shivaji Road in Ward No 120 Bharathi Nagar and Improvements and development of Papaiah Garden Park and its surroundings in Ward No 118 Sampangirama Nagara package No 03",BBMP,BBMP Shivajinagar East,Buildings,Awarded,,,,26-07-2024 19:41:18
120,102253,BBMP/2024-25/BD/WORK_INDENT3474,"Improvements to Compound wall and Grave yard at Nandidurga Road in Ward No 116 Ramaswamy Palya, Improvements of Roads and drains at Abshat Layout in Ward No 117 Vasanth Nagar and Improvements to BBMP School at Thimmaiah Road and Narayanapillai Street Junction in Ward No 120 (Package No 05)",BBMP,BBMP Shivajinagar East,Buildings,Awarded,,,,26-07-2024 19:33:30
121,155255,BBMP/2024-25/OW/WORK_INDENT6416,Improvements of Roads and Drains at Subbaiah Reddy Road and Cross Roads in Ward No121 Halasuru,BBMP,BBMP Shivajinagar East,Other Works,Awarded,,,,03-02-2025 14:57:35
121,155226,BBMP/2024-25/OW/WORK_INDENT6411,Improvements of Roads and Drains at Halasuru Road Crossess in Ward No121 Halasuru,BBMP,BBMP Shivajinagar East,Other Works,Awarded,,PAVAN KUMAR.K (1),131780.71,03-02-2025 14:53:50
121,155220,BBMP/2024-25/OW/WORK_INDENT6410,Repairs and Maintenance of footpath in Ward No. 121 Halasuru for the Year 2024-25,BBMP,BBMP Shivajinagar East,Other Works,Awarded,,,,03-02-2025 14:52:55
121,154702,BBMP/2024-25/OW/WORK_INDENT6396,Improvements of Roads and Drains at Meanee Avenue Road Crossess in Ward No121 Halasuru,BBMP,BBMP Shivajinagar East,Other Works,Awarded,1693590.89,DYAVAPPA BASHETTAHALLI KYAKAPPA,2495815.94,31-01-2025 12:09:13
121,102584,BBMP/2024-25/OW/WORK_INDENT3479,Comprehensive development of Bazar Street Cross Road in Ward No 121 Ulsoor and Comprehensive development of Ulsoor Market area in Ward No 121 Ulsoor (Package No 04),BBMP,BBMP Shivajinagar East,Other Works,Awarded,,,,30-07-2024 11:11:12
122,64567,BBMP/2023-24/OW/WORK_INDENT2226,"Providing CC roads Asphalting improvements to Drains and Other Allied Works in Vivekannanda block,M D Block Anjayaneyya Block of Block no Block No-55,56,5,17,16 Ward no-122 Dattatreya Temple Ward",BBMP,BBMP Gandhinagar West,Other Works,Awarded,,,,13-02-2024 17:42:12
124,64797,BBMP/2023-24/OW/WORK_INDENT2229,"Construction of Retaining Wall, Public Toilets and Improvements to drain In Ward 124 Subhashnagar",BBMP,BBMP Gandhinagar West,Other Works,Awarded,,,,17-02-2024 17:37:03
126,67212,BBMP/2023-24/OW/WORK_INDENT2502,Construction of drain and footpath at Chinnappa Garden Link Road (South Side) and surrounding area in Ward No 126 Ramaswamy Palya,BBMP,BBMP Shivajinagar East,Other Works,Awarded,,MOHAN N( KEERTHANA CONSTRUCTIONS ),4800000.00,17-02-2024 15:48:53
126,67174,BBMP/2023-24/OW/WORK_INDENT2501,Construction of drain and footpath at Chinnappa Garden Link Road (North Side) and surrounding area in Ward No 126 Ramaswamy Palya,BBMP,BBMP Shivajinagar East,Other Works,Awarded,,,,17-02-2024 15:34:19
127,151463,BBMP/2024-25/EL/WORK_INDENT6233,Repairs to Electrical installations to Magadi road Junior college at Ward no 127,BBMP,BBMP Electrical West,Electrical,Awarded,338895.0,,,18-01-2025 12:30:50
127,67241,BBMP/2023-24/OW/WORK_INDENT2505,"Construction of drain and footpath at Binny Cresent cross road, link road Benson town and surrounding area in Ward No 127 Jayamahal",BBMP,BBMP Shivajinagar East,Other Works,Awarded,,A H ABDUL KHADER( T R INFRA PROJECT ),5755721.59,17-02-2024 15:48:00
127,67240,BBMP/2023-24/OW/WORK_INDENT2504,"Construction of drain and footpath at Bore Bank Road, Benson town and surrounding area in Ward No 127 Jayamahal",BBMP,BBMP Shivajinagar East,Other Works,Awarded,,SOWBHAGYA H,290545.00,17-02-2024 15:47:09
129,151361,BBMP/2024-25/OW/WORK_INDENT6245,"Improvement of roads and Footpath in Ramakrishna Sevanagar, Sri Ramapura and Erappa Blocks of Ward Jurisdiction block No 52-59 in Ward no 129 Dayanandanagar",BBMP,BBMP Rajajinagar West,Other Works,Awarded,,UMESHA K,824051.28,18-01-2025 16:55:45
129,146199,BBMP/2024-25/OW/WORK_INDENT6098,"Improvements of Roads, Drains & Construction of Rain Water Harvesting in Ward Jurisdiction in Ward no 129 Dayanandanagar",BBMP,BBMP Rajajinagar West,Other Works,Awarded,,,,26-12-2024 13:37:27
129,146157,BBMP/2024-25/OW/WORK_INDENT6086,Construction of RCC Culverts & other Allied Infrastructure in Ward no 129 Dayanandanagar,BBMP,BBMP Rajajinagar West,Other Works,Awarded,,M PALAKSHAIAH,138840.00,26-12-2024 13:12:21
129,134077,BBMP/2024-25/OW/WORK_INDENT5242,Desilting of Drains in Ward no.129 Dayanandanagar,BBMP,BBMP Rajajinagar West,Other Works,Awarded,,LOKESH C,1587385.56,12-11-2024 12:23:02
129,134035,BBMP/2024-25/OW/WORK_INDENT5230,Maintenance of Footpath work in Ward no.129 Dayanandanagar,BBMP,BBMP Rajajinagar West,Other Works,Awarded,,VIJAY UMAKANT CHAVAN,746971.36,11-11-2024 17:34:31
129,132531,BBMP/2024-25/OW/WORK_INDENT4945,Pothole Filling work in Ward no.129 Dayanandanagar,BBMP,BBMP Rajajinagar West,Other Works,Awarded,,,,06-11-2024 16:54:21
129,115052,BBMP/2024-25/OW/WORK_INDENT3804,"IImprovements of Roads Drainage, footpath & allied basic Infrastructure works in Ramakrishna Sevanagar block No. 52, 53, 54, 55, 56, 57/1, 57/2, 58/2, 59, 64, 65 Sriramapura Block No 18, 19/1, 20, 27, 28, 29 Erappablock no. 1, 2, 3, 4 ward no.129 Dayanandanagar",BBMP,BBMP Rajajinagar West,Other Works,Awarded,,SUDARSHAN BALAKRISHNA PILLAI,13134844.00,28-08-2024 15:42:25
130,146203,BBMP/2024-25/OW/WORK_INDENT6099,"Improvements of Roads, Drains & Construction of Rain Water Harvesting in Ward Jurisdiction in Ward no 130 Sri Ramamandira",BBMP,BBMP Rajajinagar West,Other Works,Awarded,,,,26-12-2024 13:39:48
130,146144,BBMP/2024-25/OW/WORK_INDENT6083,Construction of RCC Culverts & other Allied Infrastructure in Ward no 130 Sri Ramandira,BBMP,BBMP Rajajinagar West,Other Works,Awarded,,A Y PATIL( ANAD ELECTRICALS. ),1987986.00,26-12-2024 13:19:17
130,134090,BBMP/2024-25/OW/WORK_INDENT5243,Desilting of Drains in Ward no.130 Sriramamandira,BBMP,BBMP Rajajinagar West,Other Works,Awarded,,HULUGA NAIK T,675122.48,12-11-2024 12:24:38
130,134040,BBMP/2024-25/OW/WORK_INDENT5231,Maintenance of Footpath work in Ward no.130 Sriramamandira,BBMP,BBMP Rajajinagar West,Other Works,Awarded,,,,11-11-2024 17:33:58
130,132526,BBMP/2024-25/OW/WORK_INDENT4935,Pothole Filling work in Ward no.130 Sriramamandira,BBMP,BBMP Rajajinagar West,Other Works,Awarded,,BOMMAYYA HONNAPPA NAYAK (1),331565.79,06-11-2024 16:54:50
130,122164,BBMP/2023-24/OW/WORK_INDENT3107/CALL-2,"Improvements to Roads and Drains at Chick Bazaar Road and Surroundings area in Ward No.130, Bharthinagar",BBMP,BBMP Shivajinagar East,Other Works,Awarded,4235094.27,SATYANARAYANA GANAMANI( AKHIL INFRA PROJECTS PRIVATE LIMITED ),85770494.82,23-09-2024 15:51:23
130,67242,BBMP/2023-24/OW/WORK_INDENT2506,Improvement to roads and drains at Lubby Masjid Street and surrounding area in Ward No 130 Bharathi Nagar,BBMP,BBMP Shivajinagar East,Other Works,Awarded,,,,20-02-2024 12:13:22
130,67244,BBMP/2023-24/OW/WORK_INDENT2508,Improvements to roads and drains at Nala Road and surrounding area in Ward No 130 Bharathi Nagara,BBMP,BBMP Shivajinagar East,Other Works,Awarded,,B N Poojith,405169.34,17-02-2024 15:50:22
130,67243,BBMP/2023-24/OW/WORK_INDENT2507,Improvements to roads and drains at St. Johns Road Crosses and surrounding area in Ward No 130 Bharathi Nagar,BBMP,BBMP Shivajinagar East,Other Works,Awarded,,,,17-02-2024 15:49:46
131,146205,BBMP/2024-25/OW/WORK_INDENT6100,"Improvements of Roads, Drains & Construction of Rain Water Harvesting in Yeddlur Dinne Ward Jurisdiction in Ward no 131 Shivanagar",BBMP,BBMP Rajajinagar West,Other Works,Awarded,,SIDDANNA SHIVALINGAPPA PATIL (1),215000.00,26-12-2024 13:41:28
131,146131,BBMP/2024-25/OW/WORK_INDENT6080,Construction of RCC Culverts & other Allied Infrastructure in Ward no 131 Shivanagar,BBMP,BBMP Rajajinagar West,Other Works,Awarded,,DHARANENDRA( DHARANENDRA ),6447207.83,26-12-2024 13:13:48
131,134096,BBMP/2024-25/OW/WORK_INDENT5244,Desilting of Drains in Ward no.131 Shivanagar,BBMP,BBMP Rajajinagar West,Other Works,Awarded,,A SHANKAR( SRI VENKATA ENTERPRISES ),8147823.50,12-11-2024 12:27:30
131,134050,BBMP/2024-25/OW/WORK_INDENT5232,Maintenance of Footpath work in Ward no.131 Shivanagar,BBMP,BBMP Rajajinagar West,Other Works,Awarded,,A SHANKAR( SRI VENKATA ENTERPRISES ),1784254.21,11-11-2024 17:29:45
131,132538,BBMP/2024-25/OW/WORK_INDENT4964,Pothole Filling work in Ward no.131 Shivanagar,BBMP,BBMP Rajajinagar West,Other Works,Awarded,,RANGAIAH( RANGAIAH RANGAIAH ),2656259.89,06-11-2024 16:56:08
132,146183,BBMP/2024-25/OW/WORK_INDENT6095,"Improvement of Roads , Drains & Providing Rain water harvesting in ward no. 132 Rajajinagar",BBMP,BBMP Rajajinagar West,Other Works,Awarded,,,,26-12-2024 13:32:43
132,146165,BBMP/2024-25/OW/WORK_INDENT6087,Construction of RCC Culverts & other Allied Infrastructure in ward no. 132 Rajajinagar,BBMP,BBMP Rajajinagar West,Other Works,Awarded,,M D CHANDRASHEKAR( M D CHANDRASHEKAR ),20833657.10,26-12-2024 13:07:41
132,134105,BBMP/2024-25/OW/WORK_INDENT5245,Desilting of Drains in Ward no.132 Rajajinagar,BBMP,BBMP Rajajinagar West,Other Works,Awarded,,GUDDADAHALLI ESHWARAPPA ARUN KUMAR,423316.27,12-11-2024 12:28:22
132,134054,BBMP/2024-25/OW/WORK_INDENT5234,Maintenance of Footpath work in Ward no.132 Rajajinagar,BBMP,BBMP Rajajinagar West,Other Works,Awarded,,,,11-11-2024 17:28:43
132,132547,BBMP/2024-25/OW/WORK_INDENT4983,Pothole Filling work in Ward no.132 Rajajinagar,BBMP,BBMP Rajajinagar West,Other Works,Awarded,,Ramesh Babu( RAMESH BABU ENTERPRISES ),858424.17,06-11-2024 16:53:43
133,146185,BBMP/2024-25/OW/WORK_INDENT6096,"Improvement of Roads , Drains & Providing Rain water harvesting in ward no. 133 Basaveshwranagar",BBMP,BBMP Rajajinagar West,Other Works,Awarded,,,,26-12-2024 13:34:11
133,146174,BBMP/2024-25/OW/WORK_INDENT6091,Construction of RCC Culverts & other Allied Infrastructure in ward no. 133 Basaveshwranagar,BBMP,BBMP Rajajinagar West,Other Works,Awarded,,,,26-12-2024 13:09:25
133,134123,BBMP/2024-25/OW/WORK_INDENT5248,Desilting of Drains in Ward no.133 Basaveshwaranagar,BBMP,BBMP Rajajinagar West,Other Works,Awarded,,RANGANATHA H H,622687.87,12-11-2024 12:22:12
133,134059,BBMP/2024-25/OW/WORK_INDENT5237,Maintenance of Footpath work in Ward no.133 Basaveshwaranagar,BBMP,BBMP Rajajinagar West,Other Works,Awarded,,,,11-11-2024 17:27:55
133,132553,BBMP/2024-25/OW/WORK_INDENT4996,Pothole Filling work in Ward no.133 Basaveshwaranagar,BBMP,BBMP Rajajinagar West,Other Works,Awarded,,,,06-11-2024 16:52:54
134,146202,BBMP/2024-25/OW/WORK_INDENT6097,"Improvement of Roads, Drains & Providing Rain water harvesting in ward no. 134 Kamakshipalya",BBMP,BBMP Rajajinagar West,Other Works,Awarded,,,,26-12-2024 13:35:44
134,134068,BBMP/2024-25/OW/WORK_INDENT5240,Maintenance of Footpath work in Ward no.134 Kamakshipalya,BBMP,BBMP Rajajinagar West,Other Works,Awarded,,RANGANATH,799294.50,11-11-2024 17:27:12
134,132562,BBMP/2024-25/OW/WORK_INDENT5003,Pothole Filling work in Ward no.134 Kamakshipalya,BBMP,BBMP Rajajinagar West,Other Works,Awarded,,PRAKASH SOMALINGAPPA ANCHI,6146018.50,06-11-2024 16:55:29
135,214870,BBMP/2025-26/OW/WORK_INDENT8712,Annual maintenance of desilting of drains in ward no 135 Dr Rajkumar Agraharadasarahalli,BBMP,BBMP Govindrajnagar West,Other Works,Awarded,2542106.98,VENKATESH SRINIVASA,1192814.06,13-08-2025 11:57:13
135,209844,BBMP/2025-26/OW/WORK_INDENT8373,"Providing pothole filling in ward no 135, 136, 137 & 138 in Govindarajanagara Sub Division",BBMP,BBMP Govindrajnagar West,Other Works,Awarded,6611277.84,N Krishna,925692.26,24-07-2025 17:34:24
135,208669,BBMP/2025-26/OW/WORK_INDENT8185,Resurfacing to asphalt roads and repairs to concrete roads in bad reaches and improvements to drains and allied works in ward Jurisdiction in ward no 135 Dr Rajkumar Agraharadasarahalli,BBMP,BBMP Govindrajnagar West,Other Works,Awarded,20711940.65,,,22-07-2025 17:40:02
135,131642,BBMP/2024-25/OW/WORK_INDENT4732,"Improvements to Footpath, roads and drains at Rajajinagara 6th block and Agraharadasarahalli village Sourrounding area in ward No 135 Dr Rajkumar Agraharadasarahalli",BBMP,BBMP Govindrajnagar West,Other Works,Awarded,10226339.87,KRISHNAN CHERUKUNNIL RAJAN,719368.79,04-11-2024 12:29:35
135,130007,BBMP/2024-25/OW/WORK_INDENT4586,"Providing pothole filling in ward no 135, 136, 137 & 138 in Govindarajanagara Sub Division",BBMP,BBMP Govindrajnagar West,Other Works,Awarded,4956307.56,SHWETHA M (1)( Nature Fence ),4973646.00,25-10-2024 12:12:01
135,130015,BBMP/2024-25/OW/WORK_INDENT4591,Maintenance of Roads drains and footpath work in Ward No 135 Dr. Rajkumar Agrahara dasarahalli,BBMP,BBMP Govindrajnagar West,Other Works,Awarded,4658995.92,,,25-10-2024 12:00:26
135,74315,BBMP/2023-24/OW/WORK_INDENT2806,"Improvements to Road Infrastructure works and other developments works in ward 135-Dr. Rajkumar Agraharadasarahalli, ward 136-Govindarajanagara, ward-137 Marenahalli at Govindarajanagara sub division",BBMP,BBMP Govindrajnagar West,Other Works,Awarded,39599847.01,,,27-02-2024 15:48:51
135,26358,BBMP/2023-24/OW/WORK_INDENT570,"Providing pothole filling in ward no 135, 136, 137 & 138 in Govindarajanagara Sub Division",BBMP,BBMP Govindrajnagar West,Other Works,Awarded,4841913.37,,,18-10-2023 16:41:44
136,214876,BBMP/2025-26/OW/WORK_INDENT8715,Annual maintenance of desilting of drains in ward no 136 Govindarajanagara,BBMP,BBMP Govindrajnagar West,Other Works,Awarded,2540773.39,,,13-08-2025 12:20:08
136,208655,BBMP/2025-26/OW/WORK_INDENT8186,Resurfacing to asphalt roads and repairs to concrete roads in bad reaches and improvements to drains and allied works in ward Jurisdiction in ward no 136 Govindarajanagara,BBMP,BBMP Govindrajnagar West,Other Works,Awarded,20716870.07,maksud shanulla makanadar,6795532.52,22-07-2025 17:41:26
136,131637,BBMP/2024-25/OW/WORK_INDENT4733,"Improvements to Footpath, roads and drains at MC layout and Corporation colony Sourrounding area in ward No 136 Govindarajanagara",BBMP,BBMP Govindrajnagar West,Other Works,Awarded,10224916.02,,,04-11-2024 12:27:53
136,130021,BBMP/2024-25/OW/WORK_INDENT4594,Maintenance of Roads drains and footpath work in ward no136 Govindarajanagara,BBMP,BBMP Govindrajnagar West,Other Works,Awarded,4660621.86,,,25-10-2024 11:59:20
136,74315,BBMP/2023-24/OW/WORK_INDENT2806,"Improvements to Road Infrastructure works and other developments works in ward 135-Dr. Rajkumar Agraharadasarahalli, ward 136-Govindarajanagara, ward-137 Marenahalli at Govindarajanagara sub division",BBMP,BBMP Govindrajnagar West,Other Works,Awarded,39599847.01,,,27-02-2024 15:48:51
137,214857,BBMP/2025-26/OW/WORK_INDENT8698,Annual maintenance of desilting of drains in ward no 137 Marenahalli,BBMP,BBMP Govindrajnagar West,Other Works,Awarded,2540248.09,,,13-08-2025 11:33:25
137,209143,BBMP/2025-26/OW/WORK_INDENT8187,Resurfacing to asphalt roads and repairs to concrete roads in bad reaches and improvements to drains and allied works in ward Jurisdiction in ward no 137 Marenahalli,BBMP,BBMP Govindrajnagar West,Other Works,Awarded,20704192.19,RAJANNA NAGARAJ (1)( CHINMAYE CONSTRUCTIONS ),20622292.65,22-07-2025 17:31:42
137,131654,BBMP/2024-25/OW/WORK_INDENT4736,"Improvements to Footpath, roads and drains at Amarjyothinagara and Binney layuout Sourrounding area in ward No 137 Marenahalli",BBMP,BBMP Govindrajnagar West,Other Works,Awarded,10226158.32,R SURENDRA( SHARADA CONSTRUCTIONS ),1937936.94,04-11-2024 12:33:01
137,130022,BBMP/2024-25/OW/WORK_INDENT4595,"Maintenance of Road, drains and footpath work in Ward No137 Marenahalli",BBMP,BBMP Govindrajnagar West,Other Works,Awarded,4659173.0,,,25-10-2024 11:58:04
137,74315,BBMP/2023-24/OW/WORK_INDENT2806,"Improvements to Road Infrastructure works and other developments works in ward 135-Dr. Rajkumar Agraharadasarahalli, ward 136-Govindarajanagara, ward-137 Marenahalli at Govindarajanagara sub division",BBMP,BBMP Govindrajnagar West,Other Works,Awarded,39599847.01,,,27-02-2024 15:48:51
138,214877,BBMP/2025-26/OW/WORK_INDENT8730,Annual maintenance of desilting of drains in ward no 138 Kaveripura,BBMP,BBMP Govindrajnagar West,Other Works,Awarded,2539838.45,POONAM LONDEY (1)( Biomedixx ),14135593.00,13-08-2025 12:20:55
138,209153,BBMP/2025-26/OW/WORK_INDENT8188,Resurfacing to asphalt roads and repairs to concrete roads in bad reaches and improvements to drains and allied works in ward Jurisdiction in ward no 138 Kaveripura,BBMP,BBMP Govindrajnagar West,Other Works,Awarded,20789192.89,,,22-07-2025 17:30:19
138,131625,BBMP/2024-25/OW/WORK_INDENT4737,"Improvements to Footpath, roads and drains at Muneshwaranagara, Ranganathapura, HVR layout Sourrounding area in ward No 138 Kaveripura",BBMP,BBMP Govindrajnagar West,Other Works,Awarded,10225102.62,H M Ramegowda( RMGD ENGINEERS AND CONSTRUCTIONS PVT LTD ),24323915.71,04-11-2024 12:26:46
138,130024,BBMP/2024-25/OW/WORK_INDENT4596,"Maintenance of Road, drains and footpath work in Ward No 138 Kaveripura",BBMP,BBMP Govindrajnagar West,Other Works,Awarded,4666130.12,VIJAY KUMAR,289320.27,25-10-2024 11:57:31
138,79675,BBMP/2023-24/OW/WORK_INDENT2764/CALL-2,"Improvements to Road Infrastructure works and other developments works in ward 138-Kaveripura, ward 139-Mudalapalya, ward-140 Maruthimandira at Maruthimandira sub division",BBMP,BBMP Govindrajnagar West,Other Works,Awarded,25156367.46,D C RAJANNA,3885958.43,07-03-2024 15:19:59
139,214875,BBMP/2025-26/OW/WORK_INDENT8714,Annual maintenance of desilting of drains in ward no 139 Mudalapalya,BBMP,BBMP Govindrajnagar West,Other Works,Awarded,2537153.96,,,13-08-2025 12:19:40
139,209854,BBMP/2025-26/OW/WORK_INDENT8374,"Providing pothole filling in ward no 139, 140, 141, 142 & 143 in Chandralayout Sub division",BBMP,BBMP Govindrajnagar West,Other Works,Awarded,8130032.26,CHIKKANNA VIJI SWAMY( Sri Venkateshwara Industrial Supplies And Engineering Works ),19590168.83,24-07-2025 17:33:57
139,209109,BBMP/2025-26/OW/WORK_INDENT8216,Resurfacing to asphalt roads and repairs to concrete roads in bad reaches and improvements to drains and allied works in ward Jurisdiction in ward no 139 Mudalapalya,BBMP,BBMP Govindrajnagar West,Other Works,Awarded,20119266.25,,,22-07-2025 17:37:29
139,131650,BBMP/2024-25/OW/WORK_INDENT4685,"Improvements to Footpath, roads and drains at Sanjivininagara and Panchasheelanagara Sourrounding area in ward No 139 Mudalapalya",BBMP,BBMP Govindrajnagar West,Other Works,Awarded,10519460.01,Kempanna N Shirahatti,441006.13,04-11-2024 12:31:21
139,130011,BBMP/2024-25/OW/WORK_INDENT4588,"Providing pothole filling in ward no 139, 140, 141, 142 & 143 in Chandralayout Sub Division",BBMP,BBMP Govindrajnagar West,Other Works,Awarded,6352122.27,VIJAY KUMAR,286454.08,25-10-2024 12:03:23
139,130027,BBMP/2024-25/OW/WORK_INDENT4597,"Maintenance of Road, drains and footpath work in Ward No 139 Moodalapalya",BBMP,BBMP Govindrajnagar West,Other Works,Awarded,4658492.82,,,25-10-2024 11:42:01
139,79675,BBMP/2023-24/OW/WORK_INDENT2764/CALL-2,"Improvements to Road Infrastructure works and other developments works in ward 138-Kaveripura, ward 139-Mudalapalya, ward-140 Maruthimandira at Maruthimandira sub division",BBMP,BBMP Govindrajnagar West,Other Works,Awarded,25156367.46,D C RAJANNA,3885958.43,07-03-2024 15:19:59
139,44005,BBMP/2023-24/OW/WORK_INDENT980,"Maintenance of Road, drains and footpath work in Ward No 139 Moodalapalya",BBMP,BBMP Govindrajnagar West,Other Works,Awarded,4659761.72,,,19-12-2023 11:22:15
139,26387,BBMP/2023-24/OW/WORK_INDENT574,"Providing pothole filling in ward no 139, 140, 141, 142 & 143 in Chandralayout Sub Division",BBMP,BBMP Govindrajnagar West,Other Works,Awarded,6052988.16,Anil Kumar R,5750339.85,18-10-2023 17:06:16
140,214868,BBMP/2025-26/OW/WORK_INDENT8700,Annual maintenance of desilting of drains in ward no 140 Maruthimandira,BBMP,BBMP Govindrajnagar West,Other Works,Awarded,2537153.96,,,13-08-2025 11:34:33
140,209113,BBMP/2025-26/OW/WORK_INDENT8217,Resurfacing to asphalt roads and repairs to concrete roads in bad reaches and improvements to drains and allied works in ward Jurisdiction in ward no 140 Maruthimandira,BBMP,BBMP Govindrajnagar West,Other Works,Awarded,20119272.96,RAVINDRANATH H V (1)( RAVI CONSTRUCTIONS ),816000.00,22-07-2025 17:36:16
140,131611,BBMP/2024-25/OW/WORK_INDENT4738,Improvements to Footpath at 22nd Main road MRCR Layout & roads and drains in ward Jurisdiction in ward No 140 Maruthimandira,BBMP,BBMP Govindrajnagar West,Other Works,Awarded,10553427.9,KIRAN KUMAR,1309190.88,04-11-2024 12:26:06
140,130013,BBMP/2024-25/OW/WORK_INDENT4589,"Maintenance of Road, drains and footpath work in Ward No 140 Maruthi Mandira",BBMP,BBMP Govindrajnagar West,Other Works,Awarded,4658492.82,RUDRAYYA,3070272.05,25-10-2024 12:01:29
140,79675,BBMP/2023-24/OW/WORK_INDENT2764/CALL-2,"Improvements to Road Infrastructure works and other developments works in ward 138-Kaveripura, ward 139-Mudalapalya, ward-140 Maruthimandira at Maruthimandira sub division",BBMP,BBMP Govindrajnagar West,Other Works,Awarded,25156367.46,D C RAJANNA,3885958.43,07-03-2024 15:19:59
141,214889,BBMP/2025-26/OW/WORK_INDENT8731,Annual maintenance of desilting of drains in ward no 141 Nagarabhavi,BBMP,BBMP Govindrajnagar West,Other Works,Awarded,2537153.96,ANIL ANNASAHEB PATIL( ANIL  ANNASAHEB  PATIL ),24236674.39,13-08-2025 12:21:28
141,209119,BBMP/2025-26/OW/WORK_INDENT8230,Resurfacing to asphalt roads and repairs to concrete roads in bad reaches and improvements to drains and allied works in ward Jurisdiction in ward no 141 Nagarabhavi,BBMP,BBMP Govindrajnagar West,Other Works,Awarded,20119272.96,CHANDRAPPA G,755646.44,22-07-2025 17:34:44
141,131605,BBMP/2024-25/OW/WORK_INDENT4739,"Improvements to Footpath, roads and drains at Byraveshwaranagra Sourrounding area in ward No 141 Nagarbhavi",BBMP,BBMP Govindrajnagar West,Other Works,Awarded,10521423.74,,,04-11-2024 12:25:26
141,130030,BBMP/2024-25/OW/WORK_INDENT4599,"Maintenance of Road, drains and footpath work in Ward No 141 Nagarabhavi",BBMP,BBMP Govindrajnagar West,Other Works,Awarded,4658492.82,HARISH CHANNAIAH VADDE,1515017.50,25-10-2024 11:40:13
141,44043,BBMP/2023-24/OW/WORK_INDENT982,"Maintenance of Road, drains and footpath work in Ward No 141 Nagarabhavi",BBMP,BBMP Govindrajnagar West,Other Works,Awarded,4658996.11,,,19-12-2023 11:24:05
142,214895,BBMP/2025-26/OW/WORK_INDENT8732,Annual maintenance of desilting of drains in ward no 142 Chandralayout,BBMP,BBMP Govindrajnagar West,Other Works,Awarded,2537153.96,Shivalila( SPOORTHI ENTERPRISES ),2464158.50,13-08-2025 12:21:54
142,131586,BBMP/2024-25/OW/WORK_INDENT4848,"Improvements to Footpath, roads and drains in chandralayout 2nd stage Jurisdiction in ward No 142 Chandralayout",BBMP,BBMP Govindrajnagar West,Other Works,Awarded,10525502.17,,,04-11-2024 12:24:31
142,130031,BBMP/2024-25/OW/WORK_INDENT4600,"Maintenance of Road, drains and footpath work in Ward No 142 Chandralayout",BBMP,BBMP Govindrajnagar West,Other Works,Awarded,4658492.82,H T RAGHAVENDRA,1622167.85,25-10-2024 11:39:11
142,10673,BBMP/2023-24/OW/WORK_INDENT167,"Maintenance of roads, drains and footpath work in Ward No 142 Sunkenahalli, Kempegowdanagara Sub division for the year 2023-24",BBMP,BBMP Chikpeth South,Other Works,Awarded,,MANJUNATHA D,4683537.87,21-08-2023 18:31:37
143,214864,BBMP/2025-26/OW/WORK_INDENT8699,Annual maintenance of desilting of drains in ward no 143 Nayandahalli,BBMP,BBMP Govindrajnagar West,Other Works,Awarded,2537153.96,,,13-08-2025 11:34:02
143,151279,BBMP/2024-25/OW/WORK_INDENT4855/CALL-2,Providing and improvements pavement roads and other road and other basic facilities to Ambedkar slum at Pantharapalya in ward no 143,BBMP,BBMP Govindrajnagar West,Other Works,Awarded,20500934.48,,,20-01-2025 16:56:54
143,131559,BBMP/2024-25/OW/WORK_INDENT4850,"Improvements to Footpath, roads and drains at Thigalara thota to Ganesha Temple in ward Jurisdiction in ward No 143 Nayandahalli",BBMP,BBMP Govindrajnagar West,Other Works,Awarded,10518901.79,,,04-11-2024 12:23:32
143,131519,BBMP/2024-25/OW/WORK_INDENT4854,"Providing CC Road, Drain and other Development works at Pantharapalya in ward no 143",BBMP,BBMP Govindrajnagar West,Other Works,Awarded,20879930.44,GIRISHGOUDA PATIL,493831.19,04-11-2024 12:13:30
143,130025,BBMP/2024-25/OW/WORK_INDENT4602,"Maintenance of Road, drains and footpath work in Ward No 143 Nayandhalli",BBMP,BBMP Govindrajnagar West,Other Works,Awarded,4658492.82,GURUNANJAYYA( GURUNANJAYYA VEERANGUDI REVANSIDDAYYA ),8627362.35,25-10-2024 11:56:48
143,62120,BBMP/2023-24/OW/WORK_INDENT1939,"Improvements of roads, footpath, drains and other basic facilities for block no 60- Metro Layout, 59 & 64 -Nayandahalli Grama, 61-Pantarapalya Grama, 57-ITI Layout stage III, 31-SLV Layout and 69-Gurusarvabowmanagara at Nayandahalli ward no 143",BBMP,BBMP Govindrajnagar West,Other Works,Awarded,7548921.46,VARADA( VARADA K ),1694592.35,07-02-2024 15:27:26
143,48468,BBMP/2023-24/OW/WORK_INDENT984/CALL-2,"Maintenance of Road, drains and footpath work in Ward No 143 Nayandhalli",BBMP,BBMP Govindrajnagar West,Other Works,Awarded,4658455.92,,,01-01-2024 15:26:18
143,17636,BBMP/2023-24/OW/WORK_INDENT168/CALL-2,"Maintenance of roads, drains and footpath work in Ward No 143 V V Puram, Kempegowdanagara Sub division for the year 2023-24",BBMP,BBMP Chikpeth South,Other Works,Awarded,,MARUTHIKUMAR G K,5134423.20,16-09-2023 16:21:07
144,193724,BBMP/2025-26/OW/WORK_INDENT7356,Improvements to Roads & Drains in Ward No.144 KP Agrahara,BBMP,BBMP Vijayanagar South,Other Works,Awarded,,YOGESH K P( KPY & CO ),4350410.86,28-05-2025 17:47:12
144,193634,BBMP/2025-26/OW/WORK_INDENT7343,Improvements to Roads & Drains at 3rd Main road & Surrounding area in Ward No.144 KP Agrahara,BBMP,BBMP Vijayanagar South,Other Works,Awarded,,,,28-05-2025 17:44:16
144,193701,BBMP/2025-26/OW/WORK_INDENT7354,Improvements to Roads & Drains at 8th Main road & Surrounding area in Ward No.144 KP Agrahara,BBMP,BBMP Vijayanagar South,Other Works,Awarded,,S YRRISWAMY,444243.59,28-05-2025 17:43:33
144,193710,BBMP/2025-26/OW/WORK_INDENT7355,Improvements to Roads & Drains at 8th cross Banashankri road & Surrounding area in Ward No.144 KP Agrahara,BBMP,BBMP Vijayanagar South,Other Works,Awarded,,RAVI RAMAPPA SHIRGUR( HALASIDDANATH ELECTRICALS PRIVATE LIMITED ),105865.00,28-05-2025 17:42:35
144,171922,BBMP/2024-25/OW/WORK_INDENT6974,"Comprehensive development of roads, drains and other allied works in ward no 144 KP Agrahara & ward no 145 vijayanagara",BBMP,BBMP Vijayanagar South,Other Works,Awarded,,,,19-03-2025 18:01:37
144,149747,BBMP/2024-25/OW/WORK_INDENT6180,"Maintenance of Road, drains & footpath work in Ward No 144 K P Agrahara for the year 2024-25",BBMP,BBMP Vijayanagar South,Other Works,Awarded,4999076.52,MAHADEVASWAMY NANJAIAH,7451597.57,10-01-2025 15:39:45
144,149705,BBMP/2024-25/OW/WORK_INDENT6176,"Filling of potholes & Restoration of road cut portions in Ward No 144, 145, 146, 147 & 148 Vijayanagar sub division for the year 2024-25",BBMP,BBMP Vijayanagar South,Other Works,Awarded,6354493.52,FAYAZAHMED KALABURGI( ROYAL ELECTRICALS ),328301.00,10-01-2025 15:33:10
144,127645,BBMP/2024-25/OW/WORK_INDENT4419,Improvements to Drains in 1st B Main road & Surrounding cross roads (Shaneshwara Temple road) in Ward No. 144 KP Agrahara.,BBMP,BBMP Vijayanagar South,Other Works,Awarded,4235835.76,SHIVARAMAREDDY MANU,323913.30,16-10-2024 13:38:48
144,18417,BBMP/2023-24/OW/WORK_INDENT169/CALL-2,"Maintenance of roads, drains and footpath work in Ward No 144 Siddapura Hombegowdanagara Sub division for the year 2023-24",BBMP,BBMP Chikpeth South,Other Works,Awarded,,HITESH KUMAR S (1),4669365.42,16-09-2023 16:22:28
145,193744,BBMP/2025-26/OW/WORK_INDENT7359,"Improvements to Roads & Drains at 1st main road, Mallige thota & Surrounding area in Ward No.145 Vijayanagara",BBMP,BBMP Vijayanagar South,Other Works,Awarded,,M C Arya,1112029.18,28-05-2025 17:46:33
145,193765,BBMP/2025-26/OW/WORK_INDENT7363,Improvements to Roads & Drains at Vidyaranya Nagar & Cholurapalya Surrounding area in Ward No.145 Vijayanagara,BBMP,BBMP Vijayanagar South,Other Works,Awarded,,MAHAMMED FAYIZ (1),783800.10,28-05-2025 17:41:31
145,193778,BBMP/2025-26/OW/WORK_INDENT7365,Improvements to Roads & Drains at 5th Main road Vijayanagara & Surrounding area in Ward No.145 Vijayanagara,BBMP,BBMP Vijayanagar South,Other Works,Awarded,,SHANKARAPPA DEEPAK KUMAR (1)( HONEYBEE SOLUTIONS ),9680000.00,28-05-2025 17:40:42
145,193787,BBMP/2025-26/OW/WORK_INDENT7366,Improvements to Roads & Drains at 3rd main road Vijayanagara & Surrounding area in Ward No.145 Vijayanagara,BBMP,BBMP Vijayanagar South,Other Works,Awarded,,PRUTHVIRAJ B,1776005.46,28-05-2025 17:38:49
145,171922,BBMP/2024-25/OW/WORK_INDENT6974,"Comprehensive development of roads, drains and other allied works in ward no 144 KP Agrahara & ward no 145 vijayanagara",BBMP,BBMP Vijayanagar South,Other Works,Awarded,,,,19-03-2025 18:01:37
145,149625,BBMP/2024-25/OW/WORK_INDENT6167,"Maintenance of Road, drains & footpath work in Ward No 145 Vijayanagar for the year 2024-25",BBMP,BBMP Vijayanagar South,Other Works,Awarded,4999076.52,SANTOSH KESHAV NAIK,846724.68,10-01-2025 15:36:58
145,127737,BBMP/2024-25/OW/WORK_INDENT4425,Improvements to Drains at 3rd Main road Vijayanagara & Surrounding area in Ward No. 145 Vijayanagara,BBMP,BBMP Vijayanagar South,Other Works,Awarded,4236148.2,,,16-10-2024 13:37:16
145,87099,BBMP/2024-25/OW/WORK_INDENT3227,Comprehensive development of roads at Ward No 145 Vijayanagar,BBMP,BBMP Vijayanagar South,Other Works,Awarded,4799017.38,KESHAVA A,4160673.84,05-06-2024 14:59:41
145,18419,BBMP/2023-24/OW/WORK_INDENT170/CALL-2,"Maintenance of roads, drains and footpath work in Ward No 145 Hombegowdanagara, Hombegowdanagara Sub division for the year 2023-24",BBMP,BBMP Chikpeth South,Other Works,Awarded,,ACHUTHA MURTHY K,4728532.63,16-09-2023 16:22:57
146,193838,BBMP/2025-26/OW/WORK_INDENT7384,Improvements to Roads & Drains at 14th cross cholurapalya & Surrounding area in Ward No.146 Hosahalli.,BBMP,BBMP Vijayanagar South,Other Works,Awarded,,SHIVANAND MUDHOL,19775672.77,28-05-2025 17:36:51
146,165695,BBMP/2024-25/OW/WORK_INDENT6685,"Comprehensive development of roads, drains and other allied works at Sarkarihoni and surrounding areas in ward no 146 Hosahalli",BBMP,BBMP Vijayanagar South,Other Works,Awarded,8070136.56,,,04-03-2025 15:48:00
146,149645,BBMP/2024-25/OW/WORK_INDENT6168,"Maintenance of Road, drains & footpath work in Ward No 146 Hosahalli for the year 2024-25",BBMP,BBMP Vijayanagar South,Other Works,Awarded,4989628.36,,,10-01-2025 15:37:43
146,117335,BBMP/2024-25/OW/WORK_INDENT3824,"Comprehensive Development and Improvements to roads and drains in ward No 146 Lakkasandra, 152 Suddaguntepalya, 172 Madiwala and 176 BTM Layout in BTM Layout Assembly Constituency Package No. 01 (15 works)",BBMP,BBMP BTM South,Other Works,Awarded,,Bhaskar Krishna Gowda,834950.62,05-09-2024 15:24:53
146,11848,BBMP/2023-24/OW/WORK_INDENT249,"Maintenance of Roads, drains and footpath work in Ward No-146 Lakkasandra for the year 2023-24.",BBMP,BBMP BTM South,Other Works,Awarded,,DEVARAGUDDA YELLAPPA LINGARAJU,4926599.62,24-08-2023 18:33:16
147,194096,BBMP/2025-26/OW/WORK_INDENT7391,Improvements to Roads & Drains at 4th cross (diaganal road) RPC Layout & Surrounding area in Ward No.147 Hampinagar,BBMP,BBMP Vijayanagar South,Other Works,Awarded,,MARUTI GUTTEPPA HARIJAN,349975.00,29-05-2025 17:53:41
147,127767,BBMP/2024-25/OW/WORK_INDENT4430,Improvements to drains at Remco layout & surrounding area in Ward No 147 Hampinagar,BBMP,BBMP Vijayanagar South,Other Works,Awarded,3389101.53,GIRISH (1),1900851.73,16-10-2024 13:35:09
147,127771,BBMP/2024-25/OW/WORK_INDENT4431,Improvements to drains at Hosahalli extension & surrounding area in Ward No 147 Hampinagar,BBMP,BBMP Vijayanagar South,Other Works,Awarded,3809123.86,G MAHENDRA( SREE MANOJAVA ENTERPRISES ),3038954.54,16-10-2024 13:34:14
147,117375,BBMP/2024-25/OW/WORK_INDENT3825,"Comprehensive Development and Improvements to roads and drains in ward No 147 Adugodi, 148 Ejipura, 151 Koramangala and 173 Jakkasandra in BTM Layout Assembly Constituency Package No. 02 (9 works)",BBMP,BBMP BTM South,Other Works,Awarded,,NAVEENKUMAR A,331641.54,05-09-2024 15:23:54
147,91242,BBMP/2024-25/OW/WORK_INDENT3316,"Comprehensive Developmental works to Parks, Roads, Drains, Footpath, Asphalting to Bad Roads and Construction of Additional Floor to Hospital Building in S G Palya in Ward No 147, 148, 151, 152, 172, 173 and 176 (Comprising of 16 works Package 01)",BBMP,BBMP BTM South,Other Works,Awarded,,LOKESHA S (1)( ME INFRA ),1613990.70,21-06-2024 18:38:46
148,194134,BBMP/2025-26/OW/WORK_INDENT7395,Improvements to Roads & Drains at New Guddahalli cross road & Surrounding area in Ward No.148 New Guddahalli.,BBMP,BBMP Vijayanagar South,Other Works,Awarded,,,,29-05-2025 18:04:52
148,194130,BBMP/2025-26/OW/WORK_INDENT7394,Improvements to Roads & Drains at Shamanna Garden & Surrounding area in Ward No.148 New Guddahalli.,BBMP,BBMP Vijayanagar South,Other Works,Awarded,,HUSENAPPA,284948.49,29-05-2025 17:59:24
148,194142,BBMP/2025-26/OW/WORK_INDENT7396,Improvements to Roads & Drains at Majunathnagara & Surrounding area in Ward No.148 New Guddahalli.,BBMP,BBMP Vijayanagar South,Other Works,Awarded,,BUDHA BHAVIKATI BUDHAPRAKASH,274320.22,29-05-2025 17:58:35
148,171960,BBMP/2024-25/OW/WORK_INDENT6975,"Comprehensive development of roads, drains and other allied works at newguddadahalli and surrounding areas in ward no 148 New Guddadahalli.",BBMP,BBMP Vijayanagar South,Other Works,Awarded,,RAGHAVENDRA M M,313967.00,19-03-2025 18:00:21
148,165682,BBMP/2024-25/OW/WORK_INDENT4565/CALL-3,"Improvements to roads, drains & other infrastructure works at MCT Quarters Block 62, 14-1 in ward no 148 New Guddadahalli.",BBMP,BBMP Vijayanagar South,Other Works,Awarded,845555.81,,,04-03-2025 13:58:45
148,149652,BBMP/2024-25/OW/WORK_INDENT6169,"Maintenance of Road, drains & footpath work in Ward No 148 New Guddadahalli for the year 2024-25",BBMP,BBMP Vijayanagar South,Other Works,Awarded,5008998.57,,,10-01-2025 15:38:35
148,145698,BBMP/2024-25/OW/WORK_INDENT6047,Improvements to CC roads and drains at MCT Quarters area (Opp to satellite bus stop) at Ward No 148 New Guddadahalli Block No. 14 1 and 62,BBMP,BBMP Vijayanagar South,Other Works,Awarded,2133813.12,SEYYED AFEEZ,2814521.58,23-12-2024 15:28:29
148,127941,BBMP/2024-25/BD/WORK_INDENT4438,"Improvements to Roads & drains in 1st Cross, Kasturabanagar & surrounding area in Ward No 148 New Guddadahalli",BBMP,BBMP Vijayanagar South,Buildings,Awarded,2116126.24,CHETHAN KUMAR L( K L CONSTRUCTIONS ),5294432.86,16-10-2024 14:09:57
148,127864,BBMP/2024-25/OW/WORK_INDENT4434,"Improvements to Roads & drains in 1st Main, street roads in Ward No 148 New Guddadahalli",BBMP,BBMP Vijayanagar South,Other Works,Awarded,3812668.56,,,16-10-2024 13:32:09
148,127888,BBMP/2024-25/OW/WORK_INDENT4435,"Improvements to Roads & drains in 4th Cross, Shamanna nagar & surrounding area in Ward No 148 New Guddadahalli",BBMP,BBMP Vijayanagar South,Other Works,Awarded,2541357.81,METI MANJUNATHA,1329900.00,16-10-2024 13:31:23
148,87130,BBMP/2024-25/OW/WORK_INDENT3234,Improvements of asphalt and CC roads near Kasthurabanagar and surrounding area in Ward No 148 New Guddadahalli,BBMP,BBMP Vijayanagar South,Other Works,Awarded,4494097.3,KEERTHIKUMAR C,9784211.02,05-06-2024 14:53:53
148,87142,BBMP/2024-25/OW/WORK_INDENT3235,Comprehensive development of roads at Ward No 148 New Guddadahalli,BBMP,BBMP Vijayanagar South,Other Works,Awarded,4796624.74,YALLAPPA CHINNAPPA WADDAR,8328045.35,05-06-2024 14:52:56
148,84207,BBMP/2023-24/OW/WORK_INDENT3159,"Primary Door to Door Collection and transportation of segregated wet waste, sanitary waste and Street sweeping waste and Secondary Transportation in Ward no. 148 Ejipura",BBMP,BBMP Jayanagar South,Other Works,Awarded,,,,16-03-2024 16:06:53
148,30571,BBMP/2023-24/OW/WORK_INDENT258/CALL-3,"Maintenance of Roads, drains and footpath work in Ward No-148 Ejipura for the year 2023-24.",BBMP,BBMP BTM South,Other Works,Awarded,,K RAMACHANDRA RAJU( RAMACHANDRA RAJU K ),4966325.48,03-11-2023 11:25:31
149,194146,BBMP/2025-26/OW/WORK_INDENT7397,"Improvements to roads, drains and other infrastructrual works in Bapujinagara and surrounding areas in ward No 149-Gali Anjaneya",BBMP,BBMP Vijayanagar South,Other Works,Awarded,,BHAPUGOUDA,2228958.02,29-05-2025 18:03:58
149,194152,BBMP/2025-26/OW/WORK_INDENT7398,"Improvements to roads, drains and other infrastructrual works in service road near umiya bhavan, vijaynagar 2nd stage, Hampinagara and surrounding areas in ward No 149-Gali Anjaneya",BBMP,BBMP Vijayanagar South,Other Works,Awarded,,HARSHA B N( HARSHA B N ),25773165.44,29-05-2025 18:03:12
149,194157,BBMP/2025-26/OW/WORK_INDENT7399,"Improvements to roads, drains & other infrastructrual works in maruthi nagar and surrounding areas in ward No 149-Gali Anjaneya",BBMP,BBMP Vijayanagar South,Other Works,Awarded,,YOGESH K P( KPY & CO ),8699948.84,29-05-2025 18:02:26
149,171898,BBMP/2024-25/OW/WORK_INDENT6178/CALL-3,"Filling of potholes & Restoration of road cut portions in Ward No 149, 150, 151 & 152 Gali Anjaneya Temple sub division for the year 2024-25",BBMP,BBMP Vijayanagar South,Other Works,Awarded,,HARISH WADEYAR,2085579.04,19-03-2025 18:03:10
149,165692,BBMP/2024-25/OW/WORK_INDENT6684,"Comprehensive development of roads, drains and other allied works at bapujinagara and surrounding areas in ward no 149 Galianjaneya Temple",BBMP,BBMP Vijayanagar South,Other Works,Awarded,8068398.15,SANTHOSH K P,996130.40,04-03-2025 15:48:50
149,145671,BBMP/2024-25/OW/WORK_INDENT6046,Improvements to CC roads and drains at Maruthinagar slum and Venkateshwara slum at Ward No 149 Gali Anjaneya Temple.,BBMP,BBMP Vijayanagar South,Other Works,Awarded,5371536.97,KRISHANA( KRISHANA BANDEPPA ),3168536.16,23-12-2024 14:42:07
149,145412,BBMP/2024-25/OW/WORK_INDENT4486/CALL-2,Construction of RCC Drains in Block-115 Maruthinagar and surrounding areas Block 115 in ward No 149 Gali Anjaneya ward,BBMP,BBMP Vijayanagar South,Other Works,Awarded,2118740.86,CHETAN MAHAVEER DONGARE,262749.14,23-12-2024 14:38:50
149,128387,BBMP/2024-25/OW/WORK_INDENT4468,Improvements of Roads and Drains in Block-115 Maruthinagar and surrounding areas Block 115 in ward No 149 Gali Anjaneya ward,BBMP,BBMP Vijayanagar South,Other Works,Awarded,2118584.59,ABDUL RASHEED D BHOLABHAI,590871.33,21-10-2024 17:01:59
149,128364,BBMP/2024-25/OW/WORK_INDENT4465,Construction of CC Road at Bapujinagar & surrounding area in Ward No 149 Gali Anjaneya Temple,BBMP,BBMP Vijayanagar South,Other Works,Awarded,6355269.53,MANJUNATHA M( SRI SAI ENTERPRISES ),1022504.51,21-10-2024 17:00:09
150,194189,BBMP/2025-26/OW/WORK_INDENT7402,Improvements of roads & drains and other infrastructural works in Venkateshwara layout and Mico layout & surrounding areas in ward No 150 Attiguppe,BBMP,BBMP Vijayanagar South,Other Works,Awarded,,SATISH H( SATISH ENTERPRISES ),16769773.73,29-05-2025 18:01:25
150,194193,BBMP/2025-26/OW/WORK_INDENT7403,"Improvements to roads, drains, culverts and other infrastructrual works in Chandra layout surrounding areas in ward No 150 Attiguppe",BBMP,BBMP Vijayanagar South,Other Works,Awarded,,,,29-05-2025 18:00:35
150,194180,BBMP/2025-26/OW/WORK_INDENT7401,"Improvements to roads, drains, culverts and other infrastructrual works in KPA Layout and Bapujilayout in ward No 150 Attiguppe",BBMP,BBMP Vijayanagar South,Other Works,Awarded,,Pradeep Biradar,4358858.04,29-05-2025 17:56:35
150,149679,BBMP/2024-25/OW/WORK_INDENT6172,"Maintenance of Road, drains & footpath work in Ward No 150 Attiguppe for the year 2024-25",BBMP,BBMP Vijayanagar South,Other Works,Awarded,5085085.21,Sayabanna Mallappa Madar,280849.56,10-01-2025 15:35:05
150,128518,BBMP/2024-25/OW/WORK_INDENT4488,Improvements to drains in Venkateshwara layout in Ward No 150 Attiguppe,BBMP,BBMP Vijayanagar South,Other Works,Awarded,2965572.14,,,21-10-2024 17:02:43
150,128492,BBMP/2024-25/OW/WORK_INDENT4487,Improvements to drains in Income Tax layout & Binny layout in Ward No 150 Attiguppe,BBMP,BBMP Vijayanagar South,Other Works,Awarded,3389288.41,MAHADEVA SWAMY K,846017.06,21-10-2024 16:57:50
150,128535,BBMP/2024-25/OW/WORK_INDENT4490,Improvements to drains in BCC layout in Ward No 150 Attiguppe,BBMP,BBMP Vijayanagar South,Other Works,Awarded,2541902.99,,,21-10-2024 16:57:09
151,194308,BBMP/2025-26/OW/WORK_INDENT7407,Improvements to roads and drains at FCI Layout in ward No 151 Deepanjalinagara,BBMP,BBMP Vijayanagar South,Other Works,Awarded,,GANGAPPA BHIMAPPA RAJAPUR,203040.63,30-05-2025 15:51:03
151,194317,BBMP/2025-26/OW/WORK_INDENT7408,"Improvements to roads, drains & other allied works in veerabhadra nagara in ward No 151 Deepanjalinagara",BBMP,BBMP Vijayanagar South,Other Works,Awarded,,BABU HULAGAPPA MALLAPURKAR,91230.90,30-05-2025 15:49:14
151,194322,BBMP/2025-26/OW/WORK_INDENT7409,Improvements to drains at Chamundi BDA Layout and Surrounding area in ward No 151 Deepanjalinagara,BBMP,BBMP Vijayanagar South,Other Works,Awarded,,CHOWTEEGI UMESH,479634.30,30-05-2025 15:46:41
151,165704,BBMP/2024-25/OW/WORK_INDENT6686,"Comprehensive development of roads, drains and other allied works at Ranganatha colony, Deepanjalinagara and surrounding areas in ward no 151 Deepanjalinagara",BBMP,BBMP Vijayanagar South,Other Works,Awarded,8067769.31,RAFIQ KHAN( R K ELECTRICALS ),1583880.00,04-03-2025 15:47:14
151,149690,BBMP/2024-25/OW/WORK_INDENT6173,"Maintenance of Road, drains & footpath work in Ward No 151 Deepanjalinagar for the year 2024-25",BBMP,BBMP Vijayanagar South,Other Works,Awarded,4918260.89,,,10-01-2025 15:36:07
151,128701,BBMP/2024-25/OW/WORK_INDENT4507,Improvements to roads & drains in Muttachari layout in Ward No 151 Deepanjalinagar,BBMP,BBMP Vijayanagar South,Other Works,Awarded,3389699.62,RAMAKRISHNA JAGANNATH( INDIRA ENGINEERING WORKS ),4735894.97,21-10-2024 17:03:30
151,128691,BBMP/2024-25/OW/WORK_INDENT4506,Improvements to Roads & drains in Ranganatha colony & surrounding area in Ward No 151 Deepanjalinagar,BBMP,BBMP Vijayanagar South,Other Works,Awarded,3810618.22,M MAHADESHA,4850038.59,21-10-2024 16:54:32
151,30579,BBMP/2023-24/OW/WORK_INDENT259/CALL-3,"Maintenance of Roads, drains and footpath work in Ward No-151 Koramangala for the year 2023-24.",BBMP,BBMP BTM South,Other Works,Awarded,,K C SREEDHARA,5060287.45,03-11-2023 11:23:30
152,194335,BBMP/2025-26/OW/WORK_INDENT7412,Improvements to roads and drains in Byatarayanpura new extension and surrounding areas in ward No 152 Avalahalli,BBMP,BBMP Vijayanagar South,Other Works,Awarded,,,,30-05-2025 15:46:03
152,194338,BBMP/2025-26/OW/WORK_INDENT7414,Improvements to roads and drains in Byatarayanapura and surrounding areas in ward No 152 Avalahalli,BBMP,BBMP Vijayanagar South,Other Works,Awarded,,ARPITHA B R( SRI PARVATHI ENTERPRISES.. ),544687.50,30-05-2025 15:44:48
152,149759,BBMP/2024-25/OW/WORK_INDENT6182,"Maintenance of Road, drains & footpath work in Ward No 152 Avalahalli for the year 2024-25",BBMP,BBMP Vijayanagar South,Other Works,Awarded,4884867.6,G M NANDAKUMAR,10583047.41,10-01-2025 15:52:42
152,129035,BBMP/2024-25/OW/WORK_INDENT4508,Improvements of drains in Avalahalli & surrounding area in Ward No 152 Avalahalli,BBMP,BBMP Vijayanagar South,Other Works,Awarded,4236355.9,RAMESH NAGAPPA MOSHANNAVAR,491693.83,21-10-2024 16:52:30
152,129049,BBMP/2024-25/OW/WORK_INDENT4515,Improvements to Roads & drains in Timber yard layout& surrounding area in Ward No 152 Avalahalli,BBMP,BBMP Vijayanagar South,Other Works,Awarded,4234160.2,,,21-10-2024 16:51:33
152,129102,BBMP/2024-25/OW/WORK_INDENT4516,Improvements to roads & drains in Muneshwara block in Ward No 152 Avalahalli,BBMP,BBMP Vijayanagar South,Other Works,Awarded,2117630.53,V NAGARAJ (1)( Ind Lab Engineers ),7149519.42,21-10-2024 16:50:57
152,87101,BBMP/2024-25/OW/WORK_INDENT3228,Providing asphalting to Avalahalli & surrounding areas in Ward No 152 Avalahalli,BBMP,BBMP Vijayanagar South,Other Works,Awarded,4498386.71,CHANDRAPPA,443618.00,05-06-2024 14:57:27
152,87105,BBMP/2024-25/OW/WORK_INDENT3229,"Providing asphalting roads to 19h Main, 6th cross Muneshwara block & surrounding roads in Ward No 152 Avalahalli",BBMP,BBMP Vijayanagar South,Other Works,Awarded,4499998.79,Ankamadegowda( KUMAR BUILDCON ),654396.80,05-06-2024 14:56:44
152,20130,BBMP/2023-24/OW/WORK_INDENT252/CALL-2,"Maintenance of Roads, drains and footpath work in Ward No-152 S G Palya for the year 2023-24.",BBMP,BBMP BTM South,Other Works,Awarded,,RAMAIAH GOVINDARAJU,5054678.73,22-09-2023 15:32:02
155,136077,BBMP/2024-25/OW/WORK_INDENT5352,"Improvements to Roads and Drains at 17th Main Road, 14th Cross, 15th Cross in Devaraj Urs Nagar and surrounding areas in Ward No. 155 DevarajUrs Nagar",BBMP,BBMP Chamarajpete West,Other Works,Awarded,,SRIRAMAREDDY( SINDHU BOREWELLS.... ),590440.00,16-11-2024 20:25:16
155,136087,BBMP/2024-25/OW/WORK_INDENT5349,Improvements to Roads and Drains at Janatha Colony and surrounding areas in Ward No.155 DevarajUrs Nagar,BBMP,BBMP Chamarajpete West,Other Works,Awarded,,BABU YALLAPPA ALKUNTE,1669325.59,16-11-2024 20:21:48
156,136069,BBMP/2024-25/OW/WORK_INDENT5392,Improvements to Roads and drains at Bhangi Colony and Jai Bheem Nagar surrounding area in Ward No. 156 Chalavadipalya,BBMP,BBMP Chamarajpete West,Other Works,Awarded,,N.R.DAYANAND,4276253.29,16-11-2024 20:26:33
158,135840,BBMP/2024-25/OW/WORK_INDENT5419,Improvements to drains and Footpath from 7th cross to 9th cross in 3rd Main Road bothsides in Ward No.158 Chamarajpet,BBMP,BBMP Chamarajpete West,Other Works,Awarded,,SAYED MOHAMMED TAUFEEQ PEERZADE,276083.29,16-11-2024 17:21:42
158,87212,BBMP/2024-25/OW/WORK_INDENT3241,Improvements to roads & drains at Cross roads in Ward No 158 Hosahalli,BBMP,BBMP Vijayanagar South,Other Works,Awarded,2498289.6,,,05-06-2024 15:01:24
158,87209,BBMP/2024-25/OW/WORK_INDENT3240,"Maintenance of Road, Drains and Footpath work in Ward No 158 Deepanjalinagara for the year 2023-24",BBMP,BBMP Vijayanagar South,Other Works,Awarded,5474483.33,,,05-06-2024 15:00:24
159,136010,BBMP/2024-25/OW/WORK_INDENT5484,Improvements of Drains and Footpath at Rudrappa Garden Main Road and Surrounding areas in Ward No. 159 Azad Nagar,BBMP,BBMP Chamarajpete West,Other Works,Awarded,,,,16-11-2024 20:37:54
159,135822,BBMP/2024-25/OW/WORK_INDENT5343,Improvements to drain and footpath at Vittalnagar 2nd Main Road and surrounding area in Ward No. 159 Azadnagar,BBMP,BBMP Chamarajpete West,Other Works,Awarded,,,,16-11-2024 17:16:10
160,193878,BBMP/2025-26/RD/WORK_INDENT7376,"Improvements to Roads and drains in Block No.14, 21,12-1,18 & 78 in Ward No.160-Dharmaraya Swamy Temple Ward in Dharmaraya Swamy Temple Sub-Division",BBMP,BBMP Chikpeth South,Roads,Awarded,,SARASWATHI S,3939586.78,29-05-2025 11:59:27
160,142576,BBMP/2024-25/EL/WORK_INDENT5894,Annual Maintenance of Siddaiah Road Refferal hospital in Dharmaraya Swamy temple ward no.160,BBMP,BBMP Electrical South,Electrical,Awarded,428792.79,H T RAGHAVENDRA,973289.00,12-12-2024 13:53:44
160,126430,BBMP/2024-25/RD/WORK_INDENT4233,Providing Asphalting to CKC garden and surrounding areas in Ward No 160 Dharmarayaswamy Temple,BBMP,BBMP Chikpeth South,Roads,Awarded,,SANDIP SAMBHAJI KHARADE,409634.96,09-10-2024 16:13:35
160,126416,BBMP/2024-25/RD/WORK_INDENT4229,Providing CC roads to Cubbon pet and Surroudning area in Ward No 160 Dharmarayaswamy temple,BBMP,BBMP Chikpeth South,Roads,Awarded,,R M RAVI,1447615.12,09-10-2024 16:12:51
160,126400,BBMP/2024-25/RD/WORK_INDENT4224,Providing and development of road side drains & CC Culverts in Ward No 160 Dharmarayaswamy Temple,BBMP,BBMP Chikpeth South,Roads,Awarded,,RAJESHA K H( RAJESHA K H ),462074.78,09-10-2024 16:11:43
160,126423,BBMP/2024-25/RD/WORK_INDENT4231,Providing CC roads to Sudhamangara and Surroudning area in Ward No 160 Dharmarayaswamy temple,BBMP,BBMP Chikpeth South,Roads,Awarded,,,,09-10-2024 16:07:06
160,78636,BBMP/2023-24/RD/WORK_INDENT2960,"Development to roads and drains Badamaken, Annipura and Kalasipalyam bus stand, Fort area and surrounding area in Ward No 160 Dharmarayaswamy Temple",BBMP,BBMP Chikpeth South,Roads,Awarded,,,,06-03-2024 15:09:11
161,206644,BBMP/2025-26/OW/WORK_INDENT8136,"Demolition of Un-authorised building constructed by Owner Smt. Devamma in site No. 133, 5th Cross road, T.G. Layout, Ittamadu, Manjunathanagara, BSK 3rd Stage, Bangalore in Ward No-209 (Old Ward No-161)",BBMP,BBMP Padmanabhanagar South,Other Works,Awarded,,KOMALA K M,1368712.50,16-07-2025 11:23:26
161,206640,BBMP/2025-26/OW/WORK_INDENT8134,"Dismantling of Un-authorised building constructed by Yashodha and Ravi at Site No.117, 3rd Main Road, Ittamadu Bangalore Ward No-161.",BBMP,BBMP Padmanabhanagar South,Other Works,Awarded,,KIRANKUMAR,1784633.67,16-07-2025 11:22:51
161,196921,BBMP/2025-26/RD/WORK_INDENT7644,Improvements to drains in Janashankthinagara and surrounding area in Ward No-195 Hosakerehalli (Old Ward No-161).,BBMP,BBMP Padmanabhanagar South,Roads,Awarded,,V MAYURA( GOUTAM CONSTRUCTION ),8725197.49,11-06-2025 13:14:09
161,196920,BBMP/2025-26/RD/WORK_INDENT7643,"Improvements to drains and CC roads at Maruthinagara, Manjunathanagara and surrounding area in Ward No-195 Hosakerehalli (Old Ward No-161).",BBMP,BBMP Padmanabhanagar South,Roads,Awarded,,Shivalila( SPOORTHI ENTERPRISES ),1388827.95,11-06-2025 13:12:46
161,196763,BBMP/2025-26/RD/WORK_INDENT7623,Improvements to Culverts in Ward No-195 Hosakerehalli (Old Ward No-161).,BBMP,BBMP Padmanabhanagar South,Roads,Awarded,,,,11-06-2025 13:04:29
161,196922,BBMP/2025-26/RD/WORK_INDENT7645,Improvements to drains and CC roads in Hosakerehalli BDA Layout and surrounding area in Ward No-195 Hosakerehalli (Old Ward No-161).,BBMP,BBMP Padmanabhanagar South,Roads,Awarded,,K J RAJU,2172000.00,11-06-2025 13:02:09
161,195380,BBMP/2025-26/RD/WORK_INDENT7518,"Improvement and developments of roads, drains and footpath at parvathipura surrounding area & kalasipalya new extension and Surrounding area in ward no. 161 Silver jublie Park",BBMP,BBMP Chikpeth South,Roads,Awarded,,PRAKASHA L R (1),1276732.31,04-06-2025 17:53:01
161,135708,BBMP/2024-25/RD/WORK_INDENT4008/CALL-2,"Providing Asphalting to roads at Dwarakanagara, Hosakerehalli village and surrounding area in Ward No.195 Hosakerehalli (Old Ward No.161).",BBMP,BBMP Padmanabhanagar South,Roads,Awarded,,BHEEMARAY,385013.70,16-11-2024 14:08:14
161,126433,BBMP/2024-25/RD/WORK_INDENT4234,"Providing CC Culvert CC roads and development of foopath in Kalasipalya, bamboo Bazaar area Vinobhanagara and Silver Jublie Park surrounding area in ward no.161 Silver Jublie Park",BBMP,BBMP Chikpeth South,Roads,Awarded,,"PRASAD N( SRI GANESH AGENCIES , SHRI GANESH ENTERPRISES )",1639265.18,09-10-2024 16:14:09
161,126440,BBMP/2024-25/RD/WORK_INDENT4235,Improvements to drain & footpath in Silver Jublie park side & N R road Side in Ward No 161 Silver Jublie Park,BBMP,BBMP Chikpeth South,Roads,Awarded,,M RAVI KUMAR( SRI AHALYADEVI ELECTRICALS ),837789.00,09-10-2024 16:08:01
161,125860,BBMP/2024-25/RD/WORK_INDENT4009,Improvements to roads at 23rd cross Dattathreyanagar and surrounding area in Ward No.195 Hosakerehalli (Old Ward No.161).,BBMP,BBMP Padmanabhanagar South,Roads,Awarded,,,,08-10-2024 18:34:09
161,125280,BBMP/2024-25/RD/WORK_INDENT3989,Improvements to drains at 8th main Datthathreyanagar and surrounding area in Ward No.195 Hosakerehalli (Old Ward No.161).,BBMP,BBMP Padmanabhanagar South,Roads,Awarded,,Ganesh Anand Patil,568007.88,08-10-2024 17:59:35
161,125278,BBMP/2024-25/RD/WORK_INDENT3988,Improvements to drains at Nandanavana park surrounding area in Ward No.195 Hosakerehalli (Old Ward No.161).,BBMP,BBMP Padmanabhanagar South,Roads,Awarded,,ASHARANI P,731537.89,08-10-2024 17:58:51
161,125277,BBMP/2024-25/RD/WORK_INDENT3987,Improvements to roads at 9th cross from Mookambikanagar 2nd main in Ward No.195 Hosakerehalli (Old Ward No.161).,BBMP,BBMP Padmanabhanagar South,Roads,Awarded,,,,08-10-2024 17:07:42
161,125275,BBMP/2024-25/RD/WORK_INDENT3986,"Improvements to drains at Dwarakanagara, Hosakerehalli village and surrounding area in Ward No.195 Hosakerehalli (Old Ward No.161).",BBMP,BBMP Padmanabhanagar South,Roads,Awarded,,,,08-10-2024 17:04:56
161,25450,BBMP/2023-24/OW/WORK_INDENT180/CALL-2,"Maintenance of roads, drains and footpath in Ward No-161 Hosakerehalli for the year 2023-24.",BBMP,BBMP Padmanabhanagar South,Other Works,Awarded,,MANJUNATH S,5287314.17,16-10-2023 18:15:49
162,195406,BBMP/2025-26/RD/WORK_INDENT7524,"Improvement and developments of roads, drains and footpath at KG Nagar surrounding and samerpura and Surrounding area in ward no. 162 Sunkenahalli",BBMP,BBMP Chikpeth South,Roads,Awarded,,C RAVINDRA REDDY (1)( SRI VAYUPUTHRA ELECTRICAL SERVICES ),18838465.00,04-06-2025 17:47:18
162,195403,BBMP/2025-26/RD/WORK_INDENT7523,"Improvement and developments of roads, drains and footpath at Jain temple road, Jain temple cross road and Surrounding area in ward no. 162 Sunkenahalli",BBMP,BBMP Chikpeth South,Roads,Awarded,,SAMPANNA SATISH,4229519.96,04-06-2025 17:46:57
162,154149,BBMP/2024-25/OW/WORK_INDENT6353,"Primary Door to Door Collection and transportation of segregated wet waste, sanitary waste, street sweeping waste and Secondary Transportation of segregated wet, mixed and street sweeping waste to respective plant and landfill in Old Ward No. 162 Girinagar Basavangudi division",BBMP,BBMP Basavanagudi South,Other Works,Awarded,4537567.36,,,29-01-2025 17:21:57
162,149727,BBMP/2024-25/RD/WORK_INDENT6175,"Comprehensive Development of roads, drains and footpath in Ward No 162 Sunkenahalli",BBMP,BBMP Chikpeth South,Roads,Awarded,,SHANKARA S,637913.03,10-01-2025 19:40:13
162,126469,BBMP/2024-25/RD/WORK_INDENT4239,Development of drains and roads in Basavanagudi and Gavipuram area in Ward No 162 Sunkenahalli,BBMP,BBMP Chikpeth South,Roads,Awarded,,SHIVAKUMAR R( SHREE SAI ENTERPRISES ),2615128.85,09-10-2024 16:15:59
162,126453,BBMP/2024-25/RD/WORK_INDENT4237,Development of drains and roads in Shankarapuram area in Ward No 162 Sunkenahalli,BBMP,BBMP Chikpeth South,Roads,Awarded,,T L SANTHOSH KUMAR,3206325.35,09-10-2024 16:15:19
162,126447,BBMP/2024-25/RD/WORK_INDENT4236,Providing & Development of drains and culverts in Ward No 162 Sunkenahalli,BBMP,BBMP Chikpeth South,Roads,Awarded,,RAMAPPA ULLEGADDI,202000.00,09-10-2024 16:14:46
162,126459,BBMP/2024-25/RD/WORK_INDENT4238,Development of drains and roads in Kempegowdanagara and Sudhamangara in Ward No 162 Sunkenahalli,BBMP,BBMP Chikpeth South,Roads,Awarded,,RAMAPPA ULLEGADDI,115691.63,09-10-2024 16:08:39
163,154114,BBMP/2024-25/OW/WORK_INDENT6354,"Primary Door to Door Collection and transportation of segregated wet waste, sanitary waste, street sweeping waste and Secondary Transportation of segregated wet, mixed and street sweeping waste to respective plant and landfill in Old Ward No. 163 katriguppe Basavangudi division",BBMP,BBMP Basavanagudi South,Other Works,Awarded,4537567.36,,,29-01-2025 17:22:31
163,151850,BBMP/2024-25/RD/WORK_INDENT6286,"Maintenance of roads, drains and footpath work in Ward No 163 V V Puram Ward of Vishweshwarapuram Sub division for the year 2024-25",BBMP,BBMP Chikpeth South,Roads,Awarded,,UMASHANKAR RAJU KONDUR,16104027.19,20-01-2025 15:34:07
163,148169,BBMP/2024-25/EL/WORK_INDENT5896/CALL-2,"Annual Maintenance of all telephones,Broad Band systems and other peripherals in BBMP South Zonal Complex Building 2nd Block Jayanagar in ward no 163",BBMP,BBMP Electrical South,Electrical,Awarded,168957.95,,,04-01-2025 14:13:38
163,126501,BBMP/2024-25/RD/WORK_INDENT4243,Improvements of drains and roads in Mavalli in Ward No 163 V V Puram,BBMP,BBMP Chikpeth South,Roads,Awarded,,,,09-10-2024 16:17:31
163,126485,BBMP/2024-25/RD/WORK_INDENT4242,Improvements of drains and roads in V V Puram in Ward No 163 V V Puram,BBMP,BBMP Chikpeth South,Roads,Awarded,,H S HEMAVATHI,1621170.06,09-10-2024 16:17:00
163,126484,BBMP/2024-25/RD/WORK_INDENT4241,Improvements of drains and roads in Jayanagara 1st and 2nd Block in Ward No 163,BBMP,BBMP Chikpeth South,Roads,Awarded,,,,09-10-2024 16:16:31
163,126478,BBMP/2024-25/RD/WORK_INDENT4240,Improvements of drains and roads in Someshwaranagara & Kutty Colony in Ward 163 V V Puram,BBMP,BBMP Chikpeth South,Roads,Awarded,,ANNAPPA P,1198699.28,09-10-2024 16:09:18
164,154089,BBMP/2024-25/OW/WORK_INDENT6355,"Primary Door to Door Collection and transportation of segregated wet waste, sanitary waste, street sweeping waste and Secondary Transportation of segregated wet, mixed and street sweeping waste to respective plant and landfill in Old Ward No.164 Vidyapeeta Basavangudi division",BBMP,BBMP Basavanagudi South,Other Works,Awarded,4399405.22,,,29-01-2025 17:23:03
164,151853,BBMP/2024-25/RD/WORK_INDENT6287,"Maintenance of roads, drains and footpath work in Ward No 164 Hombegowdanagara Ward of Vishweshwarapuram Sub division for the year 2024-25",BBMP,BBMP Chikpeth South,Roads,Awarded,,,,20-01-2025 15:33:38
164,126616,BBMP/2024-25/EL/WORK_INDENT4259,Operation and Maintenance of Street lighting System in Hombegowda Nagar ward No.164 and Venkatareddy Nagar ward No 165 Package S-8 of South zone. (For 8 Months),BBMP,BBMP Electrical South,Electrical,Awarded,3047673.78,VIJAYKUMAR VEERAIAH ARADHYAMATH,11632313.80,09-10-2024 17:50:18
164,126518,BBMP/2024-25/RD/WORK_INDENT4247,Improvements of roads and drains in Guttepalya Siddapura surrounding area in ward 164 Hombegowda nagara,BBMP,BBMP Chikpeth South,Roads,Awarded,,ABHILASH M J( NASCENT CONSTRUCTIONS ),161965.00,09-10-2024 16:19:30
164,126513,BBMP/2024-25/RD/WORK_INDENT4246,"Improvements of roads and drains in lakkasandra,wilson and surrounding area in ward 164 Hombegowdanagara",BBMP,BBMP Chikpeth South,Roads,Awarded,,SANKANAGOUDA J KYATANAGOUDAR,301933.92,09-10-2024 16:19:01
164,126508,BBMP/2024-25/RD/WORK_INDENT4245,Improvements of roads and drains in siddapura Lalbagh near Inyath masid and surrounding area in ward 164 Hombegowda nagara,BBMP,BBMP Chikpeth South,Roads,Awarded,,THIMMAREDDY DUGGI REDDY( SAIPAVANI CONSTRUCTIONS INDIA PRIVATE LIMITED ),46593764.20,09-10-2024 16:18:29
165,196888,BBMP/2025-26/RD/WORK_INDENT7638,"Improvements to drains and CC roads in Banagiri nagara and 7th Block, Banashankari 3rd stage Surrounding area in Ward No-189 Ganesh Mandira Ward (Old Ward No-165).",BBMP,BBMP Padmanabhanagar South,Roads,Awarded,,BASAVARAJ MALLAPPA KENDRI( SHRI BASAVESHWAR ELECTRICAL WORKS ),125408.85,11-06-2025 13:11:48
165,196880,BBMP/2025-26/RD/WORK_INDENT7636,"Improvements to drains in Lakshmanappa, Garden Papaiah Garden and Surrounding area in Ward No-189 Ganesh Mandira Ward (Old Ward No-165).",BBMP,BBMP Padmanabhanagar South,Roads,Awarded,,Manoj Naik B M,2778806.08,11-06-2025 13:09:27
165,196883,BBMP/2025-26/RD/WORK_INDENT7637,"Improvements to roads in Gururaja layout, Banagiri nagara and Banashankari 3rd stage Surrounding area in Ward No-189 Ganesh Mandira Ward (Old Ward No-165).",BBMP,BBMP Padmanabhanagar South,Roads,Awarded,,GIRISH A,579647.50,11-06-2025 13:03:37
165,196876,BBMP/2025-26/RD/WORK_INDENT7635,Improvements to drains in 7th block Banashankari 3rd stage and surrounding area in Ward No-189 Ganesh Mandira Ward (Old Ward No-165).,BBMP,BBMP Padmanabhanagar South,Roads,Awarded,,CHANDAPPA SANGAPPA KAREKALLA,872922.49,11-06-2025 12:57:50
165,195531,BBMP/2025-26/RD/WORK_INDENT7538,"Improvements of roads, drains and other developments in Laxman Layout and surrounding area in Ward No 165 B Venkatareddy Nagara",BBMP,BBMP Chikpeth South,Roads,Awarded,,KANTAPPA,8431589.48,04-06-2025 17:49:38
165,195529,BBMP/2025-26/RD/WORK_INDENT7537,Improvements of roads and drains in Wilson manor road (Bande Park Road) and surrounding area in Ward No 165 B Venkatareddy Nagara,BBMP,BBMP Chikpeth South,Roads,Awarded,,Mahamad Rafi J( LUCKY POWER SYSTEM ),6952787.00,04-06-2025 17:49:19
165,151855,BBMP/2024-25/RD/WORK_INDENT6288,"Maintenance of roads, drains and footpath work in Ward No 165 B Venkatareddy Nagara Ward of Vishweshwarapuram Sub division for the year 2024-25",BBMP,BBMP Chikpeth South,Roads,Awarded,,,,20-01-2025 15:33:11
165,126616,BBMP/2024-25/EL/WORK_INDENT4259,Operation and Maintenance of Street lighting System in Hombegowda Nagar ward No.164 and Venkatareddy Nagar ward No 165 Package S-8 of South zone. (For 8 Months),BBMP,BBMP Electrical South,Electrical,Awarded,3047673.78,VIJAYKUMAR VEERAIAH ARADHYAMATH,11632313.80,09-10-2024 17:50:18
165,126544,BBMP/2024-25/RD/WORK_INDENT4251,Improvements to drains and roads in 9th Cross road in Someshwaranagara and surrounding area in ward No 165 B Venkatareddy Nagara,BBMP,BBMP Chikpeth South,Roads,Awarded,,,,09-10-2024 16:20:27
165,126534,BBMP/2024-25/RD/WORK_INDENT4250,Improvements to drains and roads in 1st Cross road in RBI layout and surrounding area in ward No 165 B Venkatareddy Nagara,BBMP,BBMP Chikpeth South,Roads,Awarded,,MOHANA K S (1)( VIJAYALAKSHMI ASSOCIATES ),3244599.00,09-10-2024 16:10:27
165,126528,BBMP/2024-25/RD/WORK_INDENT4249,Improvements to drains and roads in 1st Main road SRK Garden and surrounding area in ward No 165 B Venkatareddy Nagara,BBMP,BBMP Chikpeth South,Roads,Awarded,,,,09-10-2024 16:09:55
165,125654,BBMP/2024-25/RD/WORK_INDENT4005,"Improvements to drain at 35th main & 1st C cross, Banagirinagar in Ward No.189 (Old Ward No.165).",BBMP,BBMP Padmanabhanagar South,Roads,Awarded,,,,08-10-2024 18:31:22
165,125653,BBMP/2024-25/RD/WORK_INDENT4003,"Improvements to drain at 3rd cross, 2nd main & 3rd main at 7th block, 4th phase, BSK 3rd Stage in Ward No.189(Old Ward No.165).",BBMP,BBMP Padmanabhanagar South,Roads,Awarded,,PRATHAP K T,91714.01,08-10-2024 18:30:46
165,125652,BBMP/2024-25/RD/WORK_INDENT4002,"Improvements to drain at 33rd main and 34th main from 1st A cross to OR road, Banagirinagar in Ward No.189 (Old Ward No.165).",BBMP,BBMP Padmanabhanagar South,Roads,Awarded,,,,08-10-2024 18:30:08
165,125487,BBMP/2024-25/RD/WORK_INDENT4001,"Improvements to drain at 31st main and 32nd main from 1st A cross to OR road, Banagirinagar in Ward No.189 (Old Ward No.165).",BBMP,BBMP Padmanabhanagar South,Roads,Awarded,,NAGARAJ R( MALALI DEVELOPERS ),69988070.16,08-10-2024 18:26:55
165,25452,BBMP/2023-24/OW/WORK_INDENT181/CALL-2,"Maintenance of roads, drains and footpath in Ward No-165 Ganesha Mandira Ward for the year 2023-24.",BBMP,BBMP Padmanabhanagar South,Other Works,Awarded,,SHIVALINGAIAH SATISH,5137805.50,16-10-2023 18:16:21
166,196772,BBMP/2025-26/RD/WORK_INDENT7630,"Improvements to Roads and Drains at 24th Cross from 9th Main to 21st Main Up to 22nd Cross and 20th cross, BSK 2nd Stage in Ward No-190 Devagiri Temple Ward (Old Ward No-166).",BBMP,BBMP Padmanabhanagar South,Roads,Awarded,,,,11-06-2025 13:15:39
166,196769,BBMP/2025-26/RD/WORK_INDENT7629,Improvement to Drain and Culverts at Ambedkarnagar in Ward No-190 Devagiri Temple Ward (Old Ward No-166).,BBMP,BBMP Padmanabhanagar South,Roads,Awarded,,,,11-06-2025 13:10:02
166,196760,BBMP/2025-26/RD/WORK_INDENT7622,"Improvement to Drain at 8th Main road From 23rd Cross to 24th A cross in Karisandra, BSK 2nd Satge in Ward No-190 Devagiri Temple Ward (Old Ward No-166).",BBMP,BBMP Padmanabhanagar South,Roads,Awarded,,PRAVEEN M CHIKKANNANAVAR,642577.16,11-06-2025 13:07:38
166,196768,BBMP/2025-26/RD/WORK_INDENT7627,"Improvement to Drain and Concrete Road at 7th Main from 27th Cross to 7th Cross in Kaverinagara, BSK 2nd Satge in Ward No-190 Devagiri Temple Ward (Old Ward No-166).",BBMP,BBMP Padmanabhanagar South,Roads,Awarded,,PANEMANGALORE SORNADU ABDULLATHEEF,3534674.68,11-06-2025 13:01:10
166,135990,BBMP/2024-25/RD/WORK_INDENT5486,"Improvement of drains and Providing Asphalting at East Street, Bangiyappa Garden Cross roads and Surrounding area in ward no -166 Shanthinagar.",BBMP,BBMP Shanthinagar East,Roads,Awarded,,Balachandra Manjunath Mesta,744216.11,19-11-2024 19:57:20
166,125311,BBMP/2024-25/RD/WORK_INDENT3997,"Improvements to drains at 31st cross, 31st A cross from Kariyappa road to 3rd main of 7th block Jayanagar and surroundings in Ward No.190 Devagiri Temple (Old Ward No.166).",BBMP,BBMP Padmanabhanagar South,Roads,Awarded,,N CHANDRASHEKAR( NANDI. ENTERPRISES.. ),2761620.27,08-10-2024 18:22:35
166,125308,BBMP/2024-25/RD/WORK_INDENT3996,"Providing and Asphalting to roads at 31st cross, 31st A cross from Kariyappa road to 3rd main of 7th block Jayanagar and surroundings in Ward No.190 Devagiri Temple (Old Ward No.166).",BBMP,BBMP Padmanabhanagar South,Roads,Awarded,,,,08-10-2024 18:21:57
166,107900,BBMP/2024-25/RD/WORK_INDENT3461,Comprehensive development of roads drains Culverts and footpath in Ward No 166 and 167 of Shanthinagara sub division Total 6 No of Works Govt Sl No 1 2 3 4 5 and 6 Package- 01,BBMP,BBMP Shanthinagar East,Roads,Awarded,52224954.3,,,12-08-2024 14:51:04
166,31042,BBMP/2023-24/OW/WORK_INDENT182/CALL-3,"Maintenance of roads, drains and footpath in Ward No-166 Karisandra for the year 2023-24.",BBMP,BBMP Padmanabhanagar South,Other Works,Awarded,,K S SRINIVASAN,5115593.28,04-11-2023 11:52:46
166,25566,BBMP/2023-24/OW/WORK_INDENT543,Providing concrete patch works and improvements to drains at Hunisemara/Kaverinagara area in Ward No-201 Umamaheshwara Ward (Old Ward No-166).,BBMP,BBMP Padmanabhanagar South,Other Works,Awarded,,RAMU N,1189743.22,17-10-2023 10:47:42
167,211779,BBMP/2025-26/RD/WORK_INDENT7595/CALL-3,Improvements to roads and drains at Tata Silk Farm and surrounding area in Ward No-188 Yediyur (Old Ward No-167).,BBMP,BBMP Padmanabhanagar South,Roads,Awarded,,SHIVASHANKAR M,1916348.00,31-07-2025 15:43:27
167,211762,BBMP/2025-26/RD/WORK_INDENT7594/CALL-3,Improvements to roads and drains at Shastrinagar and surrounding area in Ward No-188 Yediyur (Old Ward No-167).,BBMP,BBMP Padmanabhanagar South,Roads,Awarded,,,,31-07-2025 15:42:48
167,206637,BBMP/2025-26/OW/WORK_INDENT8133,"Dismantling Residential building deviated portions at Property No. 36/11, S.Kariyappa road, Papu Cottage, Bangalore in Ward No-167.",BBMP,BBMP Padmanabhanagar South,Other Works,Awarded,,MALAPPA,2021347.28,16-07-2025 11:22:24
167,206632,BBMP/2025-26/OW/WORK_INDENT8132,"Dismantling Residential building deviated portions at Property No. 5 (Old No. 155), 27th Cross road, 6th block Jayanagar, Bangalore in Ward No-167.",BBMP,BBMP Padmanabhanagar South,Other Works,Awarded,,S MALLIKARJUNA,3857938.65,16-07-2025 11:21:54
167,206628,BBMP/2025-26/OW/WORK_INDENT8131,"Dismantling Residential building deviated portions at Site No. 1, 5th B Main road, Tata Silk Farm, Bangalore in Ward No-167.",BBMP,BBMP Padmanabhanagar South,Other Works,Awarded,,SHIVAKUMAR,547604.93,16-07-2025 11:21:26
167,196196,BBMP/2025-26/RD/WORK_INDENT7596,Improvements to concrete roads and drains at Obalappa Garden surrounding area in Ward No-188 Yediyur (Old Ward No-167).,BBMP,BBMP Padmanabhanagar South,Roads,Awarded,,DEVARAJ RAMAREDDY( RAMA ENTERPRISES ),7892933.04,06-06-2025 16:06:05
167,196162,BBMP/2025-26/RD/WORK_INDENT7593,Improvements to roads and drains at Papu cottage and surrounding area in Ward No-188 Yediyur (Old Ward No-167).,BBMP,BBMP Padmanabhanagar South,Roads,Awarded,,,,06-06-2025 16:04:17
167,150535,BBMP/2024-25/OW/WORK_INDENT6074,Repair works at Residency Road Shopping Complex in ward No-167,BBMP,BBMP Project East,Other Works,Awarded,847060.47,ASIFAHMED DASTAGIR SHINGOTI( UNIQUE ELECTRICALS.... ),1011346.00,15-01-2025 09:07:58
167,136059,BBMP/2024-25/RD/WORK_INDENT5490,"Improvement of roads,drainsandfootpath atResidency Cross Road,Brigade Road cross road and surrounding area at ward no-167 Ashoknagar.",BBMP,BBMP Shanthinagar East,Roads,Awarded,,SAJITH KUMAR,2003161.57,19-11-2024 19:52:18
167,135852,BBMP/2024-25/RD/WORK_INDENT3981/CALL-2,Improvements to Drains at MM Industries road and Surrounding area in Ward No.188 (Old Ward No.167).,BBMP,BBMP Padmanabhanagar South,Roads,Awarded,,,,16-11-2024 14:26:53
167,129584,BBMP/2024-25/EL/WORK_INDENT4526,Providing Tubular Pole and LED Street lights with accessories to Interconnecting road of Chinnaswamy stadium to MG Road in ward no-167,BBMP,BBMP Electrical East,Electrical,Awarded,347463.4,ANIL KUMAR R,1689249.41,23-10-2024 16:59:44
167,125305,BBMP/2024-25/RD/WORK_INDENT3995,Improvements to Roads and Drains at AK Colony area 6th block Jayanagar in Ward No.188 (Old Ward No.167).,BBMP,BBMP Padmanabhanagar South,Roads,Awarded,,BASAVARAJAGOUDA GANEKAL (1),104644222.17,08-10-2024 18:21:18
167,125227,BBMP/2024-25/RD/WORK_INDENT3980,Improvements to Drains at 23rd cross from 2nd main to 3rd main 6th block Jayanagar in Ward No.188 (Old Ward No.167).,BBMP,BBMP Padmanabhanagar South,Roads,Awarded,,C RAJENDRAPPA,748097.53,08-10-2024 16:52:39
167,125226,BBMP/2024-25/RD/WORK_INDENT3979,Improvements to Drains at 24th cross from 2nd main to 3rd main 6th block Jayanagar in Ward No.188 (Old Ward No.167).,BBMP,BBMP Padmanabhanagar South,Roads,Awarded,,MUMMADI HARIPRASAD REDDY( MUMMADI HARIPRASAD REDDY ),708691.89,08-10-2024 16:52:03
167,125181,BBMP/2024-25/RD/WORK_INDENT3978,Providing Asphalting at 4th main Byrappa block from SMV Road to SV road in Ward No.188 (Old Ward No.167).,BBMP,BBMP Padmanabhanagar South,Roads,Awarded,,,,08-10-2024 16:51:16
167,125179,BBMP/2024-25/RD/WORK_INDENT3977,Improvements to Drains at 4th main Byrappa block from SMV Road to SV road in Ward No.188 (Old Ward No.167).,BBMP,BBMP Padmanabhanagar South,Roads,Awarded,,,,08-10-2024 16:48:07
167,107923,BBMP/2024-25/RD/WORK_INDENT3462,Comprehensive development of roads drains Culverts footpath and Providing Street Name Boards in Ward No 167 of Shanthinagara sub division Total 6 No of Works Govt Sl No 7 8 9 10 11 and 12 Package-02,BBMP,BBMP Shanthinagar East,Roads,Awarded,52221569.19,Basanna,1160248.00,12-08-2024 14:50:19
167,66800,BBMP/2023-24/RD/WORK_INDENT2482,Providing CC roads at DorabSeth Road Austin town In Ward No-167 Ashokanagara under SCSP-TSP Grant for Block no-36,BBMP,BBMP Shanthinagar East,Roads,Awarded,1073596.12,R Shanthakumar,1628676.80,15-02-2024 17:50:51
167,31043,BBMP/2023-24/OW/WORK_INDENT183/CALL-3,"Maintenance of roads, drains and footpath in Ward No-167 Yediyur for the year 2023-24.",BBMP,BBMP Padmanabhanagar South,Other Works,Awarded,,SHANKAR NANDINI( IMPANA CONSTRUCTIONS ),5159533.36,04-11-2023 11:53:35
167,14247,BBMP/2023-24/OW/WORK_INDENT315,Comprehensive Development of Roads and drains and community properties in Ward No-200 Yediyur (Old Ward No-167).,BBMP,BBMP Padmanabhanagar South,Other Works,Awarded,,MANJUNATH S,26305324.19,07-09-2023 17:19:34
168,136469,BBMP/2024-25/OW/WORK_INDENT5541,Repairs and Mainantenance of Footpath in Ward No -168 Neelasandra for the year 2024-25,BBMP,BBMP Shanthinagar East,Other Works,Awarded,,S Narayana,2192279.86,20-11-2024 14:38:01
168,136089,BBMP/2024-25/RD/WORK_INDENT5493,Improvement of roads & drains at Umar farooq street and Surrounding Area at ward No-168-Neelasandra.,BBMP,BBMP Shanthinagar East,Roads,Awarded,,,,19-11-2024 17:48:46
168,131597,BBMP/2024-25/OW/WORK_INDENT4861,"Improvements of footpath, providing missing slabs,missing kerbs and annual ward maintenance works in ward no 168 Neelasandra for the year 2023-24",BBMP,BBMP Shanthinagar East,Other Works,Awarded,2115611.48,PENAYAKI SHANMUKAPPA DEVENDRAPPA( P S DEVENDRAPPA ),2127064.58,30-10-2024 19:38:46
169,145476,BBMP/2024-25/RD/WORK_INDENT6037,Development of Roads and drains in Ayyappa block Austin town and Surrounding area in Ward No 169 Vannarpete,BBMP,BBMP Shanthinagar East,Roads,Awarded,,K Doddabasappa( SRI VINAYAKA BOREWELLS ),313159.17,23-12-2024 14:23:24
170,136213,BBMP/2024-25/RD/WORK_INDENT5500,Development of Road and Drains in 8th main and 10th main Jogupalya and surrounding area in Ward No-170 Jogupalya,BBMP,BBMP Shanthinagar East,Roads,Awarded,,GOUTAM DEVARAJ VENGURLEKAR,26304.00,19-11-2024 19:46:06
170,136229,BBMP/2024-25/RD/WORK_INDENT5498,Development of CC road and Drains in Appareddypalya and Motappana palya in Ward No-170 Jogupalya,BBMP,BBMP Shanthinagar East,Roads,Awarded,,K DEVARAJULU NAIDU( SRI BALAJI CONSTRUCTIONS...... ),2540021.41,19-11-2024 17:43:36
171,136739,BBMP/2024-25/RD/WORK_INDENT5586,Development of CC Road in Amarjyothi layout in Ward no-171 Domlur,BBMP,BBMP Shanthinagar East,Roads,Awarded,,,,20-11-2024 17:49:40
172,20150,BBMP/2023-24/OW/WORK_INDENT254/CALL-2,"Maintenance of Roads, drains and footpath work in Ward No-172 Madiwala for the year 2023-24.",BBMP,BBMP BTM South,Other Works,Awarded,,SHIVAKUMAR R,5296718.78,22-09-2023 15:25:53
173,196144,BBMP/2025-26/OW/WORK_INDENT7584,"Desilting, construction of CC drain and other improvement works in ward no.173 Ejipura",BBMP,BBMP BTM South,Other Works,Awarded,,,,06-06-2025 14:43:11
173,196148,BBMP/2025-26/OW/WORK_INDENT7583,Desilting and other improvements to drains and culvert in Ward No.173 Ejipura,BBMP,BBMP BTM South,Other Works,Awarded,,Nagaraja,423124.64,06-06-2025 14:42:47
173,153931,BBMP/2024-25/RD/WORK_INDENT6356,"Filling of potholes in ward No. 173, 174 and 175 in Koramangala Sub Division",BBMP,BBMP BTM South,Roads,Awarded,,S SHIVARAJU,871300.00,29-01-2025 17:38:12
173,151014,BBMP/2024-25/OW/WORK_INDENT6204,"Maintenance of Roads, drains and footpath work in ward No. 173 Ejipura for the year 2024-25",BBMP,BBMP BTM South,Other Works,Awarded,,Sagar,527522.94,16-01-2025 15:40:28
173,150338,BBMP/2024-25/OW/WORK_INDENT6183,"Comprehensive Developments of Roads, Drains, Parks and providing Cobble Stone in 14th Cross, 15th Cross, 16th Cross, 17th Cross and 18th Cross roads, 2nd D Main road, 8th Block 1st C Main road, 1st B Main, 1st B cross road and 1st A Cross road in 7th Block Koramangala in Ward No 173 Ejipura and Ward No 176 Adugodi",BBMP,BBMP BTM South,Other Works,Awarded,,,,13-01-2025 17:15:18
173,126903,BBMP/2024-25/OW/WORK_INDENT4326,"Providing and Restoration of Existing Damaged Cobble stone pavers roads, Footpath and other development works in Ejipura and surrounding area in ward No.173 (Old No.148) Ejipura",BBMP,BBMP BTM South,Other Works,Awarded,,K C Sreedhara,3072013.75,10-10-2024 14:13:13
173,126438,BBMP/2024-25/OW/WORK_INDENT4303,Improvements and Construction of Culverts in Koramangala Ward Jurisdiction in ward No. 173 (Old No.148) Ejipura,BBMP,BBMP BTM South,Other Works,Awarded,,PRAVEEN R,2117305.96,10-10-2024 14:11:58
173,126895,BBMP/2024-25/OW/WORK_INDENT4327,"Improvements to Roads side Drains and Roads and Other Developmental Works in Cross roads, main roads and and Surrounding Roads in ward No. 173 (Old No.148) Ejipura",BBMP,BBMP BTM South,Other Works,Awarded,,ASHOKA K R( JANHAVI ELECTRICALS ),398000.00,10-10-2024 14:07:20
173,126911,BBMP/2024-25/OW/WORK_INDENT4325,Improvements to Drains in Sri rama Temple roads and surrounding roads in ward No. 173 (Old No.148) Ejipura,BBMP,BBMP BTM South,Other Works,Awarded,,,,10-10-2024 14:04:51
173,11908,BBMP/2023-24/OW/WORK_INDENT260,"Maintenance of Roads, drains and footpath work in Ward No-173 Jakkasandra for the year 2023-24.",BBMP,BBMP BTM South,Other Works,Awarded,,RAMASWAMY MOHAN RAVI,5044038.65,24-08-2023 18:55:22
174,196221,BBMP/2025-26/OW/WORK_INDENT7614,Desilting and Improvements to Drain in cross and Main roads and other development works in 6th Block Koramangala and Surrounding area in Ward No.174 Koramangala,BBMP,BBMP BTM South,Other Works,Awarded,,NOOR AHAMAD (1)( SULTAN ELECTRICALS ),5895300.00,06-06-2025 16:55:48
174,196177,BBMP/2025-26/OW/WORK_INDENT7575,Desilting and Improvements to Drain in cross and Main roads and other development works in 1st Block Jakksandra Extension and EWS area in Ward No.174 Koramangala,BBMP,BBMP BTM South,Other Works,Awarded,,SANJU KARAVEERAPPA WAGMODE,223477.96,06-06-2025 14:36:20
174,196185,BBMP/2025-26/OW/WORK_INDENT7576,Desilting and Improvements to Drain in cross and Main roads and other development works in 3rd Block Jakksandra Block and EWS area in Ward No.174 Koramangala,BBMP,BBMP BTM South,Other Works,Awarded,,SATISH R,6976367.17,06-06-2025 14:35:53
174,196188,BBMP/2025-26/OW/WORK_INDENT7577,"Desilting of drain, Restoration of Damaged cobble stone roads and other developmental works in Mestripalya, kathalipalya, SBI Colony in ward No.174 Koramangala",BBMP,BBMP BTM South,Other Works,Awarded,,,,06-06-2025 14:35:28
174,186047,BBMP/2025-26/OW/WORK_INDENT7215,"Comprehensive Development of Asphalt Roads, Cobble stone Pavers, Improvements to drains, culverts and other development works in Kuduremukha Colony, 1st Block, 2nd Block (Underpass to Silk Board Junction), 3rd Block, 4th Block, 6th Block of Koramangala and surrounding area of ward No 174 (Old No 151) of BTM layout Division",BBMP,BBMP BTM South,Other Works,Awarded,,,,03-05-2025 17:35:16
174,150363,BBMP/2024-25/OW/WORK_INDENT6185,"Comprehensive Developments of Roads, Drains, Parks and Footpaths in 2nd Cross 3rd Block Koramangala, 3rd Cross road, 7th Cross and 6th Cross and Providing Chain link fencing to BBMP Park beside Tax Office Jakkasandra in Ward No 174 Koramangal and Ward No 175 Jakkasandra",BBMP,BBMP BTM South,Other Works,Awarded,,Shivaprasad S,567936.37,13-01-2025 17:16:39
174,126444,BBMP/2024-25/OW/WORK_INDENT4307,Improvements and Construction of Culverts in Koramangala Ward Jurisdiction in ward No. 174 (Old No.151) Koramangala,BBMP,BBMP BTM South,Other Works,Awarded,,,,10-10-2024 14:26:18
174,126881,BBMP/2024-25/OW/WORK_INDENT4330,"Providing and Restoration of Existing Damaged Cobble stone pavers roads, Footpath and other development works in Koramangala village, Mestripalya, kathaliypalya and surrounding area in ward No. 174 (Old No.151) Koramangala",BBMP,BBMP BTM South,Other Works,Awarded,,GIRIMALLAPPA,3173203.67,10-10-2024 14:14:06
174,126888,BBMP/2024-25/OW/WORK_INDENT4329,Improvements to Drains in Koramangala Cross and Main roads in ward No. 174 (Old No.151) Koramangala,BBMP,BBMP BTM South,Other Works,Awarded,,,,10-10-2024 14:13:42
174,126871,BBMP/2024-25/OW/WORK_INDENT4331,Improvements to Roads side Drains and Roads and Other Developmental Works in 1st Block Jakkasandra Extension and Surrounding Roads in ward No. 174 (Old No.151) Koramangala,BBMP,BBMP BTM South,Other Works,Awarded,,Nagaiah,1843088.72,10-10-2024 14:08:39
175,196224,BBMP/2025-26/OW/WORK_INDENT7615,Asphalting and other improvement of works in Service road in ward No175 Jakkasandra,BBMP,BBMP BTM South,Other Works,Awarded,,NARAYANA REDDY CHANDRA REDDY,3553771.37,06-06-2025 16:59:05
175,196226,BBMP/2025-26/OW/WORK_INDENT7616,Asphalting and other improvement of works in 7th cross road and surrounding area jakkasandra in ward No.175 Jakkasandra,BBMP,BBMP BTM South,Other Works,Awarded,,,,06-06-2025 16:55:25
175,196129,BBMP/2025-26/OW/WORK_INDENT7586,Improvement to Road & Drains and other development works in ward No.175 Jakkasandra,BBMP,BBMP BTM South,Other Works,Awarded,,MADIWALAPPA M MUNDEWADAGI( M M MUNDEWADAGI CONSTRUCTION COMPANY ),12708841.21,06-06-2025 14:45:26
175,150927,BBMP/2024-25/OW/WORK_INDENT6206,"Maintenance of Roads, drains and footpath work in ward No. 175 Jakkasandra for the year 2024-25",BBMP,BBMP BTM South,Other Works,Awarded,,SADASHIV BHARAMAPPA DALAWAI( S B DALAWAI CONSTRUCTIONS ),25310283.46,16-01-2025 15:42:45
175,150363,BBMP/2024-25/OW/WORK_INDENT6185,"Comprehensive Developments of Roads, Drains, Parks and Footpaths in 2nd Cross 3rd Block Koramangala, 3rd Cross road, 7th Cross and 6th Cross and Providing Chain link fencing to BBMP Park beside Tax Office Jakkasandra in Ward No 174 Koramangal and Ward No 175 Jakkasandra",BBMP,BBMP BTM South,Other Works,Awarded,,Shivaprasad S,567936.37,13-01-2025 17:16:39
175,126864,BBMP/2024-25/OW/WORK_INDENT4334,"Providing and Restoration of Existing Damaged Cobble stone pavers roads to Cross road and Main roads in Jakkasandra, maintenance of BBMP building and other development works in Jakkasandra ward No.175 (Old No.173) Jakkasandra.",BBMP,BBMP BTM South,Other Works,Awarded,,,,10-10-2024 14:15:17
175,126867,BBMP/2024-25/OW/WORK_INDENT4333,"Improvement and Construction to Roads, Drains, Culverts and Footpath in Teachers colony, KSRP Campus and Installation of Rain water harvesting pits near shoulder drains and other Development works in ward No.175 (Old No.173) Jakkasandra.",BBMP,BBMP BTM South,Other Works,Awarded,,SAGAR S PATHRUT( SHRI MAHALAXMI ENTERPRISES ),306437.68,10-10-2024 14:14:43
176,196233,BBMP/2025-26/OW/WORK_INDENT7618,Desilting and Improvements to Drain in cross and Main roads and other development works in 5th Block Koramangala and Surrounding area in Ward No.176 Adugodi,BBMP,BBMP BTM South,Other Works,Awarded,,MAHADEVAPPA YALLAPPA ASODI( SRI GANGADHAR ELECTRICALS ),9931164.82,06-06-2025 16:58:37
176,196194,BBMP/2025-26/OW/WORK_INDENT7580,"Improvements to roads, drains and Footpath in 7th Blcok and 8th Block Koramangala in ward No.176 Adugodi",BBMP,BBMP BTM South,Other Works,Awarded,,Shantharaju N R( TRANSFO ELECTRICALS ),4791556.90,06-06-2025 14:34:56
176,196192,BBMP/2025-26/OW/WORK_INDENT7579,Desilting and Improvements to Drain in cross and Main roads and other development works in 7th Block Koramangala and Surrounding area in Ward No.176 Adugodi,BBMP,BBMP BTM South,Other Works,Awarded,,NANDISH GOWDA G R,5667289.04,06-06-2025 14:32:59
176,153935,BBMP/2024-25/RD/WORK_INDENT6361,"Filling of potholes in ward No. 176, 177 and 178 in Adugodi Sub Division",BBMP,BBMP BTM South,Roads,Awarded,,M A Ravikumara,7678388.74,29-01-2025 17:36:49
176,150935,BBMP/2024-25/OW/WORK_INDENT6207,"Maintenance of Roads, drains and footpath work in ward No. 176 Adugodi for the year 2024-25",BBMP,BBMP BTM South,Other Works,Awarded,,,,16-01-2025 15:43:17
176,150338,BBMP/2024-25/OW/WORK_INDENT6183,"Comprehensive Developments of Roads, Drains, Parks and providing Cobble Stone in 14th Cross, 15th Cross, 16th Cross, 17th Cross and 18th Cross roads, 2nd D Main road, 8th Block 1st C Main road, 1st B Main, 1st B cross road and 1st A Cross road in 7th Block Koramangala in Ward No 173 Ejipura and Ward No 176 Adugodi",BBMP,BBMP BTM South,Other Works,Awarded,,,,13-01-2025 17:15:18
176,126450,BBMP/2024-25/OW/WORK_INDENT4311,Construction and Improvements to Drains and Roads and Other Developmental Works in Rajendra nagar in ward No. 176 (Old No.147) Adugodi,BBMP,BBMP BTM South,Other Works,Awarded,,SANGAPPA TIPPANNA BHAVIMANI,6024955.22,10-10-2024 14:25:13
176,126699,BBMP/2024-25/OW/WORK_INDENT4338,Improvements and Construction of Culverts in Adugodi Ward Jurisdiction in ward No. 176 (Old No.147) Adugodi,BBMP,BBMP BTM South,Other Works,Awarded,,K P PRUTHVIRAJ,1135599.00,10-10-2024 14:23:45
176,126860,BBMP/2024-25/OW/WORK_INDENT4336,Improvements to Roads side Drains and Roads and Other Developmental Works in 7th Block Koramangala in ward No. 176 (Old No.147) Adugodi,BBMP,BBMP BTM South,Other Works,Awarded,,,,10-10-2024 14:16:06
176,126863,BBMP/2024-25/OW/WORK_INDENT4335,Improvements & Development of Roads and Drains in 8th Block Koramangala and Surrounding roads in ward No. 176 (Old No.147) Adugodi,BBMP,BBMP BTM South,Other Works,Awarded,,ABHISHEK DUBEY (1)( DYNASOURE CONCRETE TREATMENT PVT LTD ),293746553.00,10-10-2024 14:15:42
176,81197,BBMP/2023-24/OW/WORK_INDENT3093,"Improvements to Footpath, Drains and Culverts in 7th block and 8th block cross and main roads in ward no.176 Adugodi",BBMP,BBMP BTM South,Other Works,Awarded,,,,12-03-2024 15:21:43
176,30576,BBMP/2023-24/OW/WORK_INDENT256/CALL-3,"Maintenance of Roads, drains and footpath work in Ward No-176 BTM Layout for the year 2023-24.",BBMP,BBMP BTM South,Other Works,Awarded,,Y H KRISHNA,5028277.21,03-11-2023 11:24:57
177,195576,BBMP/2025-26/OW/WORK_INDENT7544,Improvements to Drain and Repairs to BBMP Building in 16th Cross Lakkasandra in ward No 177 Lakkasandra,BBMP,BBMP BTM South,Other Works,Awarded,,LAKSHMINARAYANA( LAKSHIMINARAYANA ),3752424.24,05-06-2025 11:45:36
177,150946,BBMP/2024-25/OW/WORK_INDENT6208,"Maintenance of Roads, drains and footpath work in ward No. 177 Lakkasandra for the year 2024-25",BBMP,BBMP BTM South,Other Works,Awarded,,RANGASWAMY LAKSHMI,338022.31,16-01-2025 15:42:17
177,150399,BBMP/2024-25/OW/WORK_INDENT6188,"Comprehensive Developments of Drains, Roads, Culverts, Parks & providing CC Roads Parks in Ayyappa Garden, 1st to 3rd Cross, Rangadasappa layout, Nanjappa Layout, Roopena nagara, 24th main road, 1st Cross road, 1st Main road, Vyshya Bank Colony, Dollars Colony, KAS Colony and surrounding area in ward No 177 Lakkasandra ward and ward No 180 Someshwara Temple",BBMP,BBMP BTM South,Other Works,Awarded,,ARJUN CHALWADI,538461.65,13-01-2025 17:18:12
177,126711,BBMP/2024-25/OW/WORK_INDENT4340,"Improvements to Road, Drains and Footpath in 20th cross,2nd main,4th main,16th cross and surrounding area of lakkasandra in ward no 177",BBMP,BBMP BTM South,Other Works,Awarded,,K H Manohar( MITRA VRUNDA ELECTRICALS ),2104786.80,10-10-2024 14:21:43
177,126717,BBMP/2024-25/OW/WORK_INDENT4341,"Improvements to drains in Nanjappa layout 2nd main, 2nd B main and Mico main road in ward no 177 lakkasandra",BBMP,BBMP BTM South,Other Works,Awarded,,VIJAY SHRIKRISHNA MANJAREKAR( V S MANJAREKAR CONSTRUCTION ),7512924.00,10-10-2024 14:21:14
177,126725,BBMP/2024-25/OW/WORK_INDENT4342,"Improvements to Drains and other development works in CL layout, Pothalappa garden, Pukraj layout, Gopalappa Layout and surrounding area in ward no 177 Lakkasandra",BBMP,BBMP BTM South,Other Works,Awarded,,Mahesha S( SRI MANJUNATHA ELECTRICALS ),1633222.22,10-10-2024 14:20:40
178,196058,BBMP/2025-26/OW/WORK_INDENT7591,"Improvements of roads and drains at indurial area 1st main Balaji Nagar, suddaguntepalya and surrounding area in ward No. 178 S G Palya",BBMP,BBMP BTM South,Other Works,Awarded,,,,06-06-2025 14:44:29
178,196053,BBMP/2025-26/OW/WORK_INDENT7597,"Improvements of roads and drains and Brundavanangara, Maruthi Ngara, Chikkadugodi and surrounding area in ward No. 178 S G Palya",BBMP,BBMP BTM South,Other Works,Awarded,,CHANDRA SEKHAR PATCHALA (4)( BHAVISHYA BUSINESS CORP PRIVATE LIMITED ),51952604.70,06-06-2025 14:38:05
178,196197,BBMP/2025-26/OW/WORK_INDENT7581,Improvements of culverts and resetting of cobble pavering and other works in ward No. 178 S G Palya,BBMP,BBMP BTM South,Other Works,Awarded,,Sangmesh Gowda,4426687.45,06-06-2025 14:32:32
178,150410,BBMP/2024-25/OW/WORK_INDENT6194,"Comprehensive Developments of Drains, Roads, Culverts, Parks & Repairs to Building in Bhovi Colony from 1st Cross to 5th Cross, Krishnamurthy layout, Bharathi Layout, Krishna Industrial Area, Balajinagara, Bhavani nagara, Venkateshwara layout, Bhuvanappa layout, VP Road, 5th cross VP Road, 4th main Coconut garden, Chocolate factory road to Gunduthopu in Raghavendra layout, Venkateshwara layout and Construction of ROPlant in Bhavani nagarandKaverilayoutin ward No.178 SGPalyaand WardNo.179Madiwala",BBMP,BBMP BTM South,Other Works,Awarded,,MATHIN HUSSAIN ARIFF (1)( THE FALCON INFRASTRUCTURES ),5050515.88,13-01-2025 17:20:21
178,126732,BBMP/2024-25/OW/WORK_INDENT4346,Improvements to drains and other works in Bhovi colony and surrounding area in ward no 178 S G Palya,BBMP,BBMP BTM South,Other Works,Awarded,,M S MANJE GOWDA (1)( SRI MANJUNATHA ELECTRICALS . ),2148912.00,10-10-2024 14:20:11
178,126728,BBMP/2024-25/OW/WORK_INDENT4343,"Removing and Resetting of Cobble stone and Improvements to Roads, Drains and Footpath at Bhavani Nagara, Bharathi Layout, Balajinagara, Kavery Layout, Chikkadugodi, Maruthinagara and Surroundings area in ward No 178 S G Playa",BBMP,BBMP BTM South,Other Works,Awarded,,MAHANTHESH,4120989.10,10-10-2024 14:10:08
179,195930,BBMP/2025-26/OW/WORK_INDENT7610,"Improvements to roads, drains and culverts in Cashier Layout, Coconut Garden and surrounding areas in ward No.179 Madiwala",BBMP,BBMP BTM South,Other Works,Awarded,,RENUKAIAH J,131000.00,06-06-2025 15:13:23
179,195933,BBMP/2025-26/OW/WORK_INDENT7608,"Improvements to roads, drains and culverts in Manjunathanagara and surrounding areas in ward No.179 Madiwala",BBMP,BBMP BTM South,Other Works,Awarded,,Hemanth Kumar J N,8377579.95,06-06-2025 15:12:58
179,153926,BBMP/2024-25/RD/WORK_INDENT6362,"Filling of potholes in ward No. 179, 180 and 181 in BTM Layout Sub Division",BBMP,BBMP BTM South,Roads,Awarded,,C NAGARAJA,2843561.40,29-01-2025 17:39:31
179,150951,BBMP/2024-25/OW/WORK_INDENT6210,"Maintenance of Roads, drains and footpath work in ward No. 179 Madiwala for the year 2024-25",BBMP,BBMP BTM South,Other Works,Awarded,,MOHAMMAD IBRAHIM MUNSHI( M M MUNSHI AND CO ),2438901.35,16-01-2025 15:41:45
179,150410,BBMP/2024-25/OW/WORK_INDENT6194,"Comprehensive Developments of Drains, Roads, Culverts, Parks & Repairs to Building in Bhovi Colony from 1st Cross to 5th Cross, Krishnamurthy layout, Bharathi Layout, Krishna Industrial Area, Balajinagara, Bhavani nagara, Venkateshwara layout, Bhuvanappa layout, VP Road, 5th cross VP Road, 4th main Coconut garden, Chocolate factory road to Gunduthopu in Raghavendra layout, Venkateshwara layout and Construction of ROPlant in Bhavani nagarandKaverilayoutin ward No.178 SGPalyaand WardNo.179Madiwala",BBMP,BBMP BTM South,Other Works,Awarded,,MATHIN HUSSAIN ARIFF (1)( THE FALCON INFRASTRUCTURES ),5050515.88,13-01-2025 17:20:21
179,126742,BBMP/2024-25/OW/WORK_INDENT4348,"Improvements to Road, Drains and Footpath in Maruthi nagara main and cross roads in ward no 179 Madiwala",BBMP,BBMP BTM South,Other Works,Awarded,,SHANKARA MANJA( SRI DURGA ENTERPRISES ),1629534.51,10-10-2024 14:19:45
179,126745,BBMP/2024-25/OW/WORK_INDENT4354,"Improvements to drains in Gunduthopu, Venkateshwara layout,old madiwala and surrounding area in ward 179 Madiwala",BBMP,BBMP BTM South,Other Works,Awarded,,SHIVALILA( SPOORTHI ENTERPRISES ),3174317.90,10-10-2024 14:17:59
180,196846,BBMP/2025-26/RD/WORK_INDENT7633,Improvements to Roads and Drains at Gangadharanagar and Iliyasnagara and surrounding area in Ward No-191 Banashankari Temple Ward (Old Ward No-180).,BBMP,BBMP Padmanabhanagar South,Roads,Awarded,,,,11-06-2025 13:06:57
180,196833,BBMP/2025-26/RD/WORK_INDENT7632,Improvements to Roads and Drains at Teachers Colony 1st and 2nd Stage in Ward No-191 Banashankari Temple Ward (Old Ward No-180).,BBMP,BBMP Padmanabhanagar South,Roads,Awarded,,,,11-06-2025 13:05:42
180,196861,BBMP/2025-26/RD/WORK_INDENT7634,"Improvements to Roads and Drains at Pragathipura, Haricolony, Umarbagh Layout, Sarabandepalya and surrounding area in Ward No-191 Banashankari Temple Ward (Old Ward No-180).",BBMP,BBMP Padmanabhanagar South,Roads,Awarded,,,,11-06-2025 13:03:15
180,196047,BBMP/2025-26/OW/WORK_INDENT7600,"Desilting and other Improvement works 9th Main, 8th Main, 10th Main, 11th and 12th Main and Cross Roads in MICO Layout in Ward No 180 Someshwara Temple",BBMP,BBMP BTM South,Other Works,Awarded,,,,06-06-2025 14:39:00
180,186032,BBMP/2025-26/OW/WORK_INDENT7214,"Comprehensive development of Roads, Improvements to drains, culverts, footpath and Beautification and providing Green Edge existing White topping Road in Hosur Lashkar Road, 20th Main koramangala, 6th Cross Koramangala other works in Aicoba nagara, Manjunatha Layout, Roopenanagar, Sunshine colony, HSBCS Layout, KAS Colony, Pushpa Layout, Madeena nagara, Sanjeevamma Badavane, N S Palya, MICO layout, SFHS Layout and surrounding areain wardNo180SomeshwaraTemple& 181BTM Layout of BTM Layout Division",BBMP,BBMP BTM South,Other Works,Awarded,,,,03-05-2025 17:34:33
180,150955,BBMP/2024-25/OW/WORK_INDENT6211,"Maintenance of Roads, drains and footpath work in ward No. 180 Someshwara Temple ward for the year 2024-25",BBMP,BBMP BTM South,Other Works,Awarded,,MADHAVAN A( SRI GOKULA CONSTRUCTIONS ),3180586.30,16-01-2025 15:41:04
180,150399,BBMP/2024-25/OW/WORK_INDENT6188,"Comprehensive Developments of Drains, Roads, Culverts, Parks & providing CC Roads Parks in Ayyappa Garden, 1st to 3rd Cross, Rangadasappa layout, Nanjappa Layout, Roopena nagara, 24th main road, 1st Cross road, 1st Main road, Vyshya Bank Colony, Dollars Colony, KAS Colony and surrounding area in ward No 177 Lakkasandra ward and ward No 180 Someshwara Temple",BBMP,BBMP BTM South,Other Works,Awarded,,ARJUN CHALWADI,538461.65,13-01-2025 17:18:12
180,126463,BBMP/2024-25/OW/WORK_INDENT4316,"Improvements to drains in 30th main,4th B cross and surrounding area in ward no 180 Someshwara temple",BBMP,BBMP BTM South,Other Works,Awarded,,Madan Panchaputra,3839552.02,10-10-2024 14:24:17
180,126750,BBMP/2024-25/OW/WORK_INDENT4357,"Improvements to Road, Drains and Footpath at 7th cross road in ward No 180 Someshwara Temple",BBMP,BBMP BTM South,Other Works,Awarded,,RAJANNA M( RAJANNA M ),6166576.26,10-10-2024 14:17:28
180,126460,BBMP/2024-25/OW/WORK_INDENT4314,Improvements to drains in 2nd cross road Nanjappa layout in ward no 180 Someshwara temple,BBMP,BBMP BTM South,Other Works,Awarded,,Lakshmana H,1081231.63,10-10-2024 14:11:04
180,126752,BBMP/2024-25/OW/WORK_INDENT4359,Improvements to Drains and other development works in Rupenanagara and AICOOBA Nagara in ward No 180- Someshwara Temple,BBMP,BBMP BTM South,Other Works,Awarded,,THIMMAPPA R( LAKSHMI KANTHA ELECTRICALS ),1694013.00,10-10-2024 14:09:44
180,125479,BBMP/2024-25/RD/WORK_INDENT4000,Providing Asphalting at Gangadharanagar area and surroundings in Ward No.191 (Old Ward No.180) Banashankari Temple Ward.,BBMP,BBMP Padmanabhanagar South,Roads,Awarded,,RAVI RAMEGOWDA NAVAKARAHALLY,68293856.93,08-10-2024 18:26:06
180,125476,BBMP/2024-25/RD/WORK_INDENT3999,"Improvements to Roads and Drains at 2nd cross, 3rd cross & 4th cross of Yarabnagar in Ward No.191 (Old Ward No.180) Banashankari Temple Ward.",BBMP,BBMP Padmanabhanagar South,Roads,Awarded,,KRISHNA KUMAR A (1)( ABHAY ENGINEERING WORKS .. ),1283202.52,08-10-2024 18:25:24
180,125241,BBMP/2024-25/RD/WORK_INDENT3984,Improvements to Roads at 1st main Pragathipura and surroundings in Ward No.191 (Old Ward No.180) Banashankari Temple Ward.,BBMP,BBMP Padmanabhanagar South,Roads,Awarded,,A N Hariprasad,15606865.12,08-10-2024 17:02:57
180,125240,BBMP/2024-25/RD/WORK_INDENT3983,Improvements to Roads and Drains at Pragathipura road and surrounding area in Ward No.191 (Old Ward No.180) Banashankari Temple Ward.,BBMP,BBMP Padmanabhanagar South,Roads,Awarded,,,,08-10-2024 17:02:13
180,125237,BBMP/2024-25/RD/WORK_INDENT3982,"Improvements to Roads and Drains at 2nd main, 3rd main and 4th main Between 3rd cross to 4th cross of Yarabnagar in Ward No.191 (Old Ward No.180) Banashankari Temple Ward.",BBMP,BBMP Padmanabhanagar South,Roads,Awarded,,,,08-10-2024 17:01:16
180,56678,BBMP/2023-24/RD/WORK_INDENT1453,Providing and asphalting to Jamia masjid road and surrounding area in Ward No-203 Banashankari Temple Ward (Old Ward No-180).,BBMP,BBMP Padmanabhanagar South,Roads,Awarded,,,,29-01-2024 11:09:04
180,31044,BBMP/2023-24/OW/WORK_INDENT184/CALL-3,"Maintenance of roads, drains and footpath in Ward No-180 Banashankari Temple Ward for the year 2023-24.",BBMP,BBMP Padmanabhanagar South,Other Works,Awarded,,MANJUNATH S,5152007.92,04-11-2023 11:54:18
180,30956,BBMP/2023-24/OW/WORK_INDENT693,"Improvements to footpath at Umarbhagh layout, ORR Road and surrounding area in Ward No-203 Banashankari Temple Ward (Old Ward No-180).",BBMP,BBMP Padmanabhanagar South,Other Works,Awarded,,RAMA V,2541043.15,04-11-2023 11:52:00
180,25577,BBMP/2023-24/OW/WORK_INDENT545,"Improvements to roads and drains at 1st main, Bhavaninagara in Ward No-203 Banashankari Temple Ward (Old Ward No-180).",BBMP,BBMP Padmanabhanagar South,Other Works,Awarded,,CHALUVA RAJU D,1587115.38,17-10-2023 10:48:34
180,25569,BBMP/2023-24/RD/WORK_INDENT544,Providing and asphalting to pipe line road in Ward No-203 Banashankari Temple Ward (Old Ward No-180).,BBMP,BBMP Padmanabhanagar South,Roads,Awarded,,SHIVALINGAIAH SATISH,1774374.58,17-10-2023 10:48:08
181,196932,BBMP/2025-26/RD/WORK_INDENT7649,Improvements to roads and drains near Hoysala Park surrounding area in Ward No-192 Kumaraswamy Layout (Old Ward No-181).,BBMP,BBMP Padmanabhanagar South,Roads,Awarded,,BASAVARAJ MALLAPPA KENDRI( SHRI BASAVESHWAR ELECTRICAL WORKS ),125237.95,11-06-2025 13:16:12
181,196930,BBMP/2025-26/RD/WORK_INDENT7648,Improvements to roads and drains in Bendrenagar 14th and 16th cross and Kadirenahalli 8th Cross surrounding area and Repairs and Improvements of culverts in Ward No-192 Kumaraswamy Layout (Old Ward No-181).,BBMP,BBMP Padmanabhanagar South,Roads,Awarded,,SHIVASHARAN( ANGADI CONSTRUCTIONS COMPANY ),6146913.99,11-06-2025 13:08:07
181,196933,BBMP/2025-26/RD/WORK_INDENT7650,"Improvements to roads and drains in Bendrenagar 12th cross, 3rd Cross and JHBCS Layout 2nd cross (Subhash Chandra Bose road) and surrounding area in Ward No-192 Kumaraswamy Layout (Old Ward No-181).",BBMP,BBMP Padmanabhanagar South,Roads,Awarded,,Yoganand B M,4465767.92,11-06-2025 12:58:57
181,195935,BBMP/2025-26/OW/WORK_INDENT7607,Desilting and and Improvement to drain in 7th cross P M Choutry Road in ward No 181 BTM Layout,BBMP,BBMP BTM South,Other Works,Awarded,,,,06-06-2025 15:12:35
181,195943,BBMP/2025-26/OW/WORK_INDENT7606,"Desilting and and Improvement to drain in 12th cross, 2nd Main Mico layout and cross roads in ward No 181 BTM Layout",BBMP,BBMP BTM South,Other Works,Awarded,,,,06-06-2025 15:10:28
181,195960,BBMP/2025-26/OW/WORK_INDENT7605,"Desilting and and Improvement to drain in 19th cross, 8th Main and Pushpa layout amin and cross roads in ward No 181 BTM Layout",BBMP,BBMP BTM South,Other Works,Awarded,,,,06-06-2025 15:10:05
181,169440,BBMP/2024-25/RD/WORK_INDENT6865,"Comprehensive developments to drains, roads, Culverts and other improvement works in EWS Colony, Madeenanagar and surrounding area in ward No. 181 BTM Layout",BBMP,BBMP BTM South,Roads,Awarded,,BHIMARAYA N NATIKAR,294880.28,13-03-2025 17:34:21
181,150405,BBMP/2024-25/OW/WORK_INDENT6193,"Comprehensive Developments of Drains, Roads, Parks and Culverts in 30th Main Nanjappa Layout, 9th, 8th, 6th Cross, 17th Main, 18th Main EWS colony, 19th Cross road, 20th Cross road, N S Palya 4th main road and surrounding area in ward No 181 BTM Layout",BBMP,BBMP BTM South,Other Works,Awarded,,CHANDRAKANT KUMBAR,73566806.79,13-01-2025 17:19:08
181,126472,BBMP/2024-25/OW/WORK_INDENT4318,Improvements to drains in 13th A cross in ward no 181 BTM Layout,BBMP,BBMP BTM South,Other Works,Awarded,,Shankar P S,1600655.38,10-10-2024 14:23:03
181,126757,BBMP/2024-25/OW/WORK_INDENT4369,"Improvements to Drains and other development works in 1st cross, 14th cross, 15th cross and Alliance collage cross and Main Roads in ward No 181 BTM Layout",BBMP,BBMP BTM South,Other Works,Awarded,,M N BASAVARAJU,3651612.40,10-10-2024 14:16:32
181,126468,BBMP/2024-25/OW/WORK_INDENT4317,Improvements to drains in 4th main N S palya in ward no 181 BTM Layout,BBMP,BBMP BTM South,Other Works,Awarded,,NAGESHA REDDY N V,1536746.70,10-10-2024 14:10:38
181,125869,BBMP/2024-25/RD/WORK_INDENT4011,Improvements to Roads and Drains at 8th main & 10th cross KS Layout and surrounding area in Ward No.192 (Old Ward No.181) Kumaraswamy Layout.,BBMP,BBMP Padmanabhanagar South,Roads,Awarded,,VENUGOPAL L( B L ENGINEERING WORKS ),23163004.40,08-10-2024 18:35:31
181,125862,BBMP/2024-25/RD/WORK_INDENT4010,Improvements to drains and Providing Asphalting at 3rd cross & 3rd main of Minhajnagar and 25th cross KS Layout and surrounding area in Ward No.192 (Old Ward No.181) Kumaraswamy Layout.,BBMP,BBMP Padmanabhanagar South,Roads,Awarded,,,,08-10-2024 18:34:51
181,125297,BBMP/2024-25/RD/WORK_INDENT3992,Improvements to drains at 95th cross and 15th main of Kumaraswamy layout and surrounding area in Ward No.192 (Old Ward No.181) Kumaraswamy Layout.,BBMP,BBMP Padmanabhanagar South,Roads,Awarded,,V MAYURA( GOUTAM CONSTRUCTION ),1446044.95,08-10-2024 18:01:35
181,125292,BBMP/2024-25/RD/WORK_INDENT3991,Providing CC drains approach to SWD at ISRO Layout in Ward No.192 (Old Ward No.181) Kumaraswamy Layout.,BBMP,BBMP Padmanabhanagar South,Roads,Awarded,,,,08-10-2024 18:00:53
181,125282,BBMP/2024-25/RD/WORK_INDENT3990,Improvements to drains at 12th cross and 3rd cross of Bendrenagar and surrounding area in Ward No.192 (Old Ward No.181) Kumaraswamy Layout.,BBMP,BBMP Padmanabhanagar South,Roads,Awarded,,MANJUNATHA M( SRI SAI ENTERPRISES ),1295877.80,08-10-2024 18:00:14
181,25456,BBMP/2023-24/OW/WORK_INDENT185/CALL-2,"Maintenance of roads, drains and footpath in Ward No-181 Kumarswamy Layout for the year 2023-24.",BBMP,BBMP Padmanabhanagar South,Other Works,Awarded,,SHIVALINGAIAH SATISH,5225875.57,16-10-2023 18:19:24
182,213727,BBMP/2025-26/RD/WORK_INDENT7652/CALL-2,"Improvements to drains at Padmanabhanagar 11th, 12th, 13th, 14th, 15th, 16th Main Road and surrounding areas in Ward No-193 Padmanabhanagara (Old Ward No-182).",BBMP,BBMP Padmanabhanagar South,Roads,Awarded,,KOLAR SHANKAR NARAYANA SRINIVASAN,6544434.21,07-08-2025 14:10:24
182,196939,BBMP/2025-26/RD/WORK_INDENT7653,"Improvements to drains at Revenue Layout 19th, 19th A, 19th B, 19th C Cross Road and surrounding areas in Ward No-193 Padmanabhanagara (Old Ward No-182).",BBMP,BBMP Padmanabhanagar South,Roads,Awarded,,V VENKATESHA,784150.06,11-06-2025 13:13:38
182,196936,BBMP/2025-26/RD/WORK_INDENT7651,Improvements to roads and drains at Kumaraswamy Layout 2nd stage and surrounding area in Ward No-193 Padmanabhanagara (Old Ward No-182).,BBMP,BBMP Padmanabhanagar South,Roads,Awarded,,BASAVARAJ MALLAPPA KENDRI( SHRI BASAVESHWAR ELECTRICAL WORKS ),124616.10,11-06-2025 13:12:21
182,196940,BBMP/2025-26/RD/WORK_INDENT7654,"Improvements to roads and drains at Chikkagowdanapalya, Doddagowdanapalya and surrounding area in Ward No-193 Padmanabhanagara (Old Ward No-182).",BBMP,BBMP Padmanabhanagar South,Roads,Awarded,,CHALUVARAJU D,4358336.55,11-06-2025 13:09:03
182,196941,BBMP/2025-26/RD/WORK_INDENT7655,"Improvements to drains at R K Layout 7th, 8th, 9th Cross Road and surrounding areas in Ward No-193 Padmanabhanagara (Old Ward No-182).",BBMP,BBMP Padmanabhanagar South,Roads,Awarded,,V VENKATESHA,177273.74,11-06-2025 13:04:05
182,193693,BBMP/2025-26/OW/WORK_INDENT7347,"Improvements to drains and Culverts at 18th cross,19th cross, 20th cross and 21st cross road 1st block Jayanagara and Surrounding area in Ward No 182 Byrasandra",BBMP,BBMP Jayanagar South,Other Works,Awarded,,,,29-05-2025 11:59:50
182,157777,BBMP/2024-25/RD/WORK_INDENT6481,"Improvements to roads, drains and culverts and Asphalting to Bad Reaches in Ward 182, 183 & 186 in Shakambari Nagar Sub Division",BBMP,BBMP Jayanagar South,Roads,Awarded,,,,10-02-2025 16:32:04
182,151807,BBMP/2024-25/RD/WORK_INDENT6237,"Maintainance of Road, drains and foothpath work in New Ward No-182 (169) Byrasandra for the year 2024-25.",BBMP,BBMP Jayanagar South,Roads,Awarded,,,,20-01-2025 15:28:44
182,142675,BBMP/2024-25/OW/WORK_INDENT4146/CALL-2,Improvements to drains and Culverts at 1st Block Jayanagara east and Surrounding area in Ward No-182 Byrasandra.,BBMP,BBMP Jayanagar South,Other Works,Awarded,,ANIL KUMAR K V (1)( SURCUIT ),113790880.47,12-12-2024 16:31:04
182,125890,BBMP/2024-25/RD/WORK_INDENT4014,Improvements to drains and Providing Asphalting at BHCS Layout and Surrounding area in Padmanabhanagar Ward No.193 (Old Ward No.182) Padmanabhanagar.,BBMP,BBMP Padmanabhanagar South,Roads,Awarded,,Sahadev Yallappa Yadagude,274243.32,08-10-2024 18:37:15
182,125884,BBMP/2024-25/RD/WORK_INDENT4013,Improvements to Roads and Drains in Gowdanapalya and Surrounding area at Padmanabhanagar Ward No.193 (Old Ward No.182) Padmanabhanagar.,BBMP,BBMP Padmanabhanagar South,Roads,Awarded,,Hemantha H Y,2199100.65,08-10-2024 18:36:39
182,125877,BBMP/2024-25/RD/WORK_INDENT4012,Improvements to roads and drains at R K Layout Surrounding area in Padmanabhanagar Ward No.193 (Old Ward No.182) Padmanabhanagar.,BBMP,BBMP Padmanabhanagar South,Roads,Awarded,,K G MANJUNATHA,4441307.29,08-10-2024 18:36:02
182,125716,BBMP/2024-25/OW/WORK_INDENT3906,Improvements to drains and Culverts in LIC Colony and Surrounding area in Ward No 182 Byrasandra,BBMP,BBMP Jayanagar South,Other Works,Awarded,,PRAMOD B K,371371.46,08-10-2024 12:03:56
182,125729,BBMP/2024-25/OW/WORK_INDENT4147,Improvements to drains and Culverts at Thilaknagar and Surrounding area in Ward No-182 Byrasandra.,BBMP,BBMP Jayanagar South,Other Works,Awarded,,PRAVEEN N( S L N INFRASTRUCTURE ),843257.54,08-10-2024 12:01:03
182,87140,BBMP/2023-24/OW/WORK_INDENT3113/CALL-2,"Improvements to road side drain, footpath and Asphalting to roads 4th Block Jayanagar & Surrounding area in Ward No 182 Byrasandra",BBMP,BBMP Jayanagar South,Other Works,Awarded,,,,10-06-2024 14:59:36
182,25457,BBMP/2023-24/OW/WORK_INDENT186/CALL-2,"Maintenance of roads, drains and footpath in Ward No-182 Padmanabhanagara for the year 2023-24.",BBMP,BBMP Padmanabhanagar South,Other Works,Awarded,,SHIVALINGAIAH SATISH,5231421.99,16-10-2023 18:19:52
183,196895,BBMP/2025-26/RD/WORK_INDENT7639,Improvements to roads and drains Sathyanarayana swamy temple and Gangamma temple surrounding areas in Ward No-194 Chikallasandra (Old Ward No-183).,BBMP,BBMP Padmanabhanagar South,Roads,Awarded,,Shreekant Siddarama Udagi,4818967.07,11-06-2025 13:15:12
183,196917,BBMP/2025-26/RD/WORK_INDENT7642,Improvements to roads and drains at Ittamadu and surrounding areas in Ward No-194 Chikallasandra (Old Ward No-183).,BBMP,BBMP Padmanabhanagar South,Roads,Awarded,,,,11-06-2025 13:10:59
183,196898,BBMP/2025-26/RD/WORK_INDENT7640,"Improvements to roads and drains 8th A cross, 9th cross, 10th A cross and and surrounding areas in Ittamadu Revenue Layout and Bhuvaneshwarinagara in Ward No-194 Chikallasandra (Old Ward No-183).",BBMP,BBMP Padmanabhanagar South,Roads,Awarded,,KOLA VENKATA KRISHNA REDDY( RAMKRISHY INFRASTRUCTURE PRIVATE LIMITED ),9918212.00,11-06-2025 13:06:34
183,196905,BBMP/2025-26/RD/WORK_INDENT7641,Improvements to roads and drains at Hanumagirinagar and surrounding areas in Ward No-194 Chikallasandra (Old Ward No-183).,BBMP,BBMP Padmanabhanagar South,Roads,Awarded,,KUMARA( KUMAR R ),250634.00,11-06-2025 13:00:25
183,151814,BBMP/2024-25/RD/WORK_INDENT6239,"Maintainance of Road, drains and foothpath work in New Ward No-183 (171) Gurappanapalya for the year 2024-25.",BBMP,BBMP Jayanagar South,Roads,Awarded,,,,20-01-2025 15:28:10
183,127333,BBMP/2024-25/OW/WORK_INDENT4400,Providing CC Roads and desilting of drains and other developmental works in Bismillanagara Area in Ward No-183 Gurappanapalya,BBMP,BBMP Jayanagar South,Other Works,Awarded,,,,14-10-2024 16:02:05
183,127310,BBMP/2024-25/OW/WORK_INDENT4362,"Providing drains and Culverts Missing bits 32nd G Cross and 37th, 37th A Cross 4th T Block Jayanagara in Ward No-183 Gurappanapalya",BBMP,BBMP Jayanagar South,Other Works,Awarded,,NAGARAJ G,333471.53,14-10-2024 12:42:56
183,127325,BBMP/2024-25/OW/WORK_INDENT4365,Maintenance of existing culverts and Reconstruction of Culverts in Ward No183 Gurappanapalya,BBMP,BBMP Jayanagar South,Other Works,Awarded,,,,14-10-2024 12:38:31
183,127330,BBMP/2024-25/OW/WORK_INDENT4402,Improvements of drains and Shoulder drains desilting East End ABCD Main Area in Ward No-183 Gurappanapalya,BBMP,BBMP Jayanagar South,Other Works,Awarded,,NARAYAN JAYA( SAI ELECTRIC COM ),965932.00,14-10-2024 12:37:10
183,125690,BBMP/2024-25/RD/WORK_INDENT4007,Improvements to Desilting of Drains and roads at Shubhamangala school surroundings at Ward No.194 (Old Ward No.183) Chikkalasandra Ward.,BBMP,BBMP Padmanabhanagar South,Roads,Awarded,,KANATHUR HANUMANTHE GOWDA MITHUN CHAKRAVARTHI,43977429.44,08-10-2024 18:32:50
183,125655,BBMP/2024-25/RD/WORK_INDENT4006,Improvements to Road and Drains at 2nd B cross & Cross roads at Ittamadu Ward No.194 (Old Ward No.183) Chikkalasandra Ward.,BBMP,BBMP Padmanabhanagar South,Roads,Awarded,,RAMESH HANGARAGI,1968584.51,08-10-2024 18:32:12
183,125264,BBMP/2024-25/RD/WORK_INDENT3985,Improvements to Desilting of Drains Hanumagirinagara & surroundings areas at Ward No.194 (Old Ward No.183) Chikkalasandra Ward.,BBMP,BBMP Padmanabhanagar South,Roads,Awarded,,,,08-10-2024 17:03:58
183,83260,BBMP/2023-24/OW/WORK_INDENT3116,"Improvements to roads, drains and culverts in Madarsab Layout, Bismillanagara and Surrounding area at Gurappanapalya in ward No-183 Jayanagara Assembly Constituency",BBMP,BBMP Jayanagar South,Other Works,Awarded,,,,15-03-2024 17:28:57
183,25460,BBMP/2023-24/OW/WORK_INDENT187/CALL-2,"Maintenance of roads, drains and footpath in Ward No-183 Chikkalasandra for the year 2023-24.",BBMP,BBMP Padmanabhanagar South,Other Works,Awarded,,SHIVALINGAIAH SATISH,5274718.09,16-10-2023 18:20:20
184,193440,BBMP/2025-26/OW/WORK_INDENT7329,Improvements to Roads drains and culverts Maruthi KH Layout and Surrounding area in Ward No 184 Jayanagara East,BBMP,BBMP Jayanagar South,Other Works,Awarded,,ANAND H HALAKERI,4171875.07,28-05-2025 12:10:54
184,193154,BBMP/2025-26/OW/WORK_INDENT7318,"Improvements to drains and Culverts at Meena Masidhi, BTM 1st stage and Surrounding area in Ward No 184 Jayanagara East.",BBMP,BBMP Jayanagar South,Other Works,Awarded,,THIMMEGOWDA THIPAREGOWDA( Thiparegowda T ),27455444.00,28-05-2025 12:08:42
184,193162,BBMP/2025-26/OW/WORK_INDENT7317,Improvements to Roads drains and Culver KEB Colony New gurappanapalya and Old Gurappanapalya and Surrounding area in Ward No 184 Jayanagara East,BBMP,BBMP Jayanagar South,Other Works,Awarded,,RAGHAVENDRA M M,719115.00,28-05-2025 11:56:04
184,157808,BBMP/2024-25/RD/WORK_INDENT6482,"Improvements to roads, drains and culverts and asphalting to bad reaches in Ward No.184, 185 & 187 J P Nagara",BBMP,BBMP Jayanagar South,Roads,Awarded,,NIRANJAN C MARADUR,885320.00,10-02-2025 16:31:21
184,151819,BBMP/2024-25/RD/WORK_INDENT6240,"Maintainance of Road, drains and foothpath work in New Ward No-184 (170) Jayanagara East for the year 2024-25.",BBMP,BBMP Jayanagar South,Roads,Awarded,,K SUDHAKAR REDDY( K SUDHAKARREDDY. ),765090.00,20-01-2025 15:27:39
184,127293,BBMP/2024-25/OW/WORK_INDENT4350,Improvements to drains and Culverts in Puttayanapalya and Surrounding area in Ward No184 Jayanagara East,BBMP,BBMP Jayanagar South,Other Works,Awarded,,,,14-10-2024 12:41:53
184,127297,BBMP/2024-25/OW/WORK_INDENT4351,Improvements to drains and Culverts in Corporation colony and Surrounding area in Ward No184 Jayanagara East,BBMP,BBMP Jayanagar South,Other Works,Awarded,,MALLIKARJUN H AMMAPUR,24528053.71,14-10-2024 12:41:17
184,79871,BBMP/2023-24/OW/WORK_INDENT3048,"Improvements to roads drains and culverts in 28th A Main Road from ORR to 41st Cross,28th A Main road from 41st Cross road to 39th Cross road,28th B Main road,from ORR to 41st Cross road,28th B Main road from 41st cross road to 39th Cross and 29th Main road from 41st cross road to 39th cross road and Surrounding area in Ward No-184 Jayanagar East.",BBMP,BBMP Jayanagar South,Other Works,Awarded,,,,11-03-2024 11:19:03
185,193144,BBMP/2025-26/OW/WORK_INDENT7320,"Improvements to Roads, drains and Culverts in J P Nagara 3rd phase and surrounding area in Ward No.185 J P Nagara",BBMP,BBMP Jayanagar South,Other Works,Awarded,,,,28-05-2025 11:55:05
185,124808,BBMP/2024-25/OW/WORK_INDENT3972,Improvements to drains and Roads in 2nd main road and Surrounding area in 4th Phase J P Nagara in Ward No-185 J P Nagara,BBMP,BBMP Jayanagar South,Other Works,Awarded,,INDRESH S N,6349406.25,14-10-2024 16:00:53
185,125274,BBMP/2024-25/OW/WORK_INDENT4016,Improvements to drains and Roads in 2nd cross and Surrounding area in J P Nagar 2nd Phase in Ward No 185 J P Nagara,BBMP,BBMP Jayanagar South,Other Works,Awarded,,SRINIVAS BANTANUR( ADITYA AGENCIES ),3245469.16,08-10-2024 12:05:51
185,125276,BBMP/2024-25/OW/WORK_INDENT4015,Improvements to drains and Roads in 16th Cross and Surrounding area in 4th Phase J P Nagara in Ward No 185 J P Nagara,BBMP,BBMP Jayanagar South,Other Works,Awarded,,,,08-10-2024 12:05:00
185,94283,BBMP/2023-24/OW/WORK_INDENT3125/CALL-3,"Improvements to Roads and drains in 7th Main, 10th Cross and surrounding area in JP Nagar 3rd Pahse and 2nd Main in 4th Phase JP Nagar in Ward No-185 J P Nagara (Old No. 177) Jayanagara Assembly Constituency",BBMP,BBMP Jayanagar South,Other Works,Awarded,,Narayan Patil( SHREE MARKETING ASSOCIATES ),543224.00,04-07-2024 12:29:02
185,83525,BBMP/2023-24/OW/WORK_INDENT3144,"Improvements to Roads and drains in 4th cross 7th Main in JP Nagar 3rd Phase and 5th Cross, 16th Main and Surrounding area in JP Nagar 2nd Phase in ward No-185 J.P Nagara (Old No.177) Jayanagara Assembly Constituency",BBMP,BBMP Jayanagar South,Other Works,Awarded,,,,15-03-2024 18:37:45
185,77914,BBMP/2023-24/OW/WORK_INDENT1909/CALL-2,"Improvements to roads, drains and culverts in 9th cross road, 11th cross road, in Jeewan griha colony, 3rd cross roads KSRTC Layout, 13th main road KSRTC Layout, cross roads near Anganawadi No-1, 2nd cross road KSRTC Layout, Drilling the borewell ragigudda slum and Surrounding area in Ward No-185 JP Nagara.",BBMP,BBMP Jayanagar South,Other Works,Awarded,,,,05-03-2024 12:10:45
186,194135,BBMP/2025-26/OW/WORK_INDENT7381,"Improvements to Roads, drains and Culverts in 5th block and JP Nagar 1st phase Surrounding area in Ward No 186 Shakambarinagar",BBMP,BBMP Jayanagar South,Other Works,Awarded,,LOKESH BOLAR( LOKESH ENGINEERINGS ),89000.00,30-05-2025 11:27:04
186,194034,BBMP/2025-26/OW/WORK_INDENT7383,Improvements to Roads drains and Culverts at 3rd Block Jayanagara and Surrounding area in Ward No 186 Shakambarinagar,BBMP,BBMP Jayanagar South,Other Works,Awarded,,,,29-05-2025 15:57:56
186,151824,BBMP/2024-25/OW/WORK_INDENT6241,"Maintainance of Road, drains and foothpath work in New Ward No-186 (168 & 179) Shakambari for the year 2024-25.",BBMP,BBMP Jayanagar South,Other Works,Awarded,,,,20-01-2025 15:27:02
186,125260,BBMP/2024-25/OW/WORK_INDENT4022,Improvements to drains and Culverts in 3rd Block Jayanagara and Surrounding area in Ward No 186 Shakambarinagara,BBMP,BBMP Jayanagar South,Other Works,Awarded,,,,08-10-2024 12:22:10
186,125267,BBMP/2024-25/OW/WORK_INDENT4019,Improvements to drains and Culverts in CR layout and Surrounding area in Ward No 186 Shakambarinagara,BBMP,BBMP Jayanagar South,Other Works,Awarded,,SHANTHARAJU N R( TRANSFO ELECTRICALS ),1560533.38,08-10-2024 12:06:41
186,125123,BBMP/2024-25/OW/WORK_INDENT4027,Providing CC road in TMCS layout in Ward No 186 Shakambarinagara,BBMP,BBMP Jayanagar South,Other Works,Awarded,,P S RAMANAGOUDRA,1424147.61,08-10-2024 11:42:35
186,125125,BBMP/2024-25/OW/WORK_INDENT4026,Improvements to drains and Culverts at Vyshya Bank colony and Surrounding area in Ward No 186 Shakambarinagara,BBMP,BBMP Jayanagar South,Other Works,Awarded,,,,08-10-2024 11:41:21
186,125126,BBMP/2024-25/OW/WORK_INDENT4023,Improvements to drains and Culverts in Navodaya layout (Taramandala) and Surrounding area in Ward No 186 Shakambarinagara,BBMP,BBMP Jayanagar South,Other Works,Awarded,,,,08-10-2024 11:40:19
186,94281,BBMP/2023-24/OW/WORK_INDENT3118/CALL-3,"Comprehensive Development of Roads, footpath and Asphalting to roads in 47th Cross from 24th Main to 46th cross road, 9th Main road From 47th Cross to 46th Cross and Surrounding area in Ward No-186 Shakhambarinagar. Jayanagara Assembly Constituency",BBMP,BBMP Jayanagar South,Other Works,Awarded,,M L RAJASHEKAR,839244.24,04-07-2024 12:29:48
187,193167,BBMP/2025-26/OW/WORK_INDENT7316,"Improvements to drains and Culverts in 17th, 18th cross road, 16th, 16th B, 17th, 18th and 20th main road J P nagar 2nd phase in ward No. 187 Sarakki.",BBMP,BBMP Jayanagar South,Other Works,Awarded,,SHIVARAJA K S( KRUTHIKA ENTERPRISES ),4274473.54,28-05-2025 11:57:08
187,142673,BBMP/2024-25/OW/WORK_INDENT4030/CALL-2,Improvements to drains and Roads in 10th Cross and Surrounding area in J P Nagar 2nd Phase in Ward No-187 Sarakki,BBMP,BBMP Jayanagar South,Other Works,Awarded,,Praveen Kumar( UNITED KARUNADU CONSTRUCTION ),845314.35,12-12-2024 16:38:01
187,142678,BBMP/2024-25/OW/WORK_INDENT4037/CALL-2,"Improvements to drains and Roads in 10th, 10th A and 11th cross and Surrounding area in J P Nagar 1st Phase in Ward No 187 Sarakki",BBMP,BBMP Jayanagar South,Other Works,Awarded,,,,12-12-2024 16:36:40
187,142671,BBMP/2024-25/OW/WORK_INDENT4034/CALL-2,Improvements to drains and Roads in 13th & 14th Cross and Surrounding area in J P Nagar 1st Phase in Ward No 187 Sarakki,BBMP,BBMP Jayanagar South,Other Works,Awarded,,,,12-12-2024 16:29:27
187,87134,BBMP/2023-24/OW/WORK_INDENT3126/CALL-2,"Improvements to Roads and drains in 16th Cross, 17th, 17th A , 17th B, 17th C and 17th D Cross in JP Nagar 6th Phase in ward No-187 Sarakki (Old No.178) Jayanagara Assembly Constituency",BBMP,BBMP Jayanagar South,Other Works,Awarded,,JANNAPPAHALLI VEERE GOWDA MANJUNATHA REDDY,8605212.53,10-06-2024 14:57:55
188,211779,BBMP/2025-26/RD/WORK_INDENT7595/CALL-3,Improvements to roads and drains at Tata Silk Farm and surrounding area in Ward No-188 Yediyur (Old Ward No-167).,BBMP,BBMP Padmanabhanagar South,Roads,Awarded,,SHIVASHANKAR M,1916348.00,31-07-2025 15:43:27
188,211762,BBMP/2025-26/RD/WORK_INDENT7594/CALL-3,Improvements to roads and drains at Shastrinagar and surrounding area in Ward No-188 Yediyur (Old Ward No-167).,BBMP,BBMP Padmanabhanagar South,Roads,Awarded,,,,31-07-2025 15:42:48
188,196196,BBMP/2025-26/RD/WORK_INDENT7596,Improvements to concrete roads and drains at Obalappa Garden surrounding area in Ward No-188 Yediyur (Old Ward No-167).,BBMP,BBMP Padmanabhanagar South,Roads,Awarded,,DEVARAJ RAMAREDDY( RAMA ENTERPRISES ),7892933.04,06-06-2025 16:06:05
188,196162,BBMP/2025-26/RD/WORK_INDENT7593,Improvements to roads and drains at Papu cottage and surrounding area in Ward No-188 Yediyur (Old Ward No-167).,BBMP,BBMP Padmanabhanagar South,Roads,Awarded,,,,06-06-2025 16:04:17
188,165958,BBMP/2024-25/RD/WORK_INDENT6312/CALL-3,"Construction of RCC drain and culverts, Improvements to roads at Yediyur Village in Ward No-188 Yediyur.",BBMP,BBMP Padmanabhanagar South,Roads,Awarded,,,,06-03-2025 12:18:19
188,165956,BBMP/2024-25/RD/WORK_INDENT6311/CALL-3,"Construction of RCC drain and culverts, Improvements to roads at 6th Block A.K. Colony area in Ward No-188 Yediyur.",BBMP,BBMP Padmanabhanagar South,Roads,Awarded,,,,06-03-2025 12:17:48
188,156255,BBMP/2024-25/RD/WORK_INDENT6340,"Providing pothole filling to Banashankari Temple Sub Division (Ward No-188, 190 and 191) roads for the Year 2024-25.",BBMP,BBMP Padmanabhanagar South,Roads,Awarded,,Ravindra Babu Pradhane( SUDHA ELECTRICAL ),11745549.00,04-02-2025 17:20:09
188,155289,BBMP/2024-25/OW/WORK_INDENT6313,"Maintenance of footpath, roads and desilting of drains at ward jurisdiction area for the year 2024-25 in Ward No-188 Yediyur.",BBMP,BBMP Padmanabhanagar South,Other Works,Awarded,,,,01-02-2025 16:44:12
188,155264,BBMP/2024-25/RD/WORK_INDENT6310,"Construction of RCC drain and culverts, Improvements to roads at 6th Block Jayanagar in Ward No-188 Yediyur.",BBMP,BBMP Padmanabhanagar South,Roads,Awarded,,,,01-02-2025 16:40:23
188,135852,BBMP/2024-25/RD/WORK_INDENT3981/CALL-2,Improvements to Drains at MM Industries road and Surrounding area in Ward No.188 (Old Ward No.167).,BBMP,BBMP Padmanabhanagar South,Roads,Awarded,,,,16-11-2024 14:26:53
188,125305,BBMP/2024-25/RD/WORK_INDENT3995,Improvements to Roads and Drains at AK Colony area 6th block Jayanagar in Ward No.188 (Old Ward No.167).,BBMP,BBMP Padmanabhanagar South,Roads,Awarded,,BASAVARAJAGOUDA GANEKAL (1),104644222.17,08-10-2024 18:21:18
188,125227,BBMP/2024-25/RD/WORK_INDENT3980,Improvements to Drains at 23rd cross from 2nd main to 3rd main 6th block Jayanagar in Ward No.188 (Old Ward No.167).,BBMP,BBMP Padmanabhanagar South,Roads,Awarded,,C RAJENDRAPPA,748097.53,08-10-2024 16:52:39
188,125226,BBMP/2024-25/RD/WORK_INDENT3979,Improvements to Drains at 24th cross from 2nd main to 3rd main 6th block Jayanagar in Ward No.188 (Old Ward No.167).,BBMP,BBMP Padmanabhanagar South,Roads,Awarded,,MUMMADI HARIPRASAD REDDY( MUMMADI HARIPRASAD REDDY ),708691.89,08-10-2024 16:52:03
188,125181,BBMP/2024-25/RD/WORK_INDENT3978,Providing Asphalting at 4th main Byrappa block from SMV Road to SV road in Ward No.188 (Old Ward No.167).,BBMP,BBMP Padmanabhanagar South,Roads,Awarded,,,,08-10-2024 16:51:16
188,125179,BBMP/2024-25/RD/WORK_INDENT3977,Improvements to Drains at 4th main Byrappa block from SMV Road to SV road in Ward No.188 (Old Ward No.167).,BBMP,BBMP Padmanabhanagar South,Roads,Awarded,,,,08-10-2024 16:48:07
189,213701,BBMP/2024-25/RD/WORK_INDENT6324/CALL-2,Improvements to CC Road at C.T. Bed road from SWD Service Road to Om Shakthi Temple in Ward No-189 Ganesha Mandira Ward.,BBMP,BBMP Padmanabhanagar South,Roads,Awarded,,ANAND REDDY (1)( SVS ENTERPRISES ),988122.04,07-08-2025 13:48:57
189,196888,BBMP/2025-26/RD/WORK_INDENT7638,"Improvements to drains and CC roads in Banagiri nagara and 7th Block, Banashankari 3rd stage Surrounding area in Ward No-189 Ganesh Mandira Ward (Old Ward No-165).",BBMP,BBMP Padmanabhanagar South,Roads,Awarded,,BASAVARAJ MALLAPPA KENDRI( SHRI BASAVESHWAR ELECTRICAL WORKS ),125408.85,11-06-2025 13:11:48
189,196880,BBMP/2025-26/RD/WORK_INDENT7636,"Improvements to drains in Lakshmanappa, Garden Papaiah Garden and Surrounding area in Ward No-189 Ganesh Mandira Ward (Old Ward No-165).",BBMP,BBMP Padmanabhanagar South,Roads,Awarded,,Manoj Naik B M,2778806.08,11-06-2025 13:09:27
189,196883,BBMP/2025-26/RD/WORK_INDENT7637,"Improvements to roads in Gururaja layout, Banagiri nagara and Banashankari 3rd stage Surrounding area in Ward No-189 Ganesh Mandira Ward (Old Ward No-165).",BBMP,BBMP Padmanabhanagar South,Roads,Awarded,,GIRISH A,579647.50,11-06-2025 13:03:37
189,196876,BBMP/2025-26/RD/WORK_INDENT7635,Improvements to drains in 7th block Banashankari 3rd stage and surrounding area in Ward No-189 Ganesh Mandira Ward (Old Ward No-165).,BBMP,BBMP Padmanabhanagar South,Roads,Awarded,,CHANDAPPA SANGAPPA KAREKALLA,872922.49,11-06-2025 12:57:50
189,172650,BBMP/2024-25/RD/WORK_INDENT6341/CALL-3,"Providing pothole filling to Ganesh Mandir Sub Division (Ward No-189, 194 and 195) roads for the Year 2024-25.",BBMP,BBMP Padmanabhanagar South,Roads,Awarded,,,,21-03-2025 10:50:13
189,156104,BBMP/2024-25/OW/WORK_INDENT6325,"Maintenance of footpath, roads and desilting of drains at ward jurisdiction area for the year 2024-25 in Ward No-189 Ganesh Mandir Ward.",BBMP,BBMP Padmanabhanagar South,Other Works,Awarded,,B M KISHAN GOWDA( CHIPSCAPE SECURITY SYSTEMS ),308700.00,04-02-2025 16:36:45
189,156091,BBMP/2024-25/RD/WORK_INDENT6323,Improvements to drains and construction of CC Road at 6th Main Papaiah Garden in Ward No-189 Ganesha Mandira Ward.,BBMP,BBMP Padmanabhanagar South,Roads,Awarded,,Vishwas B G( DOLPHIN CONSTRUCTION ),6541498.87,04-02-2025 16:34:28
189,125654,BBMP/2024-25/RD/WORK_INDENT4005,"Improvements to drain at 35th main & 1st C cross, Banagirinagar in Ward No.189 (Old Ward No.165).",BBMP,BBMP Padmanabhanagar South,Roads,Awarded,,,,08-10-2024 18:31:22
189,125653,BBMP/2024-25/RD/WORK_INDENT4003,"Improvements to drain at 3rd cross, 2nd main & 3rd main at 7th block, 4th phase, BSK 3rd Stage in Ward No.189(Old Ward No.165).",BBMP,BBMP Padmanabhanagar South,Roads,Awarded,,PRATHAP K T,91714.01,08-10-2024 18:30:46
189,125652,BBMP/2024-25/RD/WORK_INDENT4002,"Improvements to drain at 33rd main and 34th main from 1st A cross to OR road, Banagirinagar in Ward No.189 (Old Ward No.165).",BBMP,BBMP Padmanabhanagar South,Roads,Awarded,,,,08-10-2024 18:30:08
189,125487,BBMP/2024-25/RD/WORK_INDENT4001,"Improvements to drain at 31st main and 32nd main from 1st A cross to OR road, Banagirinagar in Ward No.189 (Old Ward No.165).",BBMP,BBMP Padmanabhanagar South,Roads,Awarded,,NAGARAJ R( MALALI DEVELOPERS ),69988070.16,08-10-2024 18:26:55
189,87197,BBMP/2023-24/OW/WORK_INDENT1018/CALL-3,Maintenance of Horticulture Works & Road Medians Ganesha Mandira Ward in Ward Parks (Ward No 189),BBMP,BBMP Senior Assistant Director of Horticulture South,Other Works,Awarded,3069046.04,PAMPATHI S( LEKHANI ENTERPRISES ),6870916.70,05-06-2024 16:28:41
189,79959,BBMP/2023-24/RD/WORK_INDENT3055,"Improvements of roads and drains at CT Bed, Papaiah Garden and BSK 3rd Stage and surrounding areas in Ward No-189 Ganesh Mandira Ward.",BBMP,BBMP Padmanabhanagar South,Roads,Awarded,,RAJIV KRISHNA NAYAK,3610484.50,07-03-2024 18:10:22
189,79952,BBMP/2023-24/RD/WORK_INDENT3052,Improvements of roads and drains at BSK 2nd Stage and surrounding areas in Ward No-189 Ganesh Mandira Ward.,BBMP,BBMP Padmanabhanagar South,Roads,Awarded,,MANJU N,1528423.00,07-03-2024 18:08:34
190,196772,BBMP/2025-26/RD/WORK_INDENT7630,"Improvements to Roads and Drains at 24th Cross from 9th Main to 21st Main Up to 22nd Cross and 20th cross, BSK 2nd Stage in Ward No-190 Devagiri Temple Ward (Old Ward No-166).",BBMP,BBMP Padmanabhanagar South,Roads,Awarded,,,,11-06-2025 13:15:39
190,196769,BBMP/2025-26/RD/WORK_INDENT7629,Improvement to Drain and Culverts at Ambedkarnagar in Ward No-190 Devagiri Temple Ward (Old Ward No-166).,BBMP,BBMP Padmanabhanagar South,Roads,Awarded,,,,11-06-2025 13:10:02
190,196760,BBMP/2025-26/RD/WORK_INDENT7622,"Improvement to Drain at 8th Main road From 23rd Cross to 24th A cross in Karisandra, BSK 2nd Satge in Ward No-190 Devagiri Temple Ward (Old Ward No-166).",BBMP,BBMP Padmanabhanagar South,Roads,Awarded,,PRAVEEN M CHIKKANNANAVAR,642577.16,11-06-2025 13:07:38
190,196250,BBMP/2024-25/RD/WORK_INDENT6317/CALL-6,"Improvements to roads and drains at 32nd Cross, 14th Cross, 3rd Cross and A.K. Colony in 7th Block Jayanagar and 3rd Main, 2nd Main, 3rd Main and 6th Main BSK 2nd Stage Karisandra and surrounding areas in Ward No-190 Devagiri Temple Ward.",BBMP,BBMP Padmanabhanagar South,Roads,Awarded,,RAMAKANT NARAYAN NAIK,6673952.00,11-06-2025 13:05:11
190,196768,BBMP/2025-26/RD/WORK_INDENT7627,"Improvement to Drain and Concrete Road at 7th Main from 27th Cross to 7th Cross in Kaverinagara, BSK 2nd Satge in Ward No-190 Devagiri Temple Ward (Old Ward No-166).",BBMP,BBMP Padmanabhanagar South,Roads,Awarded,,PANEMANGALORE SORNADU ABDULLATHEEF,3534674.68,11-06-2025 13:01:10
190,172649,BBMP/2024-25/OW/WORK_INDENT6319/CALL-3,"Maintenance of footpath, roads and desilting of drains at ward jurisdiction area for the year 2024-25 in Ward No-190 Devagiri Temple Ward.",BBMP,BBMP Padmanabhanagar South,Other Works,Awarded,,GURUPRAKASH PADAVU,1674045.75,21-03-2025 10:49:25
190,156039,BBMP/2024-25/RD/WORK_INDENT6318,Improvements to roads and drains at 1st Cross and 2nd Cross surrounding areas in Kaverinagar in Ward No-190 Devagiri Temple Ward.,BBMP,BBMP Padmanabhanagar South,Roads,Awarded,,RAHAMAT ULLA HABIBUR RAHEMAN MUNSHI (1)( MUNSHI ELECTRICALS ),8047666.00,04-02-2025 16:27:43
190,156022,BBMP/2024-25/RD/WORK_INDENT6316,"Improvements to roads, drains and culverts at Bhavaninagar Slum area in Ward No-190 Devagiri Temple Ward.",BBMP,BBMP Padmanabhanagar South,Roads,Awarded,,,,04-02-2025 16:24:19
190,125311,BBMP/2024-25/RD/WORK_INDENT3997,"Improvements to drains at 31st cross, 31st A cross from Kariyappa road to 3rd main of 7th block Jayanagar and surroundings in Ward No.190 Devagiri Temple (Old Ward No.166).",BBMP,BBMP Padmanabhanagar South,Roads,Awarded,,N CHANDRASHEKAR( NANDI. ENTERPRISES.. ),2761620.27,08-10-2024 18:22:35
190,125308,BBMP/2024-25/RD/WORK_INDENT3996,"Providing and Asphalting to roads at 31st cross, 31st A cross from Kariyappa road to 3rd main of 7th block Jayanagar and surroundings in Ward No.190 Devagiri Temple (Old Ward No.166).",BBMP,BBMP Padmanabhanagar South,Roads,Awarded,,,,08-10-2024 18:21:57
190,79970,BBMP/2023-24/RD/WORK_INDENT3056,Improvements of roads and drains at Jayanagar 7th Block and surrounding areas in Ward No-190 Devagiri Temple Ward.,BBMP,BBMP Padmanabhanagar South,Roads,Awarded,,,,07-03-2024 18:09:20
190,59755,BBMP/2023-24/OW/WORK_INDENT1742,Improvement to side Drains in 7th main and surrounding area near Dr.B.R.Ambedkar Statue at Bhavaninagara in Ward No-190 Devagiri Temple Ward.,BBMP,BBMP Padmanabhanagar South,Other Works,Awarded,,,,03-02-2024 13:22:34
191,196846,BBMP/2025-26/RD/WORK_INDENT7633,Improvements to Roads and Drains at Gangadharanagar and Iliyasnagara and surrounding area in Ward No-191 Banashankari Temple Ward (Old Ward No-180).,BBMP,BBMP Padmanabhanagar South,Roads,Awarded,,,,11-06-2025 13:06:57
191,196833,BBMP/2025-26/RD/WORK_INDENT7632,Improvements to Roads and Drains at Teachers Colony 1st and 2nd Stage in Ward No-191 Banashankari Temple Ward (Old Ward No-180).,BBMP,BBMP Padmanabhanagar South,Roads,Awarded,,,,11-06-2025 13:05:42
191,196861,BBMP/2025-26/RD/WORK_INDENT7634,"Improvements to Roads and Drains at Pragathipura, Haricolony, Umarbagh Layout, Sarabandepalya and surrounding area in Ward No-191 Banashankari Temple Ward (Old Ward No-180).",BBMP,BBMP Padmanabhanagar South,Roads,Awarded,,,,11-06-2025 13:03:15
191,156077,BBMP/2024-25/OW/WORK_INDENT6322,"Maintenance of footpath, roads and desilting of drains at ward jurisdiction area for the year 2024-25 in Ward No-191 Banashankari Temple Ward.",BBMP,BBMP Padmanabhanagar South,Other Works,Awarded,,MUTTAPPA SHANKAREPPA MALEGAR,5527586.31,04-02-2025 16:32:57
191,156068,BBMP/2024-25/RD/WORK_INDENT6321,Improvements to roads and drains in Main and Cross Roads at Teachers Colony opposite to Geological Survey of India in Ward No-191 Banashankari Temple Ward.,BBMP,BBMP Padmanabhanagar South,Roads,Awarded,,Gururaj Nyamgoudar,20140896.50,04-02-2025 16:31:43
191,156062,BBMP/2024-25/RD/WORK_INDENT6320,"Improvements to roads and drains in Umarbagh Layout, Pragathipura, Sarabandepalya and surrounding areas in Ward No-191 Banashankari Temple Ward.",BBMP,BBMP Padmanabhanagar South,Roads,Awarded,,GANGADHAR G( ROYAL CONSTRUCTION ),2945601.63,04-02-2025 16:30:15
191,125479,BBMP/2024-25/RD/WORK_INDENT4000,Providing Asphalting at Gangadharanagar area and surroundings in Ward No.191 (Old Ward No.180) Banashankari Temple Ward.,BBMP,BBMP Padmanabhanagar South,Roads,Awarded,,RAVI RAMEGOWDA NAVAKARAHALLY,68293856.93,08-10-2024 18:26:06
191,125476,BBMP/2024-25/RD/WORK_INDENT3999,"Improvements to Roads and Drains at 2nd cross, 3rd cross & 4th cross of Yarabnagar in Ward No.191 (Old Ward No.180) Banashankari Temple Ward.",BBMP,BBMP Padmanabhanagar South,Roads,Awarded,,KRISHNA KUMAR A (1)( ABHAY ENGINEERING WORKS .. ),1283202.52,08-10-2024 18:25:24
191,125241,BBMP/2024-25/RD/WORK_INDENT3984,Improvements to Roads at 1st main Pragathipura and surroundings in Ward No.191 (Old Ward No.180) Banashankari Temple Ward.,BBMP,BBMP Padmanabhanagar South,Roads,Awarded,,A N Hariprasad,15606865.12,08-10-2024 17:02:57
191,125240,BBMP/2024-25/RD/WORK_INDENT3983,Improvements to Roads and Drains at Pragathipura road and surrounding area in Ward No.191 (Old Ward No.180) Banashankari Temple Ward.,BBMP,BBMP Padmanabhanagar South,Roads,Awarded,,,,08-10-2024 17:02:13
191,125237,BBMP/2024-25/RD/WORK_INDENT3982,"Improvements to Roads and Drains at 2nd main, 3rd main and 4th main Between 3rd cross to 4th cross of Yarabnagar in Ward No.191 (Old Ward No.180) Banashankari Temple Ward.",BBMP,BBMP Padmanabhanagar South,Roads,Awarded,,,,08-10-2024 17:01:16
192,196932,BBMP/2025-26/RD/WORK_INDENT7649,Improvements to roads and drains near Hoysala Park surrounding area in Ward No-192 Kumaraswamy Layout (Old Ward No-181).,BBMP,BBMP Padmanabhanagar South,Roads,Awarded,,BASAVARAJ MALLAPPA KENDRI( SHRI BASAVESHWAR ELECTRICAL WORKS ),125237.95,11-06-2025 13:16:12
192,196930,BBMP/2025-26/RD/WORK_INDENT7648,Improvements to roads and drains in Bendrenagar 14th and 16th cross and Kadirenahalli 8th Cross surrounding area and Repairs and Improvements of culverts in Ward No-192 Kumaraswamy Layout (Old Ward No-181).,BBMP,BBMP Padmanabhanagar South,Roads,Awarded,,SHIVASHARAN( ANGADI CONSTRUCTIONS COMPANY ),6146913.99,11-06-2025 13:08:07
192,196933,BBMP/2025-26/RD/WORK_INDENT7650,"Improvements to roads and drains in Bendrenagar 12th cross, 3rd Cross and JHBCS Layout 2nd cross (Subhash Chandra Bose road) and surrounding area in Ward No-192 Kumaraswamy Layout (Old Ward No-181).",BBMP,BBMP Padmanabhanagar South,Roads,Awarded,,Yoganand B M,4465767.92,11-06-2025 12:58:57
192,172699,BBMP/2024-25/OW/WORK_INDENT6334/CALL-2,"Maintenance of footpath, roads and desilting of drains at ward jurisdiction area for the year 2024-25 in Ward No-192 Kumaraswamy Layout.",BBMP,BBMP Padmanabhanagar South,Other Works,Awarded,,,,21-03-2025 10:52:06
192,172651,BBMP/2024-25/RD/WORK_INDENT6342/CALL-3,Providing pothole filling to Padmanabhanagar Sub Division (Ward No-192 and 193) roads for the Year 2024-25.,BBMP,BBMP Padmanabhanagar South,Roads,Awarded,,,,21-03-2025 10:50:40
192,125869,BBMP/2024-25/RD/WORK_INDENT4011,Improvements to Roads and Drains at 8th main & 10th cross KS Layout and surrounding area in Ward No.192 (Old Ward No.181) Kumaraswamy Layout.,BBMP,BBMP Padmanabhanagar South,Roads,Awarded,,VENUGOPAL L( B L ENGINEERING WORKS ),23163004.40,08-10-2024 18:35:31
192,125862,BBMP/2024-25/RD/WORK_INDENT4010,Improvements to drains and Providing Asphalting at 3rd cross & 3rd main of Minhajnagar and 25th cross KS Layout and surrounding area in Ward No.192 (Old Ward No.181) Kumaraswamy Layout.,BBMP,BBMP Padmanabhanagar South,Roads,Awarded,,,,08-10-2024 18:34:51
192,125297,BBMP/2024-25/RD/WORK_INDENT3992,Improvements to drains at 95th cross and 15th main of Kumaraswamy layout and surrounding area in Ward No.192 (Old Ward No.181) Kumaraswamy Layout.,BBMP,BBMP Padmanabhanagar South,Roads,Awarded,,V MAYURA( GOUTAM CONSTRUCTION ),1446044.95,08-10-2024 18:01:35
192,125292,BBMP/2024-25/RD/WORK_INDENT3991,Providing CC drains approach to SWD at ISRO Layout in Ward No.192 (Old Ward No.181) Kumaraswamy Layout.,BBMP,BBMP Padmanabhanagar South,Roads,Awarded,,,,08-10-2024 18:00:53
192,125282,BBMP/2024-25/RD/WORK_INDENT3990,Improvements to drains at 12th cross and 3rd cross of Bendrenagar and surrounding area in Ward No.192 (Old Ward No.181) Kumaraswamy Layout.,BBMP,BBMP Padmanabhanagar South,Roads,Awarded,,MANJUNATHA M( SRI SAI ENTERPRISES ),1295877.80,08-10-2024 18:00:14
192,79976,BBMP/2023-24/RD/WORK_INDENT3058,Improvements of roads and drains at Kumaraswamy Layout and ISRO Layout surrounding areas in Ward No-192 Kumaraswamy Layout.,BBMP,BBMP Padmanabhanagar South,Roads,Awarded,,MANJUNATH S,6199350.99,07-03-2024 18:11:10
193,213727,BBMP/2025-26/RD/WORK_INDENT7652/CALL-2,"Improvements to drains at Padmanabhanagar 11th, 12th, 13th, 14th, 15th, 16th Main Road and surrounding areas in Ward No-193 Padmanabhanagara (Old Ward No-182).",BBMP,BBMP Padmanabhanagar South,Roads,Awarded,,KOLAR SHANKAR NARAYANA SRINIVASAN,6544434.21,07-08-2025 14:10:24
193,213724,BBMP/2024-25/RD/WORK_INDENT6335/CALL-2,"Improvements to roads, drains and culverts at 2nd, 4th, 5th, 6th, 7th Main Road and 2nd, 4th Cross of BHCS Layout in Ward No-193 Padmanabhanagar.",BBMP,BBMP Padmanabhanagar South,Roads,Awarded,,KALLESH HULIYAPPANAVAR( KALLESH HULIYAPPANAVAR CIVIL CONTRACTOR ),786089.09,07-08-2025 14:08:41
193,196939,BBMP/2025-26/RD/WORK_INDENT7653,"Improvements to drains at Revenue Layout 19th, 19th A, 19th B, 19th C Cross Road and surrounding areas in Ward No-193 Padmanabhanagara (Old Ward No-182).",BBMP,BBMP Padmanabhanagar South,Roads,Awarded,,V VENKATESHA,784150.06,11-06-2025 13:13:38
193,196936,BBMP/2025-26/RD/WORK_INDENT7651,Improvements to roads and drains at Kumaraswamy Layout 2nd stage and surrounding area in Ward No-193 Padmanabhanagara (Old Ward No-182).,BBMP,BBMP Padmanabhanagar South,Roads,Awarded,,BASAVARAJ MALLAPPA KENDRI( SHRI BASAVESHWAR ELECTRICAL WORKS ),124616.10,11-06-2025 13:12:21
193,196940,BBMP/2025-26/RD/WORK_INDENT7654,"Improvements to roads and drains at Chikkagowdanapalya, Doddagowdanapalya and surrounding area in Ward No-193 Padmanabhanagara (Old Ward No-182).",BBMP,BBMP Padmanabhanagar South,Roads,Awarded,,CHALUVARAJU D,4358336.55,11-06-2025 13:09:03
193,196941,BBMP/2025-26/RD/WORK_INDENT7655,"Improvements to drains at R K Layout 7th, 8th, 9th Cross Road and surrounding areas in Ward No-193 Padmanabhanagara (Old Ward No-182).",BBMP,BBMP Padmanabhanagar South,Roads,Awarded,,V VENKATESHA,177273.74,11-06-2025 13:04:05
193,156228,BBMP/2024-25/OW/WORK_INDENT6339,"Maintenance of footpath, roads and desilting of drains at ward jurisdiction area for the year 2024-25 in Ward No-193 Padmanabhanagar.",BBMP,BBMP Padmanabhanagar South,Other Works,Awarded,,ASHOK VEERAPPA SHIROL,169084.66,04-02-2025 17:19:21
193,156220,BBMP/2024-25/RD/WORK_INDENT6338,"Improvements to drains in 13th, 14th Cross, 19th, 20th and 21st Main road at Padmanabhanagara in Ward No-193 Padmanabhanagara.",BBMP,BBMP Padmanabhanagar South,Roads,Awarded,,,,04-02-2025 17:18:33
193,156217,BBMP/2024-25/RD/WORK_INDENT6337,Improvements to roads and drains at Muneshwaranagar and surrounding areas in Ward No-193 Padmanabhanagara.,BBMP,BBMP Padmanabhanagar South,Roads,Awarded,,NAGARAJ S JADIYANNANAVAR,1249237.62,04-02-2025 17:17:50
193,156017,BBMP/2024-25/RD/WORK_INDENT6315,Improvements to roads and drains at RK Layout and (Shraddha Eye care) and surrounding areas in Ward No-193 Padmanabhanagara.,BBMP,BBMP Padmanabhanagar South,Roads,Awarded,,AVINASHA BANGERE NINGAPPA,794628.96,04-02-2025 10:40:24
193,125890,BBMP/2024-25/RD/WORK_INDENT4014,Improvements to drains and Providing Asphalting at BHCS Layout and Surrounding area in Padmanabhanagar Ward No.193 (Old Ward No.182) Padmanabhanagar.,BBMP,BBMP Padmanabhanagar South,Roads,Awarded,,Sahadev Yallappa Yadagude,274243.32,08-10-2024 18:37:15
193,125884,BBMP/2024-25/RD/WORK_INDENT4013,Improvements to Roads and Drains in Gowdanapalya and Surrounding area at Padmanabhanagar Ward No.193 (Old Ward No.182) Padmanabhanagar.,BBMP,BBMP Padmanabhanagar South,Roads,Awarded,,Hemantha H Y,2199100.65,08-10-2024 18:36:39
193,125877,BBMP/2024-25/RD/WORK_INDENT4012,Improvements to roads and drains at R K Layout Surrounding area in Padmanabhanagar Ward No.193 (Old Ward No.182) Padmanabhanagar.,BBMP,BBMP Padmanabhanagar South,Roads,Awarded,,K G MANJUNATHA,4441307.29,08-10-2024 18:36:02
193,79984,BBMP/2023-24/RD/WORK_INDENT3059,Improvements of roads and drains at BHCS Layout and Kanaka Layout surrounding areas in Ward No-193 Padmanabha Nagar.,BBMP,BBMP Padmanabhanagar South,Roads,Awarded,,J M MANJUNATHA,2063273.64,07-03-2024 18:11:38
193,59864,BBMP/2023-24/OW/WORK_INDENT1743,Improvements to drains at 3rd main and 3rd Cross road in BHCS Layout in Ward No-193 Padmanabhana Nagara.,BBMP,BBMP Padmanabhanagar South,Other Works,Awarded,,UMESHA,5846036.24,03-02-2024 13:23:11
194,196895,BBMP/2025-26/RD/WORK_INDENT7639,Improvements to roads and drains Sathyanarayana swamy temple and Gangamma temple surrounding areas in Ward No-194 Chikallasandra (Old Ward No-183).,BBMP,BBMP Padmanabhanagar South,Roads,Awarded,,Shreekant Siddarama Udagi,4818967.07,11-06-2025 13:15:12
194,196917,BBMP/2025-26/RD/WORK_INDENT7642,Improvements to roads and drains at Ittamadu and surrounding areas in Ward No-194 Chikallasandra (Old Ward No-183).,BBMP,BBMP Padmanabhanagar South,Roads,Awarded,,,,11-06-2025 13:10:59
194,196898,BBMP/2025-26/RD/WORK_INDENT7640,"Improvements to roads and drains 8th A cross, 9th cross, 10th A cross and and surrounding areas in Ittamadu Revenue Layout and Bhuvaneshwarinagara in Ward No-194 Chikallasandra (Old Ward No-183).",BBMP,BBMP Padmanabhanagar South,Roads,Awarded,,KOLA VENKATA KRISHNA REDDY( RAMKRISHY INFRASTRUCTURE PRIVATE LIMITED ),9918212.00,11-06-2025 13:06:34
194,196905,BBMP/2025-26/RD/WORK_INDENT7641,Improvements to roads and drains at Hanumagirinagar and surrounding areas in Ward No-194 Chikallasandra (Old Ward No-183).,BBMP,BBMP Padmanabhanagar South,Roads,Awarded,,KUMARA( KUMAR R ),250634.00,11-06-2025 13:00:25
194,156133,BBMP/2024-25/OW/WORK_INDENT6328,"Maintenance of footpath, roads and desilting of drains at ward jurisdiction area for the year 2024-25 in Ward No-194 Chikkalasandra.",BBMP,BBMP Padmanabhanagar South,Other Works,Awarded,,MANJUNATH S,4706766.40,04-02-2025 16:40:17
194,156110,BBMP/2024-25/RD/WORK_INDENT6326,Improvements to roads and drains at Ittamadu and surrounding areas in Ward No-194 Chikkalasandra.,BBMP,BBMP Padmanabhanagar South,Roads,Awarded,,ARJUN NINGAPPA SANNAKKI( KANAKSHREE ELECTRICALS ),72011111.00,04-02-2025 16:37:48
194,125690,BBMP/2024-25/RD/WORK_INDENT4007,Improvements to Desilting of Drains and roads at Shubhamangala school surroundings at Ward No.194 (Old Ward No.183) Chikkalasandra Ward.,BBMP,BBMP Padmanabhanagar South,Roads,Awarded,,KANATHUR HANUMANTHE GOWDA MITHUN CHAKRAVARTHI,43977429.44,08-10-2024 18:32:50
194,125655,BBMP/2024-25/RD/WORK_INDENT4006,Improvements to Road and Drains at 2nd B cross & Cross roads at Ittamadu Ward No.194 (Old Ward No.183) Chikkalasandra Ward.,BBMP,BBMP Padmanabhanagar South,Roads,Awarded,,RAMESH HANGARAGI,1968584.51,08-10-2024 18:32:12
194,125264,BBMP/2024-25/RD/WORK_INDENT3985,Improvements to Desilting of Drains Hanumagirinagara & surroundings areas at Ward No.194 (Old Ward No.183) Chikkalasandra Ward.,BBMP,BBMP Padmanabhanagar South,Roads,Awarded,,,,08-10-2024 17:03:58
194,79992,BBMP/2023-24/RD/WORK_INDENT3060,Improvements of roads and drains at Ittamadu and surrounding areas in Ward No-194 Chikkalasandra.,BBMP,BBMP Padmanabhanagar South,Roads,Awarded,,MANGALA RAMANJANAYULU MARUTHINARAYAN( ABHIVRIDHI CONFRATECH PRIVATE LIMITED ),79029334.17,07-03-2024 18:12:07
195,213703,BBMP/2024-25/RD/WORK_INDENT6329/CALL-2,"Improvements to roads and drains at Dattathreyanagar, Hosakerehalli and surrounding areas in Ward No-195 Hosakerehalli.",BBMP,BBMP Padmanabhanagar South,Roads,Awarded,,,,07-08-2025 13:50:22
195,196921,BBMP/2025-26/RD/WORK_INDENT7644,Improvements to drains in Janashankthinagara and surrounding area in Ward No-195 Hosakerehalli (Old Ward No-161).,BBMP,BBMP Padmanabhanagar South,Roads,Awarded,,V MAYURA( GOUTAM CONSTRUCTION ),8725197.49,11-06-2025 13:14:09
195,196920,BBMP/2025-26/RD/WORK_INDENT7643,"Improvements to drains and CC roads at Maruthinagara, Manjunathanagara and surrounding area in Ward No-195 Hosakerehalli (Old Ward No-161).",BBMP,BBMP Padmanabhanagar South,Roads,Awarded,,Shivalila( SPOORTHI ENTERPRISES ),1388827.95,11-06-2025 13:12:46
195,196763,BBMP/2025-26/RD/WORK_INDENT7623,Improvements to Culverts in Ward No-195 Hosakerehalli (Old Ward No-161).,BBMP,BBMP Padmanabhanagar South,Roads,Awarded,,,,11-06-2025 13:04:29
195,196922,BBMP/2025-26/RD/WORK_INDENT7645,Improvements to drains and CC roads in Hosakerehalli BDA Layout and surrounding area in Ward No-195 Hosakerehalli (Old Ward No-161).,BBMP,BBMP Padmanabhanagar South,Roads,Awarded,,K J RAJU,2172000.00,11-06-2025 13:02:09
195,169709,BBMP/2024-25/OW/WORK_INDENT6331/CALL-2,"Maintenance of footpath, roads and desilting of drains at ward jurisdiction area for the year 2024-25 in Ward No-195 Hosakerehalli.",BBMP,BBMP Padmanabhanagar South,Other Works,Awarded,,Sumit Ganpati Morge (1)( SHARDA CONSTRUCTION AND CORPORATION PRIVATE LIMITED ),223429262.59,14-03-2025 13:56:20
195,156169,BBMP/2024-25/RD/WORK_INDENT6330,"Improvements to roads and drains at Manjunathanagar, T.G. Layout and surrounding areas in Ward No-195 Hosakerehalli.",BBMP,BBMP Padmanabhanagar South,Roads,Awarded,,,,04-02-2025 17:11:05
195,135708,BBMP/2024-25/RD/WORK_INDENT4008/CALL-2,"Providing Asphalting to roads at Dwarakanagara, Hosakerehalli village and surrounding area in Ward No.195 Hosakerehalli (Old Ward No.161).",BBMP,BBMP Padmanabhanagar South,Roads,Awarded,,BHEEMARAY,385013.70,16-11-2024 14:08:14
195,125860,BBMP/2024-25/RD/WORK_INDENT4009,Improvements to roads at 23rd cross Dattathreyanagar and surrounding area in Ward No.195 Hosakerehalli (Old Ward No.161).,BBMP,BBMP Padmanabhanagar South,Roads,Awarded,,,,08-10-2024 18:34:09
195,125280,BBMP/2024-25/RD/WORK_INDENT3989,Improvements to drains at 8th main Datthathreyanagar and surrounding area in Ward No.195 Hosakerehalli (Old Ward No.161).,BBMP,BBMP Padmanabhanagar South,Roads,Awarded,,Ganesh Anand Patil,568007.88,08-10-2024 17:59:35
195,125278,BBMP/2024-25/RD/WORK_INDENT3988,Improvements to drains at Nandanavana park surrounding area in Ward No.195 Hosakerehalli (Old Ward No.161).,BBMP,BBMP Padmanabhanagar South,Roads,Awarded,,ASHARANI P,731537.89,08-10-2024 17:58:51
195,125277,BBMP/2024-25/RD/WORK_INDENT3987,Improvements to roads at 9th cross from Mookambikanagar 2nd main in Ward No.195 Hosakerehalli (Old Ward No.161).,BBMP,BBMP Padmanabhanagar South,Roads,Awarded,,,,08-10-2024 17:07:42
195,125275,BBMP/2024-25/RD/WORK_INDENT3986,"Improvements to drains at Dwarakanagara, Hosakerehalli village and surrounding area in Ward No.195 Hosakerehalli (Old Ward No.161).",BBMP,BBMP Padmanabhanagar South,Roads,Awarded,,,,08-10-2024 17:04:56
195,96871,BBMP/2023-24/RD/WORK_INDENT3061/CALL-2,Improvements of roads and drains at Dwarakanagar and Dattatreyanagar surrounding areas in Ward No-195 Hosakerehalli.,BBMP,BBMP Padmanabhanagar South,Roads,Awarded,,S K NAGESHA,349127.00,09-07-2024 11:46:59
196,145789,BBMP/2024-25/RD/WORK_INDENT6059,"Filling Potholes and restoration of Road cut portion in ward 196, 197, 198, 199, 200 and 201 Basavanagudi Division.",BBMP,BBMP Basavanagudi South,Roads,Awarded,,,,23-12-2024 17:34:24
196,144155,BBMP/2024-25/RD/WORK_INDENT5933,Desilting and improvements to drain & Maintenance of footpath and other improvement works in ward no 196 Gavigangadhareshwra(SC),BBMP,BBMP Basavanagudi South,Roads,Awarded,,A N PREMACHANDRABABA( PREMA ELECTRICAL ENTERPRISES ),3335605.20,19-12-2024 12:42:40
196,140992,BBMP/2024-25/RD/WORK_INDENT5858,Reconstruction of Samudaya Bhavana in Sanyasi Kunte connecting area and surrounding area roads & drains improvement in Ward No.196,BBMP,BBMP Basavanagudi South,Roads,Awarded,,,,06-12-2024 10:51:02
196,132410,BBMP/2024-25/RD/WORK_INDENT4853,Improvements to Drain And Construction of CC Roads in Gavipuram and Lakshmipura Surroundings in Ward No.196 Gavi Gangadhareshwara,BBMP,BBMP Basavanagudi South,Roads,Awarded,4236391.58,NAGARAJU S( GOWRISHANKAR CONSTRUCTIONS ),348432.11,06-11-2024 13:12:52
196,125573,BBMP/2024-25/RD/WORK_INDENT4018,Construction of RCC box Culverts in Gavigangadhareshwara Ward Jurisdiction in Ward No.196 Gavigangadhareshwara,BBMP,BBMP Basavanagudi South,Roads,Awarded,2118218.23,,,07-10-2024 18:18:44
196,125420,BBMP/2024-25/RD/WORK_INDENT4066,Improvements to Drains in Ganga nadi Road and Surrounding Areas in Ward No.196 Gavi Gangadhareshwara,BBMP,BBMP Basavanagudi South,Roads,Awarded,4230897.89,SELVI SHANMUGA( NAKSHATRA INFRASTRUCTURE DEVELOPMENT CORPORATION ),38762951.05,07-10-2024 18:13:25
196,79891,BBMP/2023-24/RD/WORK_INDENT3049,"Comprehensive Developments of Roads, Drains and Footpath, Culverts and other Essential Development works at ward no 196, 197 and 198 in Basavanagudi Sub Division",BBMP,BBMP Basavanagudi South,Roads,Awarded,39488752.65,,,07-03-2024 17:08:51
197,132300,BBMP/2024-25/RD/WORK_INDENT4069/CALL-2,Construction of RCC box Culverts in Srinagara Ward Jurisdiction in Ward No.197 Srinagara,BBMP,BBMP Basavanagudi South,Roads,Awarded,2117968.46,SANDEEP,442307.34,06-11-2024 13:03:37
197,125396,BBMP/2024-25/RD/WORK_INDENT4071,Improvements to Drains and Construction of CC Roads in Ananthamurthy Layout and Weavers Colony and Surroundings in Ward No.197,BBMP,BBMP Basavanagudi South,Roads,Awarded,4235821.21,,,07-10-2024 18:15:33
197,125408,BBMP/2024-25/RD/WORK_INDENT4070,Improvements to Drains at Srinagara bus stand Surrounding area in Ward No.197,BBMP,BBMP Basavanagudi South,Roads,Awarded,4234971.44,SHANMUKHA S,330995.99,07-10-2024 18:14:43
198,144185,BBMP/2024-25/RD/WORK_INDENT5938,Desilting and improvements to drain & Maintenance of footpath and other improvement works in ward no 198 Doddaganapathi,BBMP,BBMP Basavanagudi South,Roads,Awarded,,BAGALAWADA  MAHADEVAPPA,883725.23,19-12-2024 12:37:39
198,132416,BBMP/2024-25/RD/WORK_INDENT4735,"Improvements to Drain at C.T. Bed 1st and 2nd Cross and Construction of CC Road in Nethaji Road and Surrounding Areas in Ward No. 198, Doddaganapathi Ward.",BBMP,BBMP Basavanagudi South,Roads,Awarded,4236425.08,HITESH KUMAR S (1)( Awika Constructions ),2739439.15,06-11-2024 13:10:17
198,125438,BBMP/2024-25/RD/WORK_INDENT4057,"Improvements to Drain in Thyagarajanagar 1st Main,4th Main ,3rd Cross and 4th Cross and Surrounding Areas in Ward No.198 Doddaganapathi Ward",BBMP,BBMP Basavanagudi South,Roads,Awarded,4231138.41,ANIL K R,2746451.00,07-10-2024 18:11:46
198,125560,BBMP/2024-25/RD/WORK_INDENT4051,Construction of RCC box Culverts in Doddaganapathi Temple Ward Jurisdiction in Ward No.198 Doddaganapathi Ward,BBMP,BBMP Basavanagudi South,Roads,Awarded,2118218.23,,,07-10-2024 18:10:38
199,132405,BBMP/2024-25/RD/WORK_INDENT4729,"Improvements of Roads & Drains at SSM School opp chanamanakere achukattu in vidyapeeta ward -199, Vidyapeeta sub division.",BBMP,BBMP Basavanagudi South,Roads,Awarded,3810204.26,M Jayanth,1597763.30,06-11-2024 13:14:26
199,132427,BBMP/2024-25/RD/WORK_INDENT4723,"Desilting & improvements of drains at ITI Layout & JPN Institute Surroundings in vidyapeeta ward -199, , Vidyapeeta sub division",BBMP,BBMP Basavanagudi South,Roads,Awarded,1268633.38,,,06-11-2024 13:08:15
199,132382,BBMP/2024-25/RD/WORK_INDENT4726,"Desilting & improvements of drains at manjunath nagar colony slum in vidyapeeta ward -199, Vidyapeeta sub division(SC only)",BBMP,BBMP Basavanagudi South,Roads,Awarded,1694082.86,,,06-11-2024 12:56:26
199,132365,BBMP/2024-25/RD/WORK_INDENT4727,"Improvements of Road & Drains at Ashoknagar cross roads in vidyapeeta ward -199, Vidyapeeta sub division(SC only)",BBMP,BBMP Basavanagudi South,Roads,Awarded,3803761.25,Khawaja Hassan Shirur( KIA CONSTRUCTION ),191223.21,06-11-2024 12:49:46
199,79860,BBMP/2023-24/RD/WORK_INDENT3044,"Comprehensive Developments of Roads, Drains and Footpath, Culverts and other Essential Development works at ward no 199, 200 and 201 in Girinagara Sub Division",BBMP,BBMP Basavanagudi South,Roads,Awarded,39492378.8,,,07-03-2024 17:02:59
200,144209,BBMP/2024-25/RD/WORK_INDENT5930,Desilting and improvements to drain & Maintenance of footpath and other improvement works in ward no 200 Swamy Vivekananda (SC),BBMP,BBMP Basavanagudi South,Roads,Awarded,,B ABUBAKAR (1),6316040.21,19-12-2024 12:40:42
200,132299,BBMP/2024-25/RD/WORK_INDENT4045/CALL-2,"Desilting & improvements of drains at Nagendrablock surroundings in Ward No-200 Swamyvivekananda ward, Vidyapeeta sub division.",BBMP,BBMP Basavanagudi South,Roads,Awarded,845645.16,ABISHEK R,639972.40,06-11-2024 13:05:34
200,125582,BBMP/2024-25/RD/WORK_INDENT4044,"Improvements of Road & Drains at Bairappa garden, Girinagar in Ward No-200 Swamyvivekananda ward, Vidyapeeta sub division.",BBMP,BBMP Basavanagudi South,Roads,Awarded,3383562.2,K DEVARAJULU NAIDU( SRI BALAJI CONSTRUCTIONS...... ),1755997.78,07-10-2024 18:08:19
200,125585,BBMP/2024-25/RD/WORK_INDENT4042,"Improvements of Road & Drains at Krishna Temple Backside,BSK 4th Phase,in Ward No-200 Swamyvivekananda ward Vidyapeeta sub division.",BBMP,BBMP Basavanagudi South,Roads,Awarded,2962350.55,J MRUTHUNJAYA,2483332.50,07-10-2024 18:07:44
200,125699,BBMP/2024-25/RD/WORK_INDENT4040,"Improvements of Road & Drains at SBM Colony Surroundings in Ward No-200 Swamyvivekananda ward Area, Vidyapeeta sub division",BBMP,BBMP Basavanagudi South,Roads,Awarded,3389447.0,,,07-10-2024 18:06:31
200,14247,BBMP/2023-24/OW/WORK_INDENT315,Comprehensive Development of Roads and drains and community properties in Ward No-200 Yediyur (Old Ward No-167).,BBMP,BBMP Padmanabhanagar South,Other Works,Awarded,,MANJUNATH S,26305324.19,07-09-2023 17:19:34
201,132393,BBMP/2024-25/RD/WORK_INDENT4731,"Improvements of Roads & Drains at Katriguppe, BSK 3rd stage in Ward No-201 Kathriguppe Ward, Vidyapeeta sub division.",BBMP,BBMP Basavanagudi South,Roads,Awarded,3387612.55,,,06-11-2024 13:19:19
201,132399,BBMP/2024-25/RD/WORK_INDENT4730,"Improvements of Roads & Drains at Kempegowda layout Surroundings in Ward No-201, Kathriguppe Ward, Vidyapeeta sub division",BBMP,BBMP Basavanagudi South,Roads,Awarded,2966191.22,MOULALI KHADARSAB,459403.58,06-11-2024 13:16:51
201,125371,BBMP/2024-25/RD/WORK_INDENT4050,"Desilting and Improvements of Drains at Kempegowda layout and ITI layout surroundings in Ward No-201, Kathriguppe Ward, Vidyapeeta sub division",BBMP,BBMP Basavanagudi South,Roads,Awarded,1266993.83,CHICKJAJUR MALLIKARJUNA SAGAR,1245629.88,07-10-2024 18:19:50
201,125569,BBMP/2024-25/RD/WORK_INDENT4049,"Improvements of Roads & Drains at Venkatadri choultry opposite channammanakere achukattu in Ward No-201, Kathriguppe Ward, Vidyapeeta sub division",BBMP,BBMP Basavanagudi South,Roads,Awarded,2953907.15,SUMANTH M S( HYDROMANCY CONSULTANCY PRIVATE LIMITED ),2125000.00,07-10-2024 18:09:31
201,25566,BBMP/2023-24/OW/WORK_INDENT543,Providing concrete patch works and improvements to drains at Hunisemara/Kaverinagara area in Ward No-201 Umamaheshwara Ward (Old Ward No-166).,BBMP,BBMP Padmanabhanagar South,Other Works,Awarded,,RAMU N,1189743.22,17-10-2023 10:47:42
202,138770,BBMP/2024-25/RD/WORK_INDENT5679,Resurfacing of Warnout surface in Ward No 202 Uttarahalli,BBMP,BBMP Bengaluru South Bommanahalli,Roads,Awarded,,MANAPPA,1239440.69,28-11-2024 12:12:49
202,138769,BBMP/2024-25/RD/WORK_INDENT5678,Improvements to roads and Drains at Ramanjaneyanagar surrounding in Ward No 202 Uttarahalli,BBMP,BBMP Bengaluru South Bommanahalli,Roads,Awarded,,,,28-11-2024 12:11:13
202,138768,BBMP/2024-25/RD/WORK_INDENT5677,Improvements to roads and Drains at Hanuma giri hills layout in Ward No 202 Uttarahalli,BBMP,BBMP Bengaluru South Bommanahalli,Roads,Awarded,,Hulagappa Malakanna Nayakmakkal,824953.80,28-11-2024 12:09:05
202,138767,BBMP/2024-25/RD/WORK_INDENT3708,Improvements to roads and Drains at Chikkalsandra in Ward No 202 Uttarahalli,BBMP,BBMP Bengaluru South Bommanahalli,Roads,Awarded,,RAJASHEKAR MARIYAPPA MADAR( AKASH BRICKS INDUSTRIES ),854036.64,28-11-2024 12:01:37
202,138766,BBMP/2024-25/RD/WORK_INDENT3146,Improvements to Roads and Drains at Uttarahalli in Ward No 202 Uttarahalli,BBMP,BBMP Bengaluru South Bommanahalli,Roads,Awarded,,Viresh Subhas Jevaragi,488171.81,28-11-2024 12:00:03
202,137335,BBMP/2024-25/OW/WORK_INDENT5366,Desilting of Drains and Ward Maintenance in Ward No 202 Uttarahalli,BBMP,BBMP Bengaluru South Bommanahalli,Other Works,Awarded,2779403.12,,,22-11-2024 16:14:06
202,134899,BBMP/2024-25/WS/WORK_INDENT5184,Drilling of New Borewell in Ward No 202 Uttarahalli,BBMP,BBMP Bengaluru South Bommanahalli,Water supply/sewage lines,Awarded,3244522.04,,,14-11-2024 12:52:32
202,134898,BBMP/2024-25/OW/WORK_INDENT5183,Missing Bit of Water Pipe line in Ward No 202 Uttarahalli,BBMP,BBMP Bengaluru South Bommanahalli,Other Works,Awarded,847206.87,IRANNA MUDNUR,110970.21,14-11-2024 12:52:04
202,134895,BBMP/2024-25/OW/WORK_INDENT5181,Maintenance of UGD System and Missing Bit of Sanitary line in ward no 202 Uttarahalli,BBMP,BBMP Bengaluru South Bommanahalli,Other Works,Awarded,2541765.73,Shivanand Somanna Gunaki,1421184.33,14-11-2024 12:50:57
202,127603,BBMP/2024-25/EL/WORK_INDENT4405,"Operation and Maintenance of street lighting system in Uttarahalli ward no-202, Package B1 of Bommanahalli Zone",BBMP,BBMP Electrical Bommanahalli,Electrical,Awarded,3212677.74,ASHOK SHIDDALINGAPPA HASARANGI,448170.29,15-10-2024 15:18:42
202,98517,BBMP/2024-25/OW/WORK_INDENT3439,Annual Maintenance of Borewells and Water supply through tankers in ward no 202 Uttarahalli (4th Call),BBMP,BBMP Bengaluru South Bommanahalli,Other Works,Awarded,,RAJEEV K H,253734.73,15-07-2024 15:03:09
203,178923,BBMP/2025-26/RD/WORK_INDENT7164,"Construction of Concrete road to Approach Connecting to Poornapragna Layout, Appaiaswamy layout, Vinayaka layout and Nisarga layout in ward no 203 Subramanyapura",BBMP,BBMP Bengaluru South Bommanahalli,Roads,Awarded,4236747.12,MANOJ DAVALAPPA BYAKOD,492563.44,09-04-2025 11:48:21
203,137353,BBMP/2024-25/OW/WORK_INDENT5369,Maintenance of Footpath in Ward No 203 Subramanyapura,BBMP,BBMP Bengaluru South Bommanahalli,Other Works,Awarded,2118054.3,LINGESH V( S V CONSTRUCTIONS ),986496.64,22-11-2024 16:18:03
203,137348,BBMP/2024-25/OW/WORK_INDENT5368,Desilting of Drains and Ward Maintenance in Ward No 203 Subramanyapura,BBMP,BBMP Bengaluru South Bommanahalli,Other Works,Awarded,2778226.37,Abdulazeez Mehaboobsab Mali,373133.32,22-11-2024 16:14:49
203,56678,BBMP/2023-24/RD/WORK_INDENT1453,Providing and asphalting to Jamia masjid road and surrounding area in Ward No-203 Banashankari Temple Ward (Old Ward No-180).,BBMP,BBMP Padmanabhanagar South,Roads,Awarded,,,,29-01-2024 11:09:04
203,30956,BBMP/2023-24/OW/WORK_INDENT693,"Improvements to footpath at Umarbhagh layout, ORR Road and surrounding area in Ward No-203 Banashankari Temple Ward (Old Ward No-180).",BBMP,BBMP Padmanabhanagar South,Other Works,Awarded,,RAMA V,2541043.15,04-11-2023 11:52:00
203,25577,BBMP/2023-24/OW/WORK_INDENT545,"Improvements to roads and drains at 1st main, Bhavaninagara in Ward No-203 Banashankari Temple Ward (Old Ward No-180).",BBMP,BBMP Padmanabhanagar South,Other Works,Awarded,,CHALUVA RAJU D,1587115.38,17-10-2023 10:48:34
203,25569,BBMP/2023-24/RD/WORK_INDENT544,Providing and asphalting to pipe line road in Ward No-203 Banashankari Temple Ward (Old Ward No-180).,BBMP,BBMP Padmanabhanagar South,Roads,Awarded,,SHIVALINGAIAH SATISH,1774374.58,17-10-2023 10:48:08
204,138779,BBMP/2024-25/RD/WORK_INDENT5687,Improvements to Roads and Drains at Vasanthapura surrounding in Ward No 204 Vasanthapura,BBMP,BBMP Bengaluru South Bommanahalli,Roads,Awarded,,PRAKASH RAMAPPA BAGASAR,833716.87,28-11-2024 12:19:54
204,138778,BBMP/2024-25/RD/WORK_INDENT5686,Improvements to Roads and Drains at Kalyaninagar in Ward No 204 Vasanthapura,BBMP,BBMP Bengaluru South Bommanahalli,Roads,Awarded,,DARSHAN BHASKAR T (1)( VATA INFRASTRUCTURES ),649570.00,28-11-2024 12:19:22
204,138777,BBMP/2024-25/RD/WORK_INDENT5685,Improvements to Roads and Drains at VV Nagar in Ward No 204 Vasanthapura,BBMP,BBMP Bengaluru South Bommanahalli,Roads,Awarded,,Sangappa Yankappa Nayakamakkal,495495.65,28-11-2024 12:18:42
204,137356,BBMP/2024-25/OW/WORK_INDENT5371,Maintenance of Footpath in Ward No 204 Vasanthapura,BBMP,BBMP Bengaluru South Bommanahalli,Other Works,Awarded,2117171.15,RAJENDRA BASAPPA TELI,2105777.80,22-11-2024 16:21:02
204,137354,BBMP/2024-25/OW/WORK_INDENT5370,Desilting of Drains and Ward Maintenance in Ward No 204 Vasanthapura,BBMP,BBMP Bengaluru South Bommanahalli,Other Works,Awarded,2778779.75,Sateesh D H,674927.97,22-11-2024 16:20:19
204,134906,BBMP/2024-25/OW/WORK_INDENT5189,Maintenance of UGD System and Missing Bit of Sanitary line in ward no 204 Vasanthapura,BBMP,BBMP Bengaluru South Bommanahalli,Other Works,Awarded,2965175.41,IMAMASAB TANGADAGI,307547.17,14-11-2024 12:55:03
204,113031,BBMP/2024-25/RD/WORK_INDENT3641,"Improvements to roads and drains at Siddanna layout Venkata Redddy Layout, Yadalam Nagara and Vasanthapura Gutte in ward No 204 Vasanthapura",BBMP,BBMP Bengaluru South Bommanahalli,Roads,Awarded,9998161.03,MANOHAR KARAVEER MADAR,77813.50,23-08-2024 12:59:06
204,98518,BBMP/2024-25/RD/WORK_INDENT3440,Development of Roads and Drain at Block No 38 in Ward No 204 Vasanthapura (3rd Call),BBMP,BBMP Bengaluru South Bommanahalli,Roads,Awarded,,Prem S,636471.41,15-07-2024 15:05:48
205,138793,BBMP/2024-25/RD/WORK_INDENT5691,Improvements to Roads and Drains at Yelechenahalli in Ward No 205 Yelechenahalli,BBMP,BBMP Bengaluru South Bommanahalli,Roads,Awarded,,PRASANNA,2386864.12,28-11-2024 12:25:17
205,138792,BBMP/2024-25/RD/WORK_INDENT5690,Improvements to Roads and Drains at Kanaka Nagar in Ward No 205 Yelechenahalli,BBMP,BBMP Bengaluru South Bommanahalli,Roads,Awarded,,PRASANNA,1882524.71,28-11-2024 12:24:25
205,137362,BBMP/2024-25/OW/WORK_INDENT5373,Maintenance of Footpath in Ward No 205 Yelechenahalli,BBMP,BBMP Bengaluru South Bommanahalli,Other Works,Awarded,2117837.01,,,22-11-2024 16:26:34
205,137359,BBMP/2024-25/OW/WORK_INDENT5372,Desilting of Drains and Ward Maintenance in Ward No 205 Yelechenahalli,BBMP,BBMP Bengaluru South Bommanahalli,Other Works,Awarded,2778336.2,Abdulazeez Mehaboobsab Mali,372160.05,22-11-2024 16:21:37
205,114549,BBMP/2024-25/RD/WORK_INDENT3693,Filling of Potholes in Ward No 205 Yelechenahalli,BBMP,BBMP Bengaluru South Bommanahalli,Roads,Awarded,1270330.43,MALLIKARJUN V MARIGOUDRA,792929.63,27-08-2024 14:46:35
205,113034,BBMP/2024-25/RD/WORK_INDENT3642,"Improvements to roads and drains at Kashinagara Kanakanagara, Ramakrishna Nagara Cross road and Post office road in ward No 205 Yelechenahalli",BBMP,BBMP Bengaluru South Bommanahalli,Roads,Awarded,9998228.56,NITIN SATISH KOLAMBKAR,855505.20,23-08-2024 13:02:37
206,137364,BBMP/2024-25/OW/WORK_INDENT5375,Maintenance of Footpath in Ward No 206 Konanakunte,BBMP,BBMP Bengaluru South Bommanahalli,Other Works,Awarded,2114910.27,Abdulazeez Mehaboobsab Mali,163556.50,22-11-2024 16:28:13
206,137363,BBMP/2024-25/OW/WORK_INDENT5374,Desilting of Drains and Ward Maintenance in Ward No 206 Konanakunte,BBMP,BBMP Bengaluru South Bommanahalli,Other Works,Awarded,2702066.8,C SHAMU,383111.97,22-11-2024 16:27:24
206,134625,BBMP/2024-25/RD/WORK_INDENT3694/CALL-2,Filling of Potholes in Ward No 206 Konanakunte,BBMP,BBMP Bengaluru South Bommanahalli,Roads,Awarded,1268771.75,K Subbarayappa,4068605.20,14-11-2024 12:48:10
206,113501,BBMP/2024-25/RD/WORK_INDENT3643,Improvements to roads and drains at Konanakunte main and Cross roads in ward no 206 Konanakunte,BBMP,BBMP Bengaluru South Bommanahalli,Roads,Awarded,9990112.96,SURESHA N R( N R SURESH ),1139817.37,23-08-2024 12:40:56
207,138799,BBMP/2024-25/RD/WORK_INDENT5697,Improvements of drains & Providing Rain water Harvesting at RBI layout ward no 207 RBI layout,BBMP,BBMP Bengaluru South Bommanahalli,Roads,Awarded,,Vijay Kumar R,1863462.14,28-11-2024 12:29:25
207,138798,BBMP/2024-25/RD/WORK_INDENT5696,Improvements and Development of Roads in RBI Layout in ward no 207 RBI layout,BBMP,BBMP Bengaluru South Bommanahalli,Roads,Awarded,,,,28-11-2024 12:28:44
207,137366,BBMP/2024-25/OW/WORK_INDENT5376,Desilting of Drains and Ward Maintenance in Ward No 207 RBI Layout,BBMP,BBMP Bengaluru South Bommanahalli,Other Works,Awarded,2702067.07,C SHAMU,385569.26,22-11-2024 16:29:45
207,58026,BBMP/2023-24/RD/WORK_INDENT1450,Improvement to drains and Construction of Culverts at Nataraja layout from 1st Cross to 9th Cross in ward no 207 RBI layout,BBMP,BBMP Bengaluru South Bommanahalli,Roads,Awarded,,Gopala G,7713202.27,31-01-2024 13:19:05
208,137372,BBMP/2024-25/OW/WORK_INDENT5379,Maintenance of Footpath in Ward No 208 Anjanapura,BBMP,BBMP Bengaluru South Bommanahalli,Other Works,Awarded,2114910.27,,,22-11-2024 16:37:39
208,137369,BBMP/2024-25/OW/WORK_INDENT5378,Desilting of Drains and Ward Maintenance in Ward No 208 Anjanapura,BBMP,BBMP Bengaluru South Bommanahalli,Other Works,Awarded,2702064.89,Narasimha Murthy C.( S S INFRA PROJECTS ),1984622.40,22-11-2024 16:36:12
208,114558,BBMP/2024-25/RD/WORK_INDENT3696,Filling of Potholes in Ward No 208 Anjanapura,BBMP,BBMP Bengaluru South Bommanahalli,Roads,Awarded,1268771.75,,,27-08-2024 14:47:00
208,113508,BBMP/2024-25/RD/WORK_INDENT3644,Improvements to roads and Drains at Kembathahalli GIC Layout and Anjanapura in ward no 208 Anjanapura,BBMP,BBMP Bengaluru South Bommanahalli,Roads,Awarded,9996467.73,,,23-08-2024 12:41:36
209,206644,BBMP/2025-26/OW/WORK_INDENT8136,"Demolition of Un-authorised building constructed by Owner Smt. Devamma in site No. 133, 5th Cross road, T.G. Layout, Ittamadu, Manjunathanagara, BSK 3rd Stage, Bangalore in Ward No-209 (Old Ward No-161)",BBMP,BBMP Padmanabhanagar South,Other Works,Awarded,,KOMALA K M,1368712.50,16-07-2025 11:23:26
209,143458,BBMP/2024-25/RD/WORK_INDENT5918,"Comprehensive Developments of roads, drains & other works in Block No 59 in ward No 209 Gottigere",BBMP,BBMP Bengaluru South Bommanahalli,Roads,Awarded,5720640.65,,,16-12-2024 15:05:24
209,137379,BBMP/2024-25/OW/WORK_INDENT5381,Maintenance of Footpath in Ward No 209 Gottigere,BBMP,BBMP Bengaluru South Bommanahalli,Other Works,Awarded,2117718.43,Dhananjaya V,1657423.68,22-11-2024 16:39:03
209,113510,BBMP/2024-25/RD/WORK_INDENT3645,Improvements to roads and Drains at Pillaganahalli and Weavers Colony in ward no 209 Gottigere,BBMP,BBMP Bengaluru South Bommanahalli,Roads,Awarded,9998455.1,,,23-08-2024 12:43:35
210,154836,BBMP/2024-25/RD/WORK_INDENT5920/CALL-2,"Comprehensive Developments of roads, drains & other works in Block No 16 in ward No 210 Kalena Agrahara",BBMP,BBMP Bengaluru South Bommanahalli,Roads,Awarded,5717564.65,,,31-01-2025 16:03:14
210,143476,BBMP/2024-25/RD/WORK_INDENT5922,"Comprehensive Developments of roads, drains & other works in Block No 62 in ward No 210 Kalena Agrahara",BBMP,BBMP Bengaluru South Bommanahalli,Roads,Awarded,5718272.73,,,16-12-2024 15:11:36
210,143471,BBMP/2024-25/RD/WORK_INDENT5921,"Comprehensive Developments of roads, drains & other works in Block No 63/1 in ward No 210 Kalena Agrahara",BBMP,BBMP Bengaluru South Bommanahalli,Roads,Awarded,5718631.63,GURURAJ TALAWAR,339167.13,16-12-2024 15:10:59
210,137386,BBMP/2024-25/OW/WORK_INDENT5383,Maintenance of Footpath in Ward No 210 Kalena Agrahara,BBMP,BBMP Bengaluru South Bommanahalli,Other Works,Awarded,,GIRISH VENKATAPPA( G S K ENTERPRISES ),2320701.17,28-11-2024 13:12:29
210,138852,BBMP/2024-25/RD/WORK_INDENT5705,Improvements to worn out portions of Roads in Ward No. 210 Kalena Agrahara,BBMP,BBMP Bengaluru South Bommanahalli,Roads,Awarded,,ABIDALI ABDULSAB BALIGAR,1169165.85,28-11-2024 12:34:49
210,138806,BBMP/2024-25/RD/WORK_INDENT5704,Improvements to Roads and drains at Chikka Kammanahalli in Ward No. 210 Kalena Agrahara,BBMP,BBMP Bengaluru South Bommanahalli,Roads,Awarded,,Manjunath Chalawadi,752187.20,28-11-2024 12:34:12
210,138804,BBMP/2024-25/RD/WORK_INDENT5702,Improvements to Roads and drains at Akshayanagara in Ward No. 210 Kalena Agrahara,BBMP,BBMP Bengaluru South Bommanahalli,Roads,Awarded,,Basavaraj Shankrappa Dandin,155565.43,28-11-2024 12:32:44
210,137384,BBMP/2024-25/OW/WORK_INDENT5382,Desilting of Drains and Ward Maintenance in Ward No 210 Kalena Agrahara,BBMP,BBMP Bengaluru South Bommanahalli,Other Works,Awarded,2701759.68,AJJAPPA T( INDIRA ENTERPRISES ),658443.50,22-11-2024 16:39:45
210,132331,BBMP/2024-25/RD/WORK_INDENT3892,Improvements to Roads and Drains at Bhovi Colony and Surrounding area in Basavanagudi Ward No.210(CALL-2),BBMP,BBMP Basavanagudi South,Roads,Awarded,4150192.6,,,06-11-2024 13:01:07
210,113519,BBMP/2024-25/RD/WORK_INDENT3646,Improvements to roads and Drains at Nobonagara and Ramanashree Layout in ward no 210 Kalena Agrahara,BBMP,BBMP Bengaluru South Bommanahalli,Roads,Awarded,9997631.43,,,23-08-2024 13:02:06
211,143463,BBMP/2024-25/RD/WORK_INDENT5919,"Comprehensive Developments of roads, drains & other works in Block No 80 in ward No 211 Begur",BBMP,BBMP Bengaluru South Bommanahalli,Roads,Awarded,5718948.31,,,16-12-2024 15:09:35
211,138810,BBMP/2024-25/RD/WORK_INDENT5708,Improvements to Roads and drains at Lakshmi Layout Cross Roads in Ward No.211 Begur,BBMP,BBMP Bengaluru South Bommanahalli,Roads,Awarded,,Basavaraj Dandappa Kolur,352473.20,28-11-2024 12:38:00
211,138809,BBMP/2024-25/RD/WORK_INDENT5707,Improvements to Roads and drains at Subhash Nagara Main Road in Ward No. 211 Begur,BBMP,BBMP Bengaluru South Bommanahalli,Roads,Awarded,,Somling Hanmanthappa Bomnalli,874369.69,28-11-2024 12:37:15
211,138807,BBMP/2024-25/RD/WORK_INDENT5706,Improvements to Roads and drains at 4th Cross Patel Layout in Ward No. 211 Begur,BBMP,BBMP Bengaluru South Bommanahalli,Roads,Awarded,,,,28-11-2024 12:35:20
211,137388,BBMP/2024-25/OW/WORK_INDENT5384,Desilting of Drains and Ward Maintenance in Ward No 211 Begur,BBMP,BBMP Bengaluru South Bommanahalli,Other Works,Awarded,2703436.16,G G RAJAPPA( G G RAJAPPA ),337799.05,22-11-2024 16:40:32
211,113527,BBMP/2024-25/RD/WORK_INDENT3647,Improvements to roads and drains at Lakshmi Layout and Vijayakarnataka layout in ward no 211 Begur,BBMP,BBMP Bengaluru South Bommanahalli,Roads,Awarded,9995151.31,RAMALINGU,8448680.71,23-08-2024 13:01:25
212,143479,BBMP/2024-25/RD/WORK_INDENT5923,"Comprehensive Developments of roads, drains & other works in Block No 47/1 in ward No 212 Naganathapura",BBMP,BBMP Bengaluru South Bommanahalli,Roads,Awarded,5717721.22,MARISWAMY( MARISWAMY ENTERPRISES ),1151557.27,16-12-2024 15:12:13
212,138815,BBMP/2024-25/RD/WORK_INDENT5713,Improvements to Roads and drains at Krishnappa Layout in Ward No. 212 Naganathapura,BBMP,BBMP Bengaluru South Bommanahalli,Roads,Awarded,,Vishwas B G( DOLPHIN CONSTRUCTION ),2014804.32,28-11-2024 12:40:47
212,138814,BBMP/2024-25/RD/WORK_INDENT5712,Improvements to Roads and drains at SLV Layout Phase -1 in Ward No. 212 Naganathapura,BBMP,BBMP Bengaluru South Bommanahalli,Roads,Awarded,,Basavaraj Shankrappa Dandin,173299.08,28-11-2024 12:40:11
212,137396,BBMP/2024-25/OW/WORK_INDENT5387,Maintenance of Footpath in Ward No 212-Naganathapura,BBMP,BBMP Bengaluru South Bommanahalli,Other Works,Awarded,2117636.17,ASHOK (1),7977363.01,22-11-2024 16:47:46
212,137393,BBMP/2024-25/OW/WORK_INDENT5386,Desilting of Drains and Ward Maintenance in Ward No 212-Naganathapura,BBMP,BBMP Bengaluru South Bommanahalli,Other Works,Awarded,2794793.56,SALEEM NABISAB LACHAN,132213.00,22-11-2024 16:43:33
212,114592,BBMP/2024-25/RD/WORK_INDENT3701,Filling of Potholes in Ward No 212-Naganathapura,BBMP,BBMP Bengaluru South Bommanahalli,Roads,Awarded,1270920.9,,,27-08-2024 14:43:27
212,113531,BBMP/2024-25/RD/WORK_INDENT3648,Improvements to roads and drains at G K Layout and Surrounding area in ward no 212 Naganathapura,BBMP,BBMP Bengaluru South Bommanahalli,Roads,Awarded,9994810.4,RAMESH,547192.00,23-08-2024 12:44:08
213,137923,BBMP/2024-25/OW/WORK_INDENT4734,Improvements to asphalt roads in Chikkaswamy layout in ward no. 213 Jaraganahalli,BBMP,BBMP Bommanahalli Division,Other Works,Awarded,,,,26-11-2024 16:31:31
213,119771,BBMP/2024-25/RD/WORK_INDENT3868,Pothole Filling Works under Maintenance Works in Ward No. 213-Jaraganahalli for the year 2024-25 in Bommanahalli Division.,BBMP,BBMP Bommanahalli Division,Roads,Awarded,,U SADANANDA SHETTY,2964936.80,13-09-2024 14:12:39
213,113834,BBMP/2024-25/OW/WORK_INDENT3689,"Maintenance of Road, drains and footpath work in Ward No. 213, Jaraganahalli.(3nd Call)",BBMP,BBMP Bommanahalli Division,Other Works,Awarded,,,,26-08-2024 14:06:29
214,137945,BBMP/2024-25/OW/WORK_INDENT4746,Improvements to asphalt roads in Vinayaka in ward no 214 Puttenahalli,BBMP,BBMP Bommanahalli Division,Other Works,Awarded,,S SHANKAR,8253355.60,26-11-2024 16:30:25
214,132346,BBMP/2024-25/RD/WORK_INDENT3894,Maintenance of CC Roads & Providing New Street Name Boards & Stickering to Existing Name Boards in Girinagar Ward No.214(call-2),BBMP,BBMP Basavanagudi South,Roads,Awarded,4152246.02,,,06-11-2024 12:58:57
214,119773,BBMP/2024-25/RD/WORK_INDENT3869,Pothole Filling Works under Maintenance Works in Ward No. 214-Puttenahalli for the year 2024-25 in Bommanahalli Division,BBMP,BBMP Bommanahalli Division,Roads,Awarded,,PRASANNAKUMAR (1),1485111.77,13-09-2024 14:12:04
215,205365,BBMP/2025-26/OW/WORK_INDENT7763/CALL-2,Construction and improvements of selected roads and RCC drains in Vijaya bank layout and surrounding areas in ward No. 215 Bilekahalli.,BBMP,BBMP Bommanahalli Division,Other Works,Awarded,,BASAVARAJ MELMALGI (1),8031328.46,12-07-2025 12:14:11
215,200104,BBMP/2025-26/OW/WORK_INDENT7762,Construction and improvements of selected roads and RCC drains in Munivenkatappa Layout and surrounding areas in ward No. 215 Bilekahalli.,BBMP,BBMP Bommanahalli Division,Other Works,Awarded,,CHANDRAN PRAMA HEMANTH,1370099.78,23-06-2025 16:34:00
215,137952,BBMP/2024-25/OW/WORK_INDENT4747,Improvements to asphalt roads and allied works in Omkar nagara In ward no 215 Bilekahalli,BBMP,BBMP Bommanahalli Division,Other Works,Awarded,,MAHESH P,852832.75,26-11-2024 16:29:26
215,119775,BBMP/2024-25/RD/WORK_INDENT3870,Pothole Filling Works under Maintenance Works in Ward No. 215-Bilekahalli for the year 2024-25 in Bommanahalli Division.,BBMP,BBMP Bommanahalli Division,Roads,Awarded,,PRAKASH VITTAL KITTUR,1980378.14,13-09-2024 14:09:21
216,205514,BBMP/2025-26/OW/WORK_INDENT7833/CALL-2,Construction and improvements of selected roads and RCC drains in Janatha Colony surrounding area in ward No. 216 Hulimavu,BBMP,BBMP Bommanahalli Division,Other Works,Awarded,,ABHIRAM R( R K CONSTRUCTIONS ),1530000.39,12-07-2025 12:09:35
216,159001,BBMP/2024-25/OW/WORK_INDENT6524,"Comprehensive Developments of roads, drains & other works in Block No 17 2 in ward No 216 Hulimavu. (2nd Call).",BBMP,BBMP Bommanahalli Division,Other Works,Awarded,,,,15-02-2025 12:41:10
216,137957,BBMP/2024-25/OW/WORK_INDENT4748,Improvements to asphalt roads and allied works in Hulimavu Village and Surrounding Works In ward no 216 Huliamvu,BBMP,BBMP Bommanahalli Division,Other Works,Awarded,,MUDIGERE BOREGOWDA THAMMANNAGOWDA,960251.98,26-11-2024 16:28:36
216,119776,BBMP/2024-25/RD/WORK_INDENT3871,Pothole Filling Works under Maintenance Works in Ward No. 216-Hulimavu for the year 2024-25 in Bommanahalli Division.,BBMP,BBMP Bommanahalli Division,Roads,Awarded,,THAMMANAYAKANAHALLI RANGAPPA JAGADISH,2040500.64,13-09-2024 14:08:01
217,200096,BBMP/2025-26/OW/WORK_INDENT7748,Engaging Labours and Tipper for desilting of drains and ward maintainance in Ward No.217 Kodichikkanahalli.,BBMP,BBMP Bommanahalli Division,Other Works,Awarded,,MYLARAPPA M( MYLARALINGESHWARA AGENCY ),3433202.45,23-06-2025 17:43:29
217,200110,BBMP/2025-26/OW/WORK_INDENT7770,Construction and improvements of selected roads and RCC drains in Kodichikkanahalli & surrounding areas ward No. 217 Kodichikkanahalli.,BBMP,BBMP Bommanahalli Division,Other Works,Awarded,,MAHANTESH M H,3162573.89,23-06-2025 16:31:57
217,137964,BBMP/2024-25/OW/WORK_INDENT4836,Providing asphalting to Cross roads and bad reaches in ward No. 217 Kodichikkanahalli,BBMP,BBMP Bommanahalli Division,Other Works,Awarded,,SHIVARAJ JOLLE( NAMO CONSTRUCTIONS AND DEVELOPERS ),7382881.38,26-11-2024 16:27:44
217,138101,BBMP/2024-25/OW/WORK_INDENT4645,Footpath Maintenance Works under Maintenance Works in ward no 217-Kodichikkanahalli for the year 2024-25 in Bommanahalli Division.,BBMP,BBMP Bommanahalli Division,Other Works,Awarded,,Krishne Gowda,16685907.30,26-11-2024 16:07:09
218,200097,BBMP/2025-26/OW/WORK_INDENT7749,Engaging Labours and Tipper for desilting of drains and ward maintainance in Ward No.218 Bommanahalli.,BBMP,BBMP Bommanahalli Division,Other Works,Awarded,,,,23-06-2025 16:36:09
218,137972,BBMP/2024-25/OW/WORK_INDENT4837,Providing asphalting to Cross roads and bad reaches in ward in ward No. 218 Bommanahalli,BBMP,BBMP Bommanahalli Division,Other Works,Awarded,,N S Yatish( Sapthagiri Enterprises ),4732654.25,26-11-2024 16:26:51
219,200098,BBMP/2025-26/OW/WORK_INDENT7750,Engaging Labours and Tipper for desilting of drains and ward maintainance in Ward No.219 Hongasandra.,BBMP,BBMP Bommanahalli Division,Other Works,Awarded,,Mohsin Khan( CUBIX CONSTRUCTIONS ),1314644.44,23-06-2025 16:35:40
219,200157,BBMP/2025-26/OW/WORK_INDENT7842,Improvements to road and drain in ward No. 219 Hongasandra.,BBMP,BBMP Bommanahalli Division,Other Works,Awarded,,B K SURESH (1),4226912.39,23-06-2025 13:20:44
219,137977,BBMP/2024-25/OW/WORK_INDENT4838,Providing asphalting to Cross roads and bad reaches in ward ward No. 219 Hongasandra,BBMP,BBMP Bommanahalli Division,Other Works,Awarded,,,,26-11-2024 16:25:39
220,200115,BBMP/2025-26/OW/WORK_INDENT7790,Construction and improvements of selected roads and RCC drains in Mico Layout & surrounding areas in ward No. 220 Gharebhavipalya.,BBMP,BBMP Bommanahalli Division,Other Works,Awarded,,SATISH G,2597329.64,23-06-2025 17:38:52
220,200116,BBMP/2025-26/OW/WORK_INDENT7792,Construction and improvements of selected roads and RCC drains in Lakshmi Layout & surrounding areas in ward No. 220 Gharebhavipalya.,BBMP,BBMP Bommanahalli Division,Other Works,Awarded,,R D KUMAR YADAV,2749023.84,23-06-2025 17:38:25
220,200158,BBMP/2025-26/OW/WORK_INDENT7843,Improvements to road and drain in ward No. 220 Garvebhavipalya.,BBMP,BBMP Bommanahalli Division,Other Works,Awarded,,Santhosh Kumar C,4230182.86,23-06-2025 16:47:23
220,137986,BBMP/2024-25/OW/WORK_INDENT4839,Providing asphalting to Cross roads and bad reaches in ward No. 220 Garvebhavipalya,BBMP,BBMP Bommanahalli Division,Other Works,Awarded,,,,26-11-2024 16:24:08
220,138105,BBMP/2024-25/OW/WORK_INDENT4648,Footpath Maintenance Works under Maintenance Works in ward no 220-Gharebhavipalya for the year 2024-25 in Bommanahalli Division.,BBMP,BBMP Bommanahalli Division,Other Works,Awarded,,H M LOKESH( H M LOKESH ),2399999.00,26-11-2024 16:02:58
221,200088,BBMP/2025-26/OW/WORK_INDENT7739,Pothole Filling Works under Maintenance Works in Ward No.221 - HSR Layout.,BBMP,BBMP Bommanahalli Division,Other Works,Awarded,,SOMANATH MALLAPPA HUNDRE,1516637.56,23-06-2025 16:37:43
221,200166,BBMP/2025-26/OW/WORK_INDENT7900,Construction and improvements of selected roads and RCC drains in HSR Layout and surrounding area at ward No. 221 HSR Layout.,BBMP,BBMP Bommanahalli Division,Other Works,Awarded,,KARTHIK REDDY K,4003455.23,23-06-2025 13:19:46
221,159030,BBMP/2024-25/OW/WORK_INDENT6527,"Comprehensive Developments of roads, drains & other works in Block No. 31 - 2 in ward No 221 HSR Layout. (2nd Call).",BBMP,BBMP Bommanahalli Division,Other Works,Awarded,,RUDRAMUNI KURUBARA ADIVALA( RM CONSTRUCTIONS FORMERLY KNOWN AS SRI RUDRAMUNI CONSTRUCTIONS ),416822.00,15-02-2025 12:37:46
221,159146,BBMP/2024-25/OW/WORK_INDENT6529,"Comprehensive Developments of roads, drains & other works in Block No 19 - 2 in ward No 221 - HSR Layout. (2nd Call).",BBMP,BBMP Bommanahalli Division,Other Works,Awarded,,,,15-02-2025 12:35:45
221,137989,BBMP/2024-25/OW/WORK_INDENT4840,Providing asphalting to Cross roads and bad reaches in ward No. 221 HSR Layout,BBMP,BBMP Bommanahalli Division,Other Works,Awarded,,CHANDRAKANT D NAYAK,94475.00,26-11-2024 16:23:06
221,119780,BBMP/2024-25/RD/WORK_INDENT3877,Pothole Filling Works under Maintenance Works in Ward No. 221-HSR Layout for the year 2024-25 in Bommanahalli Division.,BBMP,BBMP Bommanahalli Division,Roads,Awarded,,SHARANAPPA SANGAMESH( SANGAMESH INFRASTRUCTURE INDIA PRIVATE LIMITED ),715784.76,13-09-2024 14:05:35
222,159145,BBMP/2024-25/OW/WORK_INDENT6528,"Comprehensive Developments of roads, drains & other works in Block No 56 in ward No 222 - Ibluru. (2nd Call).",BBMP,BBMP Bommanahalli Division,Other Works,Awarded,,PRADEEP BASAVARAJ UPPIN,434062.44,15-02-2025 12:36:53
222,137994,BBMP/2024-25/OW/WORK_INDENT4841,Providing asphalting to Cross roads and bad reaches in ward No. 222 Ibluru,BBMP,BBMP Bommanahalli Division,Other Works,Awarded,,JAYAKUMAR,224046.00,26-11-2024 16:22:08
223,200140,BBMP/2025-26/OW/WORK_INDENT7871,Construction and improvements of selected roads and RCC drains in Mangammanpalya surrounding area ward No. 223 Mangammanapalya,BBMP,BBMP Bommanahalli Division,Other Works,Awarded,,SHREYAS M( SHREYAS ENTERPRISES. ),4070543.32,23-06-2025 17:10:48
223,138003,BBMP/2024-25/OW/WORK_INDENT4842,Providing asphalting to Cross roads and bad reaches in ward No. 223 Mangammanapalya,BBMP,BBMP Bommanahalli Division,Other Works,Awarded,,MANIKANTH B CHANAGONNAVAR,1835351.22,26-11-2024 16:20:54
223,119762,BBMP/2024-25/RD/WORK_INDENT3879,Pothole Filling Works under Maintenance Works in Ward No. 223-Mangammanapalya for the year 2024-25 in Bommanahalli Division.,BBMP,BBMP Bommanahalli Division,Roads,Awarded,,M RAJGOPAL REDDY( BHOOMI CONSTRUCTIONS ),6301150.24,13-09-2024 14:05:07
224,138092,BBMP/2024-25/OW/WORK_INDENT4843,Providing asphalting to Main roads and bad reaches in ward No. 224 Hosa Road,BBMP,BBMP Bommanahalli Division,Other Works,Awarded,,LAKKU KRISHNAREDDY( LKR CONSTRUCTIONS ),33981333.00,26-11-2024 16:19:42
224,126758,BBMP/2024-25/EL/WORK_INDENT4230,"Operation and Maintenance of street lighting system in Hosa Road ward no-224, Package B23 of Bommanahalli Zone (for 10 months).",BBMP,BBMP Electrical Bommanahalli,Electrical,Awarded,2720946.66,,,10-10-2024 16:34:00
224,119759,BBMP/2024-25/RD/WORK_INDENT3876,Pothole Filling Works under Maintenance Works in Ward No. 224-Hosa Road for the year 2024-25 in Bommanahalli Division.,BBMP,BBMP Bommanahalli Division,Roads,Awarded,,,,13-09-2024 14:04:38
225,143489,BBMP/2024-25/RD/WORK_INDENT5926,"Comprehensive Developments of roads, drains & other works in Block No 74 in ward No 225 Kudlu",BBMP,BBMP Bengaluru South Bommanahalli,Roads,Awarded,5718054.62,RAMAPPA HANUMANTAPPA DIVIGIHALLI,3994330.46,16-12-2024 15:13:52
225,138820,BBMP/2024-25/RD/WORK_INDENT5718,Improvements to Roads and Drains at AECS Layout A Block in Ward No. 225 Kudlu,BBMP,BBMP Bengaluru South Bommanahalli,Roads,Awarded,,CHAPALA MADUGU RAMA MOORTHY( HARISH CONSTRUCTIONS ),5328921.51,28-11-2024 12:45:04
225,138819,BBMP/2024-25/RD/WORK_INDENT5717,Improvements to Roads and Drains at Prabhu Layout in Ward No. 225 Kudlu,BBMP,BBMP Bengaluru South Bommanahalli,Roads,Awarded,,K J RAJU,3383087.36,28-11-2024 12:43:21
225,138818,BBMP/2024-25/RD/WORK_INDENT5716,Improvements to Roads and Drains at Ankayya Reddy Layout in Ward No. 225 Kudlu,BBMP,BBMP Bengaluru South Bommanahalli,Roads,Awarded,,K J RAJU,2102714.96,28-11-2024 12:42:39
225,138817,BBMP/2024-25/RD/WORK_INDENT5715,Improvements to Drains at Vastu Layout and Jai Pragathi Layout in Ward No. 225 Kudlu,BBMP,BBMP Bengaluru South Bommanahalli,Roads,Awarded,,V RAGHU RAM( L R INFRASTRUCTURES ),2154584.41,28-11-2024 12:41:58
225,137404,BBMP/2024-25/OW/WORK_INDENT5389,Maintenance of Footpath in Ward No 225-Kudlu,BBMP,BBMP Bengaluru South Bommanahalli,Other Works,Awarded,2117636.17,,,22-11-2024 16:49:20
225,137400,BBMP/2024-25/OW/WORK_INDENT5388,Desilting of Drains and Ward Maintenance in Ward No 225-Kudlu,BBMP,BBMP Bengaluru South Bommanahalli,Other Works,Awarded,2795133.1,UDAY NARAYAN,2408425.94,22-11-2024 16:48:33
225,114597,BBMP/2024-25/RD/WORK_INDENT3703,Filling of Potholes in Ward No 225-Kudlu,BBMP,BBMP Bengaluru South Bommanahalli,Roads,Awarded,1270513.32,T CHANDRASHEKHAR REDDY,1584435.68,27-08-2024 14:43:52
225,98454,BBMP/2023-24/RD/WORK_INDENT3098/CALL-2,"Improvements to roads and drains at 1st Main road, 2nd main road and 3rd Main road at BTR Layout (1st Phase) 1st, 3rd, 4th Cross roads at Venkateshwara Layout and Surrounding area in ward no 225 Kudlu",BBMP,BBMP Bengaluru South Bommanahalli,Roads,Awarded,,,,15-07-2024 15:02:15
,282260,BDA/2025-26/RD/WORK_INDENT233,"IMPROVEMENTS TO ROAD AND DRAIN IN J.P.NAGAR 9TH PHASE, 3RD & 4TH BLOCK & FE OF ANJANAPURA 9TH BLOCK, BANGALORE.",BDA,BDA South Division,Other Works,Awarded,13183072.21,,,01-04-2026 14:07:34
,270383,BDA/2025-26/RD/WORK_INDENT197,Comprehensive Development Works For Construction of Drains And Culverts In Anjanapura VII & XI Block of BDA Layout.,BDA,BDA South Division,Roads,Awarded,111862454.28,S NARAYANA (1)( NEW KARNATAKA ELECTRICALS ),5738430.00,26-02-2026 16:30:01
,270400,BDA/2025-26/RD/WORK_INDENT198,Comprehensive Development Works For Construction of Drains And Culverts In Anjanapura VIII Block of BDA Layout.,BDA,BDA South Division,Roads,Awarded,111861628.66,,,26-02-2026 16:29:15
,270418,BDA/2025-26/RD/WORK_INDENT200,Comprehensive Development Works For Construction of Drains And Culverts In Anjanapura X Block of BDA Layout.,BDA,BDA South Division,Roads,Awarded,79900808.2,,,26-02-2026 16:27:49
,256603,BDA/2025-26/RD/WORK_INDENT185,Improvement of Existing Road Connecting From BDA Hunnigere Villa Project to Tumakur Road,BDA,BDA Housing Project Division No One,Roads,Awarded,,MAYYADDI HAMEED MANGALORE,201285.15,09-01-2026 20:58:09
,204603,BSMILE/2025-26/BD/WORK_INDENT1,"Renovation and Providing Interiors for establishment of Bangalore Smart Infrastructure Limited (B-SMILE), Bengaluru No.30/1, 3rd Floor, UNI Building, Thimmaiah road, Bengaluru 560051",BSMILE,BSMILE Managing Director Office Bengaluru,Buildings,Awarded,,KUMAR SHEDISHYAL,8460390.04,08-07-2025 17:37:44
,239644,BBMP/2025-26/CN/WORK_INDENT8544/CALL-2,"Construction of Flood Protection Structures to Storm Water Drain including RCC Retaining walls, Water retention Structures, Nature Based Solutions Structures, Culverts and Bridges Under Karnataka Water Security and Resilience Program (KWSRP) With Externally Funded Project World Bank In Mahadevapura Constituency Package-04 of Mahadevapura Zone",BBMP,BBMP Mahadevapura SWD,Canals including Lining and Structures,Awarded,,SHANKAREGOWDA( SHIVALLI BHYRAVA CONSTRUCTIONS ),39491314.52,13-11-2025 16:36:17
,239647,BBMP/2025-26/CN/WORK_INDENT8538/CALL-2,"Construction of Flood Protection Structures to Storm Water Drain including RCC Retaining walls, Water retention Structures, Nature Based Solutions Structures, Culverts and Bridges Under Karnataka Water Security and Resilience Program (KWSRP) With Externally Funded Project World Bank In Mahadevapura Constituency Package-03 of Mahadevapura Zone",BBMP,BBMP Mahadevapura SWD,Canals including Lining and Structures,Awarded,,,,13-11-2025 16:35:45
,222883,BBMP/2025-26/OW/WORK_INDENT9120,"Comprehensive development of Roads, drains & other allied works in Block 76, 115, 116, 121, 143, 14-2, 130-1, 130 2, 131 1 at Gali Anjaneya sub division",BBMP,BBMP Vijayanagar South,Other Works,Awarded,,RAKESH G N( JASPRAA CONSTRUCTION PRIVATE LIMITED ),971602.57,02-09-2025 17:35:49
,222850,BBMP/2025-26/OW/WORK_INDENT9119,"Comprehensive development of Roads, drains & other allied works in Block 12, 13, 15, 16, 62 & 14 1 division at Vijayanagar sub division",BBMP,BBMP Vijayanagar South,Other Works,Awarded,,ABIDALI ABDULSAB BALIGAR,1137696.93,02-09-2025 17:16:25
,215195,BBMP/2025-26/MT/WORK_INDENT8786,Annual Maintenance of Sitaram Palya Lake,BBMP,BBMP Mahadevapura Lakes,Modernization of tanks,Awarded,,MANJUNATH KRISHNA MOGER,1335486.80,13-08-2025 14:48:20
,213683,BBMP/2025-26/MT/WORK_INDENT8592/CALL-2,"Installation of leaf Composters Ambalipura Kelagina kere, Ambalipura Melina kere, Kaigondarah alli Lake, SowlKere, haraluru lake, Kasvanahalli Lake, varnasi Lake(Jimken ahalli) Lake, Panathur Lake-1, Devarabees anahalli lake, Garudachar palya lake-1, Chinnapana halli lake, Munnekolalu Kere, Hoodi Lake, Sitarampalya Lake, Shilavanthanakere, Kundanahalli Lake",BBMP,BBMP Mahadevapura Lakes,Modernization of tanks,Awarded,,,,07-08-2025 14:50:50
,211906,BBMP/2025-26/CN/WORK_INDENT8548,"Construction of Flood Protection Structures to Storm Water Drain including RCC Retaining walls, Water retention Structures, Nature Based Solutions Structures, Culverts and Bridges Under Karnataka Water Security and Resilience Program (KWSRP) With Externally Funded Project World Bank In K R Puram Constituency Package-07 of Mahadevapura Zone",BBMP,BBMP Mahadevapura SWD,Canals including Lining and Structures,Awarded,,M N CHANDRASHEKHAR,41835260.50,31-07-2025 17:50:00
,211891,BBMP/2025-26/CN/WORK_INDENT8547,"Construction of Flood Protection Structures to Storm Water Drain including RCC Retaining walls, Water retention Structures, Nature Based Solutions Structures, Culverts and Bridges Under Karnataka Water Security and Resilience Program (KWSRP) With Externally Funded Project World Bank In Mahadevapura Constituency Package-05 of Mahadevapura Zone",BBMP,BBMP Mahadevapura SWD,Canals including Lining and Structures,Awarded,,,,31-07-2025 17:43:58
,211826,BBMP/2025-26/CN/WORK_INDENT8518,"Construction of Flood Protection Structures to Storm Water Drain including RCC Retaining walls, Water retention Structures, Nature Based Solutions Structures, Culverts and Bridges Under Karnataka Water Security and Resilience Program KWSRP With Externally Funded Project World Bank In Mahadevapura Constituency Package 01 of Mahadevapura Zone",BBMP,BBMP Mahadevapura SWD,Canals including Lining and Structures,Awarded,,,,31-07-2025 17:16:24
,211805,BBMP/2025-26/CN/WORK_INDENT8530,"Construction of Flood Protection Structures to Storm Water Drain including RCC Retaining walls, Water retention Structures, Nature Based Solutions Structures, Culverts and Bridges Under Karnataka Water Security and Resilience Program (KWSRP) With Externally Funded Project World Bank In Mahadevapura Constituency Package-02 of Mahadevapura Zone",BBMP,BBMP Mahadevapura SWD,Canals including Lining and Structures,Awarded,,REVANASIDDAPPA S (1),2030308.64,31-07-2025 17:15:25
,211674,BBMP/2025-26/OW/WORK_INDENT7668/CALL-2,Improvements roads and drains at kere kodi and chowdeshwari layout in ward,BBMP,BBMP Yelahanka Division,Other Works,Awarded,,MEKAPATI ABHISHEK REDDY( VDB PROJECTS PRIVATE LIMITED ),680616273.86,31-07-2025 15:56:32
,211668,BBMP/2025-26/BR/WORK_INDENT8474,"Construction of flood protection structures to SWD including RCC retaining walls, Water retention structures, Nature based solution structures / Bridges and culverts under Karnataka Water Security and Resilience Programme (KWSRP) with external Project (World Bank) in West zone-Package-1",BBMP,BBMP West SWD,Bridges/Culverts,Awarded,,SRINIVASA RAO BALUSU (2)( BSR INFRATECH INDIA LIMITED ),1715924826.92,31-07-2025 15:41:17
,211751,BBMP/2025-26/FP/WORK_INDENT8506,"Construction of flood protection structures to SWD including RCC retaining walls, Water retention structures, Nature based solution structures / Bridges and culverts under Karnataka Water Security and Resilience Programme (KWSRP) with externally funded project (World Bank) in Yelahanka zone-YNK Package-3 (14 Works).",BBMP,BBMP Yelahanka SWD,Flood Protection Works,Awarded,,,,31-07-2025 14:03:42
,211733,BBMP/2025-26/FP/WORK_INDENT8505,"Construction of flood protection structures to SWD including RCC retaining walls, Water retention structures, Nature based solution structures / Bridges and culverts under Karnataka Water Security and Resilience Programme (KWSRP) with externally funded project (World Bank) in Yelahanka zone-YNK Package-2 (22 Works).",BBMP,BBMP Yelahanka SWD,Flood Protection Works,Awarded,,C Karigowda( CKG CONSTRUCTIONS PRIVATE LIMITED ),4853930.37,31-07-2025 13:36:33
,211716,BBMP/2025-26/FP/WORK_INDENT8504,"Construction of flood protection structures to SWD including RCC retaining walls, Water retention structures, Nature based solution structures / Bridges and culverts under Karnataka Water Security and Resilience Programme (KWSRP) with externally funded project (World Bank) in Yelahanka zone-YNK Package-1 (19 Works).",BBMP,BBMP Yelahanka SWD,Flood Protection Works,Awarded,,MUTHURAJ K S,1253472.81,31-07-2025 13:35:09
,211649,BBMP/2025-26/CN/WORK_INDENT8488,"Construction of flood protection structures to SWD including RCC retaining walls, Water retention structures, Nature based solution structures/ Bridges and culverts under Karnataka Water Security and Resilience Programme (KWSRP) with externally funded project (World Bank) in East zone Package-l",BBMP,BBMP East SWD,Flood Protection Works,Awarded,,,,31-07-2025 11:21:40
,202857,BBMP/2025-26/OW/WORK_INDENT7927,"Desilting, Repairs and Improvements to Drains at M.V. Garden in Block No 50, 51, 52, 53, and 54 in Wad No 121 Ulsoor",BBMP,BBMP Shivajinagar East,Other Works,Awarded,,T G RENUKAIAH,15955696.53,03-07-2025 13:06:53
,202851,BBMP/2025-26/OW/WORK_INDENT7926,"Desilting, Repairs and Improvements to Drains at M.V. Garden in Block No 44, 45, 46, 47, 48 and 49 in Wad No 121 Ulsoor",BBMP,BBMP Shivajinagar East,Other Works,Awarded,,,,03-07-2025 13:06:30
,202846,BBMP/2025-26/OW/WORK_INDENT7925,"Desilting, Repairs and Improvements to Drains at M.V. Garden in Block No 37, 38, 39, 41, 42 and 43 in Wad No 121 Ulsoor",BBMP,BBMP Shivajinagar East,Other Works,Awarded,,GURURAJ RAMACHANDRA KAMBAR( GURURAJ RAMACHANDRA KAMBAR ),440234.33,03-07-2025 13:06:05
,198225,BBMP/2025-26/FP/WORK_INDENT7759,"Expansion/Widening of narrow water vents for Construction of Retaining walls, U drains, Box drains and Culverts/Bridges to Storm Water Drains at Various locations in Byatarayanapura and Yelahanka Constituency of Yelahanka Zone Package YLK-3 (Project No. 05, 08, 09, 25 and 26)",BBMP,BBMP Yelahanka SWD,Flood Protection Works,Awarded,,HAMZA KAVU MUHAMMED,6323629.31,17-06-2025 11:27:34
,198233,BBMP/2025-26/FP/WORK_INDENT7758,"Expansion/Widening of narrow water vents for Construction of Retaining walls, U drains, Box drains and Culverts/Bridges to Storm Water Drains at Various locations in Byatarayanapura and Yelahanka Constituency of Yelahanka Zone Package YLK-2 (Project No. 03, 04, 22 and 24)",BBMP,BBMP Yelahanka SWD,Flood Protection Works,Awarded,,,,17-06-2025 11:26:52
,198231,BBMP/2025-26/FP/WORK_INDENT7757,"Expansion/Widening of narrow water vents for Construction of Retaining walls, U drains, Box drains and Culverts/Bridges to Storm Water Drains at Various locations in Byatarayanapura and Yelahanka Constituency of Yelahanka Zone Package YLK-1 (Project No. 06, 07, and 23)",BBMP,BBMP Yelahanka SWD,Flood Protection Works,Awarded,,,,17-06-2025 11:25:07
,196473,BBMP/2024-25/BR/WORK_INDENT6679/CALL-2,"Expansion/Widening of narrow water vents for Construction of Retaining walls, U shaped drains, Box drains and Culverts/Bridges to Storm Water Drains at Various locations in Mahadevapura Constituency of Mahadevapura Zone Package MDP-1 (Project No.29, 30, 31, 32, 33 and 34",BBMP,BBMP Mahadevapura SWD,Bridges/Culverts,Awarded,,,,10-06-2025 13:56:58
,195614,BBMP/2025-26/OW/WORK_INDENT7572,Civil Maintenance of Byatarayanapura Constituency Parks,BBMP,BBMP Project Yelahanka,Other Works,Awarded,,SIDLING BURAN BASTWADE,3837289.00,09-06-2025 13:42:03
,194195,BBMP/2025-26/OW/WORK_INDENT7404,"Improvements of roads, drains culverts, and other infrastructural works in RPC Layout and weaver layout and surrounding areas in 150 Attiguppe",BBMP,BBMP Vijayanagar South,Other Works,Awarded,,Manjegowda,756977.27,29-05-2025 17:55:43
,191735,BBMP/2025-26/OW/WORK_INDENT7303,"IMPROVEMENTS OF ROADS AND DRAINS AT CAUVERY LAYOUT, DEFENCE LAYOUY, MARIYANNAPALYA, VENKATEGOWDA LAYOUT AND SURROUNDING AREAS IN BYATARAYANAPURA CONSTITUENCY.",BBMP,BBMP Byatarayanapura Yelahanka,Other Works,Awarded,,,,20-05-2025 16:07:21
,191711,BBMP/2025-26/OW/WORK_INDENT7302,IMPROVEMENTS OF ROADS AND DRAINS AT AMRUTHANAGAR AND SURROUNDING AREAS IN BYATARAYANAPURA CONSTITUENCY.,BBMP,BBMP Byatarayanapura Yelahanka,Other Works,Awarded,,,,20-05-2025 16:06:12
,189392,BBMP/2025-26/OW/WORK_INDENT7130/CALL-2,"Comprehensive Development of Roads, Drains & other allied civil works at Block Nos.1,2,5,19,22, 45,71, 63, 65, 66,69 and all other SC/ST area blocks in Mathikere Sub division.",BBMP,BBMP Malleshwaram West,Other Works,Awarded,,,,13-05-2025 17:10:44
,188942,BBMP/2025-26/OW/WORK_INDENT7129/CALL-2,"Comprehensive Development of Roads, Drains & other allied civil works in Block nos 30 38 2 39 2 40 62 64 and all other SC ST area blocks in Malleshwaram Sub division",BBMP,BBMP Malleshwaram West,Other Works,Awarded,,,,13-05-2025 16:59:05
,180868,BBMP/2025-26/RD/WORK_INDENT7181,"Concrete road work for development of Scheduled caste and Tribe Colony of Rotary Nagara, Kodichikkanahalli Village Bilekahalli.CAT-11(A)",BBMP,BMBP Project Bommanahalli,Roads,Awarded,,,,15-04-2025 22:02:08
,179326,BBMP/2024-25/BG/WORK_INDENT5830/CALL-2,"Construction of balance portion Varthuru Kodi Bridge and approach ramps, Road culverts and other road improvements of arterial and sub-arterial roads in Mahadevapaura Assembly constituency (Package No.MDP-1) of RI Mahadevapura Division",BBMP,BBMP Mahadevapura Major Roads,Bridges,Awarded,174982481.68,,,09-04-2025 17:19:50
,175629,BBMP/2024-25/OW/WORK_INDENT7103,"Comprehensive Development and improvements to roads, drains and other development to roads, in Govindarajanagara assembly constituency",BBMP,BBMP Govindrajnagar West,Other Works,Awarded,15978388.88,MIR AVAN ALI,4147619.00,29-03-2025 12:49:53
,175122,BBMP/2024-25/OW/WORK_INDENT7065,Construction of new Parallel drain to SWD joining V-100 at Vinayakanagara Padarayanapura Chamarajpete Constituency of West Zone.,BBMP,BBMP West SWD,Other Works,Awarded,,,,28-03-2025 08:15:37
,174933,BBMP/2024-25/FP/WORK_INDENT7069,Construction of RCC Retaining wall to the Storm water drains in between at Sami labs and fine crafts in 2nd phase Dasarahalli,BBMP,BBMP Dasarahalli SWD,Flood Protection Works,Awarded,,SREERAMACHANDRA A( SAPTHAGIRI AND CO ),863388.46,27-03-2025 12:46:36
,174663,BBMP/2024-25/EL/WORK_INDENT7085,"Providing of Tubular poles, AB cable and other accessories to damaged poles circuits on Arterial/Sub Arterial roads coming under Yeshwanthpura Constituency",BBMP,BBMP Electrical Rajarajeshwarinagar,Electrical,Awarded,3388206.65,,,27-03-2025 11:21:02
,174509,BBMP/2024-25/OW/WORK_INDENT7073,"Improvements to Roads and Drains at 5th Block, 38th Cross & 7th Cross Prakruthi Layout and surrounding area in ard no 76/24 Hennur",BBMP,BBMP Sarvagnanagar East,Other Works,Awarded,,,,26-03-2025 14:50:24
,173960,BBMP/2024-25/BD/WORK_INDENT7026,"Construction Of Shishuvihara At Commissionerate Road, Ashoknagar Bangalore-47 (Call-2)",BBMP,BBMP Project East,Buildings,Awarded,,G V NAGARAJA( BHARATH NURSERY ),2398884.00,25-03-2025 15:57:24
,172903,BBMP/2024-25/OW/WORK_INDENT6542/CALL-3,Improvements to Selected roads and drains in Mangammanapalya Surrounding areas.,BBMP,BBMP Bommanahalli Division,Other Works,Awarded,,,,21-03-2025 17:22:56
,171501,BBMP/2024-25/RD/WORK_INDENT6955,"Construction of New Shoulder Drains, Lead off Drains, Culverts and Other Emergency works in RI-K.R.Puram Division for The Year 2024-2025",BBMP,BBMP K R Puram Major Roads,Roads,Awarded,,,,18-03-2025 17:51:01
,171440,BBMP/2024-25/RD/WORK_INDENT6847,"Comprehensive Developments of roads, drains, Major Culverts, Footpaths, Storm Water drains, Parks, Playgrounds, Buildings, Ashpalting and Concreting of Bad reaches and Rain affected ares in V V Puram and Dharmarayaswamy Temple Sub division of Chickpet Assembly Constituency.",BBMP,BBMP Chikpeth South,Roads,Awarded,,H C UMESH( JAYALAKSHMI ENGINEERING AND CONTRACTORS ),38584797.45,18-03-2025 15:37:23
,169387,BBMP/2024-25/OW/WORK_INDENT6859,Improvements to roads and drains at BM Layout and Surrounding area KG Halli,BBMP,BBMP Sarvagnanagar East,Other Works,Awarded,,NAVEEN B( SIRI CONSTRUCTIONS ),3278820.14,14-03-2025 12:44:19
,167154,BBMP/2024-25/RT/WORK_INDENT6784,"Development of Chikkabelandur Lake by enhancing storage capacity of lake through desilting and removal of slush, construction of wetland, Sewage diversion drain, Installation of Sluice Gate, Water body Protection and other allied works",BBMP,BBMP Mahadevapura Lakes,Restoration of old and breached tanks and Desilting of tanks,Awarded,,,,07-03-2025 16:28:52
,166744,BBMP/2024-25/BR/WORK_INDENT6786,"Expansion/Widening of narrow water vents for Construction of Retaining walls, U drains, Box drains and Culverts/Bridges to Storm Water Drains at Various locations in Bangalore South Constituency of Bommanahalli Zone Package BHZ-1(Project No. 10, 11, 12 and 13)",BBMP,BBMP Bommanahalli SWD,Bridges/Culverts,Awarded,,,,06-03-2025 18:17:12
,165802,BBMP/2024-25/FP/WORK_INDENT6682,"Expansion/Widening of narrow water vents for Construction of Retaining walls, U drains, Box drains and Culverts/Bridges to Storm Water Drains at Various locations in Vijayanagara Constituency of South Zone Package South-1(Project No.02 and 27)",BBMP,BBMP South SWD,Flood Protection Works,Awarded,,,,04-03-2025 17:52:24
,160211,BBMP/2024-25/OW/WORK_INDENT6569,"Construction of new shoulder drains, lead off drains, culverts and other emergency works in RI-Mahadevapura Division for the year 2024-25",BBMP,BBMP Mahadevapura Major Roads,Other Works,Awarded,,,,17-02-2025 18:56:45
,159158,BBMP/2024-25/OW/WORK_INDENT6541,Improvements to Selected roads and drains in Madeena nagara Surrounding areas.,BBMP,BBMP Bommanahalli Division,Other Works,Awarded,,C R ANIL KUMAR REDDY( RAYALASEEMA CONSTRUCTIONS COMPANY ),3689513.60,15-02-2025 12:22:55
,158903,BBMP/2024-25/EL/WORK_INDENT6515,"Arranging temporary lighting to Lakshmipuram Hindu Burial ground Enterance Part ,CMH Road and Surrounding area in Lakshmipuram Hindu Burial ground On Occasion of MAHA SHIVARAATRI JAGARANE Under POW 2024-25",BBMP,BBMP Electrical East,Electrical,Awarded,420100.0,SURYA PRAKASH,251409.13,13-02-2025 16:33:28
,158958,BBMP/2024-25/EL/WORK_INDENT6516,"Arranging Temporary Lighting to Kallahalli Hindu Burial Ground, Main Road and surrounding area on occasion of MAHASHIVARATHRI JAGARANE Under POW 2024-25",BBMP,BBMP Electrical East,Electrical,Awarded,338600.0,Hanamant Pujari,2354910.69,13-02-2025 16:32:34
,157694,BBMP/2024-25/RD/WORK_INDENT6480,"Improvements to roads and drains in Kaveramma slum, swagath Quarters, Arasu Colony, Corporation colony, Ragigudda Slum and JP Nagar Slum in Jayanagar Constituency.",BBMP,BBMP Jayanagar South,Roads,Awarded,,,,10-02-2025 13:51:52
,153872,BBMP/2024-25/EL/WORK_INDENT6352,"Repairs and Repacements of damaged cables, poles, park fittings in Byatarayanapura Constituency Parks.",BBMP,BBMP Electrical Yelahanka,Electrical,Awarded,,BASAVANTAPPA S DODDAMANI,401280.28,29-01-2025 13:09:00
,153468,BBMP/2024-25/RD/WORK_INDENT6308,"Grants for Initiating widening of roads, including of preparation of DPR, Land acquisition of cost, and demolition of structures Re-asphalting of existing road width of Jakkur road from Railway Track to KPSC Layout",BBMP,BBMP Yelahanka Major Roads,Roads,Awarded,,,,27-01-2025 16:47:08
,152789,BBMP/2024-25/OW/WORK_INDENT6302,"Comprehensive development of Roads, drains & other Infrastructure allied works in Vijayanagar sub division.",BBMP,BBMP Vijayanagar South,Other Works,Awarded,15979455.35,SHRIKANT KUMBHAR,409964.22,23-01-2025 15:40:51
,152809,BBMP/2024-25/OW/WORK_INDENT6303,"Comprehensive Development of Roads, drains & Other Infrastructure allied works in Gali Anjaneya Temple Sub Division",BBMP,BBMP Vijayanagar South,Other Works,Awarded,15975467.29,,,23-01-2025 15:39:59
,152258,BBMP/2024-25/RD/WORK_INDENT6301,Construction of gratings at underpasses in RI East-Division for the year 2024-25,BBMP,BBMP East Major Roads,Roads,Awarded,,LOHITHKUMAR C M( LOHITHKUMAR C M ),2530206.27,21-01-2025 17:38:26
,152209,BBMP/2024-25/RD/WORK_INDENT6300,"Construction of New Shoulder drains, Lead off drains, culverts and Other emergency works in Ri-East Division for the year 2024-25",BBMP,BBMP East Major Roads,Roads,Awarded,,K M ISMAIL,234511.44,21-01-2025 16:44:41
,151902,BBMP/2024-25/OW/WORK_INDENT6249,"Comprehensive development works of road, drain, footpath in Govindarajanagara Constituency",BBMP,BBMP Govindrajnagar West,Other Works,Awarded,16752725.27,,,20-01-2025 16:55:12
,151860,BBMP/2024-25/RD/WORK_INDENT6290,Providing Pothole filling to roads in Visweshwarapuram sub divsion for the year of 2024-25,BBMP,BBMP Chikpeth South,Roads,Awarded,,,,20-01-2025 15:32:05
,151828,BBMP/2024-25/OW/WORK_INDENT6246,"Providing Pothole Filling in Shakamabari Nagara Sub Division, Jayanagara Constituency for the Year of 2024-25.",BBMP,BBMP Jayanagar South,Other Works,Awarded,,LAXMAN RATHOD,1544191.25,20-01-2025 15:25:15
,151866,BBMP/2024-25/OW/WORK_INDENT6244,"Providing Pothole Filling in J P Nagara Sub Division, Jayanagara Constituency for the Year of 2024-25.",BBMP,BBMP Jayanagar South,Other Works,Awarded,,Annavari Prakash( SRI BALAJI CONSTRUCTIONS ),4795678.24,20-01-2025 15:24:31
,148847,BBMP/2024-25/EL/WORK_INDENT6149,Repairs and Shifting of existing High Masts to road side and trenchless cabling work in Yelahanka Zone.,BBMP,BBMP Electrical Yelahanka,Electrical,Awarded,,,,08-01-2025 11:17:06
,148845,BBMP/2024-25/EL/WORK_INDENT6148,Providing and Installation Poles and Lights to the Gym equipment area and Play ground yard in Byatarayanapura Constituency.,BBMP,BBMP Electrical Yelahanka,Electrical,Awarded,,,,08-01-2025 11:16:06
,148787,BBMP/2024-25/EL/WORK_INDENT6137,Providing AB Cable and accessories in Singapura main road and Improvement of electrical installations in Ganesha Layout park.,BBMP,BBMP Electrical Yelahanka,Electrical,Awarded,,PAMPATHI S( LEKHANI ENTERPRISES ),8368821.31,08-01-2025 11:01:02
,148467,BBMP/2024-25/OW/WORK_INDENT6131,"Construction/Remodelling of Primary, Secondary Drains, Culverts, Bridges and all other allied works of SWD spread out at various locations(Dynasty layout, TATA nagara and BasavaSamithy) in Byataranapura assembly constituency PACKAGE-01",BBMP,BBMP Yelahanka SWD,Other Works,Awarded,,,,06-01-2025 16:54:57
,145392,BBMP/2024-25/BD/WORK_INDENT6032,Improvements and renovation to Bommanahalli Zonal office Building in Begur road Bommanahalli.,BBMP,BMBP Project Bommanahalli,Buildings,Awarded,,A.BHUPAL REDDY( A BHUPAL REDDY ),419521394.35,21-12-2024 17:53:48
,140502,BBMP/2024-25/RD/WORK_INDENT5851,"Improvements to Roads, Drains & Footpath and Micro Surfacing of Selected Arterial, Sub-Arterial and other important roads in Shivajinagara and CV Raman Nagara Assembly Constituency (Package No.E-3) of RI-East Division",BBMP,BBMP East Major Roads,Roads,Awarded,,Kamaraju K P,690123.48,03-12-2024 19:05:01
,140427,BBMP/2024-25/OW/WORK_INDENT5846,"Construction of Government school buildings at Jakkur layout, Bellahalli & Chokkanahalli, Byatarayanapura assembly constituency.",BBMP,BBMP Byatarayanapura Yelahanka,Other Works,Awarded,,CHETHAN R( SRI KARAGA LAKSHMI CHANNAKESHAVA SWAMY CONSTRUCTIONS ),4286464.12,03-12-2024 18:32:08
,140412,BBMP/2024-25/RD/WORK_INDENT5843,"Improvements to Roads, Drains & Footpath and Asphalting including Milling whole surface of Selected Arterial, Sub-Arterial and Others important roads in Mahadevapura Assembly Constituency (Package No MDP-4) of RI Mahadevapura Division",BBMP,BBMP Mahadevapura Major Roads,Roads,Awarded,327002134.42,,,03-12-2024 16:49:44
,140340,BBMP/2024-25/RD/WORK_INDENT5836,"Improvements to Roads,Drains & Footpath and Asphalting including Milling whole surface of Selected Arterial, Sub-Arterial and Others important roads in Mahadevapura Assembly Constituency (Package No MDP-2) of RI Mahadevapura Division",BBMP,BBMP Mahadevapura Major Roads,Roads,Awarded,297821619.85,,,03-12-2024 16:48:04
,140397,BBMP/2024-25/RD/WORK_INDENT5834,"Improvements to Roads, Drains and Footpath and Asphalting including milling whole surface of selected Arterial, Sub Arterial and other important road in Yelahanka Assembly constituency (Package no.YNK-1) of RI-Yelahanka Division",BBMP,BBMP Yelahanka Major Roads,Roads,Awarded,,,,03-12-2024 15:33:46
,140326,BBMP/2024-25/RD/WORK_INDENT5829,"Improvements to Roads, Drains & Footpath and Asphalting including Milling whole surface of Selected Arterial, Sub-Arterial and other important roads in Yeshwanthapura Assembly Constituency (Package No.RRN-2) and white topping/concrete road from Panchamuki Ganpathi Temple to Rainbow bridge of RI-Rajarajeshwarinagara Division",BBMP,BBMP Rajarajeshwarinagar Major Roads,Roads,Awarded,,K G DORESWAMY GOWDA,1862582.99,03-12-2024 12:50:50
,140107,BBMP/2024-25/OW/WORK_INDENT5309/CALL-2,"Desilting & Maintenance of Drains by Silt and Tractor for the Year 2024-25 in Peenya Industrial Area, Sub Division",BBMP,BBMP Dasarahalli Division,Other Works,Awarded,842037.0,HARSHAKUMAR B M,2984505.00,02-12-2024 17:16:38
,137215,BBMP/2024-25/EL/WORK_INDENT5609,"Providing Temporary Illumination Arrangement to Main Roads and Surrounding areas coming under Jurisdiction of Ashok Nagar, Cubbon Park and Indirangara Police Station Limits on Occassion of New year Celebration 2025 on 31-12-2024 Under POW 2024-25",BBMP,BBMP Electrical East,Electrical,Awarded,1694100.0,SRINIVAS RAJU( FUTURO INFRA LLP ),54401398.13,22-11-2024 16:26:32
,135689,BBMP/2024-25/OW/WORK_INDENT5468,Comprehensive Developments and Improvements to Raods Drains and Footpath to Manjunatha Layout and Surrounding Areas in AWrd NO 62 Sanjaynagar,BBMP,BBMP Hebbala East,Other Works,Awarded,,M RAVISH KUMAR( MESSERS B MUNIKRISHNAPPA ),4220350.48,16-11-2024 17:58:10
,133777,BBMP/2024-25/OW/WORK_INDENT5058,"Improvements to Drains at Kasavanahalli and Junnasandra in Bellandur ward no,107",BBMP,BBMP Mahadevapura Division,Other Works,Awarded,2115440.42,H A PRAKASH,4016649.78,11-11-2024 15:50:26
,132477,BBMP/2024-25/OW/WORK_INDENT4918,"Annual Maintenance of Dorekere & Uttarahalli Lakes,Subramnayapura, Deverakere and Yelechenahalli Lakes",BBMP,BBMP Bengaluru South Constituency Lakes,Other Works,Awarded,,,,07-11-2024 14:34:29
,131074,BBMP/2024-25/OW/WORK_INDENT4709,"Annual Maintenance of Hoodi Lake, Hoodi Giddanakere and Sitaram Palya Lake",BBMP,BBMP Mahadevapura Lakes,Other Works,Awarded,,MANJUNATH RAMACHANDRA NAYAK,1365050.76,04-11-2024 17:30:12
,132047,BBMP/2024-25/RD/WORK_INDENT4878,Widening of Blessing Garden Main Road (24.0 Mtr Road) from Hennur-Bagalur Main Road to Byrathi Village via Geddalahalli,BBMP,BBMP Mahadevapura Major Roads,Roads,Awarded,67141482.26,S R SREEDHAR KUMAR( M S ENGINEERING CONSTRUCTIONS ),1774448.11,04-11-2024 17:17:03
,131524,BBMP/2024-25/OW/WORK_INDENT4852,"Improvements of roads and drains, Buildings and other infrastructure Development works at SC/ST area (143 Nayandahalli block no. 31, 57, 60 & 69) and (135 Agraharadasarahalli block no. 65, 68, 69) in Govindarajanagara Constituency",BBMP,BBMP Govindrajnagar West,Other Works,Awarded,11213887.81,,,04-11-2024 12:22:21
,131673,BBMP/2024-25/OW/WORK_INDENT4871,"Comprehensive Development of Footpath, Drains and other Improvements works in Parks and play ground in BTM Layout Assembly Constituency",BBMP,BBMP BTM South,Other Works,Awarded,,,,04-11-2024 11:26:27
,131008,BBMP/2024-25/OW/WORK_INDENT4697,Annual Maintenance of Bhattarahalli Lake & Benniganahalli Lake,BBMP,BBMP Mahadevapura Lakes,Other Works,Awarded,,SHANKRAPPA MALAKAJAPPA GURAMMANAVAR (1),550447.10,30-10-2024 19:20:31
,130195,BBMP/2024-25/OW/WORK_INDENT4621,Construction of Six Water storage structure in Byatarayanapura Assembly Constituency parks,BBMP,BBMP Senior Assistant Director of Horticulture Yelahanka,Other Works,Awarded,2032285.49,PONNUSWAMY MURUGESH( RAKSHITH FOUNDATION AND RESTORATION ),2319138.30,28-10-2024 10:58:46
,130181,BBMP/2024-25/OW/WORK_INDENT4601,"Beautification, landscape development, water facility and other civil works in Byatarayanapura Assembly Constituency parks",BBMP,BBMP Senior Assistant Director of Horticulture Yelahanka,Other Works,Awarded,10588391.28,YALAGURAPPA B PATTED,2059398.00,28-10-2024 10:57:41
,126273,BBMP/2024-25/RD/WORK_INDENT4024,"Construction of New shoulder drains, lead off drains, culverts and other emergency works in RI-RR Nagara Division for the year 2024-25",BBMP,BBMP Rajarajeshwarinagar Major Roads,Roads,Awarded,,,,13-10-2024 15:24:36
,126738,BBMP/2024-25/EL/WORK_INDENT4371,"Maintenance of street lights From Benniganahalli Flyover to Agara including service roads, underpasses & flyover in outer ring road in Mahadevapura zone (M14).7 Months",BBMP,BBMP Electrical Mahadevapura,Electrical,Awarded,1599481.8,SHARANABASAVA GADDI,561975.97,10-10-2024 16:34:52
,125698,BBMP/2024-25/BD/WORK_INDENT3860/CALL-2,"Further Development of Sahakaranagara Indoor Stadium along with Sports Equipments at Sahakaranagara, Byatarayanapura Assembly Constituency",BBMP,BBMP Project Yelahanka,Buildings,Awarded,,,,07-10-2024 12:02:38
,124163,BBMP/2024-25/OW/WORK_INDENT3612/CALL-2,Construction of Compound Wall to defence land including consortium coil barbed wire fencing from Lower Agaram road to Koramangala Inner ring road- Package - 3,BBMP,BBMP White Topping,Other Works,Awarded,,Jagadeesha J G( AMRUTHA ENTERPRISES ),786784.30,01-10-2024 11:57:09
,122249,BBMP/2024-25/OW/WORK_INDENT3760/CALL-2,"Raising and maintenance of Compensatory Afforestation Plantation In Bommanahalli Zone Tippu circle to gubbalala main road (Glass factory road) Left & Right side BBMP during the year 2024-25 & maintenance of plantation during the year 2025-26, 2026-27, 2027-28 & 2028-29. 1000 Plants",BBMP,BBMP Forests Section,Other Works,Awarded,2762144.0,HANMANTA T BANDIWADDAR,413503.32,23-09-2024 16:07:36
,121310,BBMP/2024-25/OW/WORK_INDENT3898,"Comprehensive development of roads,drains, Culverts, Footpaths and other works at Chamarajpet Division Juridiction (3 works)",BBMP,BBMP Chamarajpete West,Other Works,Awarded,,,,20-09-2024 13:49:00
,119966,BBMP/2024-25/OW/WORK_INDENT3886,Upgradation and redevelopment of Mahtma Gandhi Plaza At M G Road,BBMP,BBMP Shanthinagar East,Other Works,Awarded,32953310.35,T GANESH,2296069.58,13-09-2024 17:52:18
,119550,BBMP/2024-25/BD/WORK_INDENT3863,"Further Development of Vidyaranyapura Outdoor Ground at Vidyaranyapura, Byatarayanapura Assembly Constituency",BBMP,BBMP Project Yelahanka,Buildings,Awarded,,,,12-09-2024 15:20:07
,115666,BBMP/2024-25/OW/WORK_INDENT3799,Construction of drinking water points at bus stop park and play gorund and improvements of roads footpath drains in Govindarajanagara Constituency,BBMP,BBMP Govindrajnagar West,Other Works,Awarded,67101210.04,DILEEPA CHICKMAGALUR AJJAIAH (1),1677089.75,30-08-2024 16:23:19
,115679,BBMP/2024-25/OW/WORK_INDENT3801,Construction of Rain water harvesting and recharge pits and improvements of roads footpath drains in Govindarajanagara Constituency,BBMP,BBMP Govindrajnagar West,Other Works,Awarded,68522024.7,DEEPAK Y S (2)( RACHANA CONSTRUCTIONS ),1440150.00,30-08-2024 16:22:18
,114792,BBMP/2024-25/OW/WORK_INDENT3793,"Comprehensive Developments of roads drains, CC Roads, Parks, Playground, LED Lights, CCTV Cameras in Rajajinagar Assembly Constituency.",BBMP,BBMP Rajajinagar West,Other Works,Awarded,,PRASHANTKUMAR SAGAR,981898.08,28-08-2024 15:43:14
,114671,BBMP/2024-25/RD/WORK_INDENT3784,Pothole filling works in ward limits of Mahadevapura Assembly Constituency for the year 2024-25,BBMP,BBMP Mahadevapura Division,Roads,Awarded,13961480.69,NAGAPPA S,857830.37,28-08-2024 12:02:18
,114384,BBMP/2024-25/OW/WORK_INDENT3768,"Raising and maintenance of Compensatory Afforestation Plantation In Mahadevapura Zone K R Puram Medahalli Road side BBMP during the year 2024-25 & maintenance of plantation during the year 2025-26, 2026-27, 2027-28 & 2028-29. 1000 Plants",BBMP,BBMP Forests Section,Other Works,Awarded,2762144.0,SHANKREPPA P DODAMANI,266555.14,26-08-2024 19:15:51
,114387,BBMP/2024-25/OW/WORK_INDENT3769,"Raising and maintenance of Compensatory Afforestation Plantation In Mahadevapura Zone Vijanapura road side BBMP during the year 2024-25 & maintenance of plantation during the year 2025-26, 2026-27, 2027-28 & 2028-29. 1000 Plants",BBMP,BBMP Forests Section,Other Works,Awarded,2762144.0,,,26-08-2024 19:15:22
,114390,BBMP/2024-25/OW/WORK_INDENT3770,"Raising and maintenance of Compensatory Afforestation Plantation In Mahadevapura Zone Mahadevapur Road Side BBMP during the year 2024-25 & maintenance of plantation during the year 2025-26, 2026-27, 2027-28 & 2028-29. 1000 Plants",BBMP,BBMP Forests Section,Other Works,Awarded,2762144.0,CHANNAPPA KEMPAIAH( MANOJ ENTERPRISES ),2486594.00,26-08-2024 19:14:54
,114392,BBMP/2024-25/OW/WORK_INDENT3771,"Raising and maintenance of Compensatory Afforestation Plantation In Mahadevapura Zone T.C.Palya to Rammurthynagara Road BBMP during the year 2024-25 & maintenance of plantation during the year 2025-26, 2026-27, 2027-28 & 2028-29. 1000 Plants",BBMP,BBMP Forests Section,Other Works,Awarded,2762144.0,CHANNAPPA KEMPAIAH( MANOJ ENTERPRISES ),2444834.00,26-08-2024 19:14:22
,103569,BBMP/2024-25/OW/WORK_INDENT3470,Remodelling of SSM drain to RCC Box Drain and Construction of Culverts to Azad Nagar Cottonpete Ramachandra Agrahara & Surrounding Cross Roads from 1st Main to 5th Main Chamarajpete Constituencye Constituency in West Zone,BBMP,BBMP West SWD,Other Works,Awarded,,,,02-08-2024 15:31:36
,103563,BBMP/2024-25/OW/WORK_INDENT3469,"Reconstruction of RCC Box Drain, U shape Drain and Construction of Impounding Reservior in Police Quarters of Chamarjpete Constituency in West Zone",BBMP,BBMP West SWD,Other Works,Awarded,,Madivalappa,229629.96,02-08-2024 15:30:49
,103517,BBMP/2024-25/OW/WORK_INDENT3468,Construction of RCC Bridge and road across V-100 connecting Vijayanagar Pipe Line Road to Mysore Road in Padharayanpura & RCC Box Culvert of Various vent size wherever damaged in Chamarjpete Constituency in West Zone,BBMP,BBMP West SWD,Other Works,Awarded,,MUTTHANNA HIREMATHA( SAMRAT CONSTRUCTION ),194967.41,02-08-2024 15:29:41
,91238,BBMP/2024-25/OW/WORK_INDENT3322,"Construction of Commercial Complex in Chandra layout (Additional Works), Library & Yoga Mandira building, Improvements to roads, Drains, Parks & other works in Gali Anjaneya Sub Division, Vijayanagar Assembly Constituency (16 Works) under CMs Special Grants 2024-25 Package 02",BBMP,BBMP Vijayanagar South,Other Works,Awarded,55925327.74,,,21-06-2024 18:35:32
,90432,BBMP/2024-25/OW/WORK_INDENT3306,Construction of Palike Bazar Balance work Kanaka Bhavana Balance Work New Multipurpose shops Improvements to roads Drains & other works in Vijayanagar sub division Vijayanagar Assembly Constituency 14 Works under CM Special Grants 2024 25 Package 01,BBMP,BBMP Vijayanagar South,Other Works,Awarded,85465146.43,,,20-06-2024 13:00:48
,86313,BBMP/2024-25/OW/WORK_INDENT3211,Development of Pedestrian walkways in major road,BBMP,BBMP Road Infra,Other Works,Awarded,,,,30-05-2024 16:01:14
,82068,BBMP/2023-24/RD/WORK_INDENT2946,Package-02 Comprehensive Development of Roads and drains and Providing LED Light Fixtures in various blocks as per 2011 Census in ward limits of Mahadevpura Division Under BBMP Grants 2023-24 (41 works),BBMP,BBMP Mahadevapura Division,Roads,Awarded,,,,14-03-2024 13:28:16
,81958,BBMP/2023-24/BD/WORK_INDENT2884/CALL-2,"Repair and Renovation of City Cattle Pound, Usmaankhan Road (Animal Husbandry)",BBMP,BBMP Chikpeth South,Buildings,Awarded,,Srimanth Hachad,593684.69,13-03-2024 18:48:59
,77323,BBMP/2023-24/RD/WORK_INDENT2888,"Providing Scientific Humps, HRPC, Lane Dividers, Thermoplastic Paint & other Road Safety Works in Arterial and Sub-Arterial Roads in East Zone",BBMP,BBMP TEC Major Roads,Roads,Awarded,,KRISHNA SEETHARAM,423409.95,05-03-2024 16:43:13
,77911,BBMP/2023-24/OW/WORK_INDENT2891,"Package-4 (3)Construction of sewage diversion drain, silt traps and wetland restoration works at Garudachar Palya Lake-1, Shilavanthana kere and Mahadevpura Lake-1 (5)Construction of wetland, inlet improvements and other developmental works at Lingadheeranahalli-13 Lake (9)Development and Improvements to Anjanapura Lakes",BBMP,BBMP Mahadevapura Lakes,Other Works,Awarded,,K N PRADEEP (1),487249.70,05-03-2024 14:07:43
,75663,BBMP/2023-24/OW/WORK_INDENT2848,Comprehensive Development of Roads and drains and other allied works in Malleshwaram Sub Division,BBMP,BBMP Malleshwaram West,Other Works,Awarded,,VASEEM M HAKEEM( V M Hakeem Civil Contractor And Construction Material Supplier ),641920.95,29-02-2024 13:53:32
,75819,BBMP/2023-24/OW/WORK_INDENT2847,Comprehensive Development of Roads and drains and other allied works in Mathikere Sub Division,BBMP,BBMP Malleshwaram West,Other Works,Awarded,,,,29-02-2024 13:52:51
,75695,BBMP/2023-24/BD/WORK_INDENT2807,Repairs/Maintenance and work in BBMP First PU Collage at Dispensary Road.,BBMP,BBMP Project East,Buildings,Awarded,,K P PRASHANTH KUMAR (1)( Kares People services ),1028235.00,29-02-2024 13:15:17
,67319,BBMP/2023-24/RD/WORK_INDENT2509,Improvements to Channasandra Junction including asphalting of main road and development of footpath,BBMP,BBMP K R Puram Major Roads,Roads,Awarded,,,,16-02-2024 19:41:20
,62959,BBMP/2023-24/RD/WORK_INDENT1973,Comprehensive Development of Footpath and WhiteTopping for 8 Major Roads in BBMP West Zone and Major Roads in Rajarajeshwarinagara Zone Limit under Package-8,BBMP,BBMP Rajarajeshwarinagar Major Roads,Roads,Awarded,,ASHOK YAMANAWWA HOOLIKATTI,386604.80,08-02-2024 19:06:16
,62465,BBMP/2023-24/OW/WORK_INDENT1762,Improvements to roads in lakshmipuram Grave Yard in Wad no 113 Hoysalanagara,BBMP,BBMP CV Ramannagar East,Other Works,Awarded,,,,08-02-2024 15:35:10
,62661,BBMP/2023-24/OW/WORK_INDENT1985,Improvements to CC Roads at PSK Naidu road NC Colony in W- 108,BBMP,BBMP CV Ramannagar East,Other Works,Awarded,,,,08-02-2024 11:37:52
,60595,BBMP/2023-24/OW/WORK_INDENT1810,"Comprehensive Development of Roads, Footpath and drains in Sarvagnanagara Constituency",BBMP,BBMP Sarvagnanagar East,Other Works,Awarded,42079693.99,,,05-02-2024 15:59:57
,59708,BBMP/2023-24/RD/WORK_INDENT1725,Comprehensive Development of Selected Roads by Providing White Topping Under 2023-24 GoK Grants- Package - 5,BBMP,BBMP Project Central 2,Roads,Awarded,1102478189.29,,,02-02-2024 23:04:05
,59685,BBMP/2023-24/RD/WORK_INDENT1733,COMPREHENSIVE DEVELOPMENT OF SELECTED ROADS BY PROVIDING WHITE TOPPING UNDER GOK GRANTS 2023-24 PACKAGE-2,BBMP,BBMP Project Central 8,Roads,Awarded,1025488266.59,,,02-02-2024 21:39:32
,59522,BBMP/2023-24/RD/WORK_INDENT1689,Comprehensive development of roads by providing White Topping under 2023-24 GoK Grants -Package-6,BBMP,BBMP Project Central 3,Roads,Awarded,1407199999.98,GANGADHARA V,2858981.41,02-02-2024 20:14:52
,55986,BBMP/2023-24/RD/WORK_INDENT621/CALL-6,Providing Pothole filling to Chickpet Constituency roads for the year of 2023-24,BBMP,BBMP Chikpeth South,Roads,Awarded,,,,23-01-2024 14:48:50
,39688,BBMP/2023-24/RD/WORK_INDENT549/CALL-2,"Providing pothole filling to Banashankari Sub Division roads, Padmanabhanagara Constituency for the Year 2023-24.",BBMP,BBMP Padmanabhanagar South,Roads,Awarded,,,,05-12-2023 10:37:42
,36299,BBMP/2023-24/EL/WORK_INDENT818,Sub estimate work for Providing Street lighting to 100ft road Indiranagar from Old Madras road to 16th Main road Junction under East Zone.,BBMP,BBMP Electrical East,Electrical,Awarded,12661083.0,SREEKANTA C (1)( SREE SREEKANTESHWARA ELECTRICALS ),10604085.33,23-11-2023 17:40:52
,31129,BBMP/2023-24/RD/WORK_INDENT548/CALL-2,"Providing pothole filling to Padmanabhanagara Sub Division roads, Padmanabhanagara Constituency for the Year 2023-24.",BBMP,BBMP Padmanabhanagar South,Roads,Awarded,,SATISH S,5310511.36,04-11-2023 12:43:42
,25826,BBMP/2023-24/RD/WORK_INDENT550,"Filling of pot holes in new ward No.Rajeevnagara-46, Dr.Puneethrajkumar -47, Mahalakshmipuram-48, Nalwadikrishnaraja wodeyar-50 Shakthiganapathinagara-52 in Mahalakshmipuram sub division",BBMP,BBMP Mahalakshmipuram West,Roads,Awarded,7425106.27,B B Umesha,8539547.69,17-10-2023 16:34:51
,24624,BBMP/2023-24/RD/WORK_INDENT528,Pothole Filling works in ward limits of Mahadevapura Assembly Constituency,BBMP,BBMP Mahadevapura Division,Roads,Awarded,,VENKATESH MARAPPANAIDU SUBBADRAMMA,15431185.46,12-10-2023 15:46:52
